date,arrival
2006-01-01,1549
2006-01-02,1549
2006-01-03,1549
2006-01-04,2303
2006-01-05,1436
2006-01-06,2070
2006-01-07,2264
2006-01-08,2327.28313253012
2006-01-09,2352
2006-01-10,1598
2006-01-11,1589.43535400758
2006-01-12,1585.16212144824
2006-01-13,1584
2006-01-14,1687.44444444444
2006-01-15,1879.55555555556
2006-01-16,1983
2006-01-17,1579
2006-01-18,1532
2006-01-19,1574
2006-01-20,1438
2006-01-21,1408
2006-01-22,1422
2006-01-23,1448
2006-01-24,1462
2006-01-25,1360
2006-01-26,1919.5
2006-01-27,2479
2006-01-28,2287.0633040377
2006-01-29,1901.1266080754
2006-01-30,1606
2006-01-31,1490
2006-02-01,1349
2006-02-02,1403
2006-02-03,1921
2006-02-04,1265
2006-02-05,1360.5
2006-02-06,1456
2006-02-07,1029
2006-02-08,1198
2006-02-09,1198
2006-02-10,1198
2006-02-11,1724.2962962963
2006-02-12,2701.7037037037
2006-02-13,3228
2006-02-14,957
2006-02-15,1279
2006-02-16,1179
2006-02-17,1241.72672064777
2006-02-18,1377
2006-02-19,1684.77327935223
2006-02-20,1920
2006-02-21,1303
2006-02-22,1301
2006-02-23,1506
2006-02-24,1173
2006-02-25,1414
2006-02-26,1644.06067961165
2006-02-27,1770
2006-02-28,1366
2006-03-01,985
2006-03-02,1065
2006-03-03,1096
2006-03-04,1294
2006-03-05,1674.12946335352
2006-03-06,1935
2006-03-07,1335
2006-03-08,915
2006-03-09,899
2006-03-10,941
2006-03-11,1326.47319187771
2006-03-12,1971.56992927219
2006-03-13,2312
2006-03-14,2298
2006-03-15,1075
2006-03-16,1219
2006-03-17,1562
2006-03-18,1594
2006-03-19,1592.42073170732
2006-03-20,1587
2006-03-21,1412
2006-03-22,1522
2006-03-23,1252
2006-03-24,1094
2006-03-25,1405
2006-03-26,1634.2038973384
2006-03-27,1749
2006-03-28,1169
2006-03-29,1003
2006-03-30,1036.5
2006-03-31,1070
2006-04-01,933
2006-04-02,1367
2006-04-03,1801
2006-04-04,1240
2006-04-05,1458
2006-04-06,1656
2006-04-07,1740
2006-04-08,2209.18786659963
2006-04-09,2945.03837774426
2006-04-10,3328
2006-04-11,2932.5
2006-04-12,2537
2006-04-13,2829.7037037037
2006-04-14,3373.2962962963
2006-04-15,3666
2006-04-16,2740.18514944798
2006-04-17,1689
2006-04-18,1532
2006-04-19,1600
2006-04-20,1411
2006-04-21,1478
2006-04-22,1264
2006-04-23,1564.5
2006-04-24,1865
2006-04-25,1137
2006-04-26,1246
2006-04-27,1239
2006-04-28,1765
2006-04-29,2032
2006-04-30,2348.98606928748
2006-05-01,2662.27081242152
2006-05-02,2804
2006-05-03,1663
2006-05-04,1418
2006-05-05,1524
2006-05-06,1732
2006-05-07,1495
2006-05-08,1258
2006-05-09,7221
2006-05-10,1008
2006-05-11,773
2006-05-12,820
2006-05-13,1347.64012869137
2006-05-14,2247.37561990124
2006-05-15,2724
2006-05-16,1114
2006-05-17,1253
2006-05-18,956
2006-05-19,1083
2006-05-20,1493
2006-05-21,1899.53105590062
2006-05-22,2125
2006-05-23,1182
2006-05-24,1191
2006-05-25,1150.5
2006-05-26,1110
2006-05-27,1400
2006-05-28,1473.13829787234
2006-05-29,1500
2006-05-30,1011
2006-05-31,954
2006-06-01,930
2006-06-02,907
2006-06-03,950
2006-06-04,1077.83412483039
2006-06-05,1176
2006-06-06,930
2006-06-07,882
2006-06-08,1362
2006-06-09,1586
2006-06-10,2308.91160566289
2006-06-11,3320.011358387
2006-06-12,3832
2006-06-13,797
2006-06-14,768
2006-06-15,1014
2006-06-16,1090
2006-06-17,1436
2006-06-18,1597.34081060413
2006-06-19,1667
2006-06-20,871
2006-06-21,989.565127498277
2006-06-22,1189
2006-06-23,1353
2006-06-24,1352.42962962963
2006-06-25,1350.4637037037
2006-06-26,1346.72
2006-06-27,1340.8162962963
2006-06-28,1332.37037037037
2006-06-29,1321
2006-06-30,1213
2006-07-01,2282.96296296296
2006-07-02,4270.03703703704
2006-07-03,5340
2006-07-04,1017
2006-07-05,1117
2006-07-06,779
2006-07-07,1747
2006-07-08,2047.04879265535
2006-07-09,2236.80217410545
2006-07-10,2303
2006-07-11,1807.96222353537
2006-07-12,1248
2006-07-13,1167
2006-07-14,919
2006-07-15,967.481481481482
2006-07-16,1057.51851851852
2006-07-17,1106
2006-07-18,861
2006-07-19,900
2006-07-20,1384
2006-07-21,1437
2006-07-22,1458
2006-07-23,1340.74718309859
2006-07-24,1124
2006-07-25,889
2006-07-26,924
2006-07-27,832
2006-07-28,982
2006-07-29,1035
2006-07-30,1148.06965442765
2006-07-31,1228
2006-08-01,998
2006-08-02,933
2006-08-03,1178
2006-08-04,1547
2006-08-05,1709
2006-08-06,1693.4008908686
2006-08-07,1641
2006-08-08,561
2006-08-09,559
2006-08-10,853
2006-08-11,946
2006-08-12,1185.12528980695
2006-08-13,1498.84042268125
2006-08-14,1655
2006-08-15,1549.65363636364
2006-08-16,1334
2006-08-17,1019
2006-08-18,5318
2006-08-19,9617
2006-08-20,6187.53246240472
2006-08-21,2148
2006-08-22,1355
2006-08-23,1259
2006-08-24,1225
2006-08-25,1324
2006-08-26,968
2006-08-27,1092.5
2006-08-28,1217
2006-08-29,768
2006-08-30,756.367534769566
2006-08-31,753
2006-09-01,824
2006-09-02,1717
2006-09-03,2014.86744944798
2006-09-04,2436
2006-09-05,16976
2006-09-06,133
2006-09-07,1200
2006-09-08,1512
2006-09-09,2088.08249607868
2006-09-10,2764.37458137267
2006-09-11,3090
2006-09-12,1246
2006-09-13,720
2006-09-14,800
2006-09-15,1079.74768925006
2006-09-16,1463
2006-09-17,1868.92677345538
2006-09-18,2111
2006-09-19,1244
2006-09-20,1626
2006-09-21,2949.19281549494
2006-09-22,3999
2006-09-23,3739.68197312809
2006-09-24,3185.47505736729
2006-09-25,2672
2006-09-26,2325
2006-09-27,2383.33333333333
2006-09-28,2491.66666666667
2006-09-29,2550
2006-09-30,1972
2006-10-01,2559.48148148148
2006-10-02,3650.51851851852
2006-10-03,4238
2006-10-04,301
2006-10-05,3328
2006-10-06,3649
2006-10-07,4095.85125134534
2006-10-08,4566.64784789489
2006-10-09,4785
2006-10-10,4678
2006-10-11,3437
2006-10-12,3757
2006-10-13,3920
2006-10-14,4065.53443165153
2006-10-15,4193.82277138132
2006-10-16,4249
2006-10-17,4220.412
2006-10-18,4142.816
2006-10-19,4028.464
2006-10-20,3889.608
2006-10-21,3738.5
2006-10-22,3587.392
2006-10-23,3448.536
2006-10-24,3334.184
2006-10-25,3256.588
2006-10-26,3228
2006-10-27,5001
2006-10-28,5518
2006-10-29,5947.6218657996
2006-10-30,6432
2006-10-31,7226
2006-11-01,7798.43442700009
2006-11-02,8083
2006-11-03,6612
2006-11-04,5393
2006-11-05,4738.32736863881
2006-11-06,4443
2006-11-07,4655
2006-11-08,5678.85763077476
2006-11-09,6541
2006-11-10,5643
2006-11-11,5932.33333333333
2006-11-12,6469.66666666667
2006-11-13,6759
2006-11-14,4318
2006-11-15,3210
2006-11-16,3308
2006-11-17,3324
2006-11-18,2634
2006-11-19,3257.29450947174
2006-11-20,3899
2006-11-21,3920
2006-11-22,3735.18683718029
2006-11-23,3474
2006-11-24,3352
2006-11-25,2603
2006-11-26,3236.5
2006-11-27,3870
2006-11-28,2840
2006-11-29,2298
2006-11-30,2578.11709267228
2006-12-01,3032
2006-12-02,3441.31035376781
2006-12-03,3837.37739910613
2006-12-04,4015
2006-12-05,3010
2006-12-06,1896
2006-12-07,1928.65625
2006-12-08,2014.75
2006-12-09,2136.46875
2006-12-10,2276
2006-12-11,2415.53125
2006-12-12,2537.25
2006-12-13,2623.34375
2006-12-14,2656
2006-12-15,2425
2006-12-16,2833
2006-12-17,3052.76795636962
2006-12-18,3152
2006-12-19,2622
2006-12-20,1796
2006-12-21,1750.38658159785
2006-12-22,1726.74884635448
2006-12-23,1720
2006-12-24,2231
2006-12-25,3180
2006-12-26,3691
2006-12-27,2222
2006-12-28,2284.88888888889
2006-12-29,2442.11111111111
2006-12-30,2646.5
2006-12-31,2850.88888888889
2007-01-01,3008.11111111111
2007-01-02,3071
2007-01-03,1127
2007-01-04,1423
2007-01-05,1444.05495344413
2007-01-06,1457.24329195034
2007-01-07,1464.05998448138
2007-01-08,1466
2007-01-09,1190
2007-01-10,1250
2007-01-11,1464
2007-01-12,1447.71428571429
2007-01-13,1405.71428571429
2007-01-14,1348.28571428571
2007-01-15,1285.71428571429
2007-01-16,1228.28571428571
2007-01-17,1186.28571428571
2007-01-18,1170
2007-01-19,1220
2007-01-20,1618
2007-01-21,1706.39852008457
2007-01-22,1738
2007-01-23,1293
2007-01-24,528
2007-01-25,39
2007-01-26,167.110439210694
2007-01-27,446
2007-01-28,1103.38956078931
2007-01-29,1610
2007-01-30,1608.44188672352
2007-01-31,1603.73200210115
2007-02-01,1595.81702894347
2007-02-02,1584.64365006107
2007-02-03,1570.15854826456
2007-02-04,1552.30840636451
2007-02-05,1531.03990717153
2007-02-06,1506.2997334962
2007-02-07,1478.03456814911
2007-02-08,1446.19109394086
2007-02-09,1410.71599368203
2007-02-10,1371.55595018322
2007-02-11,1328.65764625502
2007-02-12,1281.96776470803
2007-02-13,1231.43298835282
2007-02-14,1177
2007-02-15,1039
2007-02-16,908.823328913232
2007-02-17,773.406245027385
2007-02-18,652.377496684924
2007-02-19,565.365832228308
2007-02-20,532
2007-02-21,728.25925925926
2007-02-22,1092.74074074074
2007-02-23,1289
2007-02-24,1073
2007-02-25,984.947555527297
2007-02-26,909.457772699477
2007-02-27,846.889257709865
2007-02-28,797.600616751786
2007-03-01,761.950456018566
2007-03-02,740.297381703529
2007-03-03,733
2007-03-04,802.535560012342
2007-03-05,954
2007-03-06,1221
2007-03-07,702
2007-03-08,568
2007-03-09,821
2007-03-10,839.966095564678
2007-03-11,847.108229351655
2007-03-12,853.446248462805
2007-03-13,870
2007-03-14,958
2007-03-15,1095.89722613916
2007-03-16,1297
2007-03-17,1650
2007-03-18,1602.7353944873
2007-03-19,1469.24856675237
2007-03-20,1262
2007-03-21,645
2007-03-22,867
2007-03-23,1080.11295971979
2007-03-24,1197
2007-03-25,1000.22222222222
2007-03-26,634.777777777778
2007-03-27,438
2007-03-28,710
2007-03-29,1021
2007-03-30,924
2007-03-31,1215.40740740741
2007-04-01,1756.59259259259
2007-04-02,2048
2007-04-03,1098
2007-04-04,862
2007-04-05,1270
2007-04-06,1899.54588570074
2007-04-07,2304
2007-04-08,2102.33333333333
2007-04-09,1680.66666666667
2007-04-10,1314
2007-04-11,1104
2007-04-12,951
2007-04-13,744
2007-04-14,1158.03703703704
2007-04-15,1926.96296296296
2007-04-16,2341
2007-04-17,1271
2007-04-18,1182
2007-04-19,1048
2007-04-20,1422
2007-04-21,1796
2007-04-22,1629.83259911894
2007-04-23,1336
2007-04-24,1056
2007-04-25,764
2007-04-26,710
2007-04-27,915
2007-04-28,947
2007-04-29,1455.37256195288
2007-04-30,2066
2007-05-01,2299.89739190117
2007-05-02,2404
2007-05-03,2040.25925925926
2007-05-04,1364.74074074074
2007-05-05,1001
2007-05-06,1268
2007-05-07,1535
2007-05-08,1235
2007-05-09,1043
2007-05-10,1275
2007-05-11,1002
2007-05-12,1434.44444444444
2007-05-13,2237.55555555556
2007-05-14,2670
2007-05-15,1036
2007-05-16,918
2007-05-17,1069
2007-05-18,1173
2007-05-19,1408.6946747159
2007-05-20,1705.7917818024
2007-05-21,1852
2007-05-22,1028
2007-05-23,895
2007-05-24,665
2007-05-25,791.40625
2007-05-26,1069.5
2007-05-27,1347.59375
2007-05-28,1474
2007-05-29,605
2007-05-30,723
2007-05-31,1242
2007-06-01,1037
2007-06-02,1575
2007-06-03,1607.26295968099
2007-06-04,1617
2007-06-05,720
2007-06-06,759
2007-06-07,1194
2007-06-08,1057
2007-06-09,1530.92592592593
2007-06-10,2411.07407407407
2007-06-11,2885
2007-06-12,1025
2007-06-13,961
2007-06-14,798
2007-06-15,820
2007-06-16,857
2007-06-17,1452.34087177803
2007-06-18,2016
2007-06-19,1421
2007-06-20,1229
2007-06-21,1322
2007-06-22,627
2007-06-23,542
2007-06-24,939.162841371296
2007-06-25,1413
2007-06-26,1514
2007-06-27,1109
2007-06-28,1151
2007-06-29,905
2007-06-30,1203
2007-07-01,1384.6375369723
2007-07-02,1470
2007-07-03,559
2007-07-04,988
2007-07-05,1140
2007-07-06,1233
2007-07-07,1473
2007-07-08,1598.88676499997
2007-07-09,1690.55449361109
2007-07-10,1726
2007-07-11,683
2007-07-12,1566
2007-07-13,1407
2007-07-14,1620.62962962963
2007-07-15,2017.37037037037
2007-07-16,2231
2007-07-17,623
2007-07-18,752
2007-07-19,1112
2007-07-20,1261
2007-07-21,701
2007-07-22,836.210570469799
2007-07-23,1029
2007-07-24,1122
2007-07-25,1003
2007-07-26,777
2007-07-27,802
2007-07-28,828
2007-07-29,1149.14042473497
2007-07-30,1639
2007-07-31,2004
2007-08-01,760
2007-08-02,479.8653035223
2007-08-03,272.358466462588
2007-08-04,131.518977641725
2007-08-05,51.386325880575
2007-08-06,26
2007-08-07,579.489312657167
2007-08-08,1163
2007-08-09,1198
2007-08-10,1288
2007-08-11,1726.82485642263
2007-08-12,2399.02353932242
2007-08-13,2747
2007-08-14,1703
2007-08-15,1752
2007-08-16,1801
2007-08-17,1116
2007-08-18,1277.51851851852
2007-08-19,1577.48148148148
2007-08-20,1739
2007-08-21,1666
2007-08-22,1674
2007-08-23,1922
2007-08-24,725
2007-08-25,1297
2007-08-26,1865.46820809249
2007-08-27,2181
2007-08-28,1772
2007-08-29,1638
2007-08-30,2156
2007-08-31,2080
2007-09-01,2074
2007-09-02,2225
2007-09-03,2376
2007-09-04,1715
2007-09-05,1878
2007-09-06,2503
2007-09-07,2576
2007-09-08,2623.71560574949
2007-09-09,2665.35831622177
2007-09-10,2694.82186858316
2007-09-11,2706
2007-09-12,2500
2007-09-13,3020
2007-09-14,2861
2007-09-15,2730.18162978734
2007-09-16,2602.40717606135
2007-09-17,2408
2007-09-18,1932
2007-09-19,1642
2007-09-20,2481
2007-09-21,3525
2007-09-22,3923
2007-09-23,4101.71159452792
2007-09-24,4178
2007-09-25,3972
2007-09-26,3329
2007-09-27,4797
2007-09-28,4487
2007-09-29,5770
2007-09-30,6373.04873379906
2007-10-01,6882
2007-10-02,7746.81185770751
2007-10-03,8300
2007-10-04,6971
2007-10-05,7694
2007-10-06,8274
2007-10-07,7650
2007-10-08,7026
2007-10-09,7534
2007-10-10,10438.8613624063
2007-10-11,15011.9862367587
2007-10-12,17394
2007-10-13,14354.7037037037
2007-10-14,8710.2962962963
2007-10-15,5671
2007-10-16,6143
2007-10-17,7845
2007-10-18,5403
2007-10-19,8111
2007-10-20,7839.04044703235
2007-10-21,7155.30311628692
2007-10-22,6258
2007-10-23,4768
2007-10-24,5439
2007-10-25,4575
2007-10-26,4068
2007-10-27,4434
2007-10-28,5134.60455111514
2007-10-29,5615
2007-10-30,4096
2007-10-31,4059
2007-11-01,5445.5
2007-11-02,6832
2007-11-03,5902
2007-11-04,6718.5
2007-11-05,7535
2007-11-06,4201
2007-11-07,4396
2007-11-08,4019.39237668161
2007-11-09,3532
2007-11-10,3322.82095997343
2007-11-11,3166.46603554227
2007-11-12,3105
2007-11-13,3248
2007-11-14,3425
2007-11-15,3395
2007-11-16,3427
2007-11-17,4677
2007-11-18,4712.64662756598
2007-11-19,4723
2007-11-20,4515
2007-11-21,4240
2007-11-22,3635
2007-11-23,2557
2007-11-24,1560
2007-11-25,2222.04705207022
2007-11-26,3241
2007-11-27,3878
2007-11-28,4031
2007-11-29,4004
2007-11-30,3960
2007-12-01,3572
2007-12-02,3349.38298504356
2007-12-03,3074
2007-12-04,2173
2007-12-05,3170
2007-12-06,3190
2007-12-07,3915
2007-12-08,4930.20877280456
2007-12-09,6002.3266086245
2007-12-10,6500
2007-12-11,2070
2007-12-12,2556
2007-12-13,2798
2007-12-14,3180
2007-12-15,2640
2007-12-16,3161.45522908999
2007-12-17,3843
2007-12-18,4076
2007-12-19,2653
2007-12-20,2611
2007-12-21,2041.18442622951
2007-12-22,1507
2007-12-23,1517.18603515625
2007-12-24,1545.97265625
2007-12-25,1590.70263671875
2007-12-26,1648.71875
2007-12-27,1717.36376953125
2007-12-28,1793.98046875
2007-12-29,1875.91162109375
2007-12-30,1960.5
2007-12-31,2045.08837890625
2008-01-01,2127.01953125
2008-01-02,2203.63623046875
2008-01-03,2272.28125
2008-01-04,2330.29736328125
2008-01-05,2375.02734375
2008-01-06,2403.81396484375
2008-01-07,2414
2008-01-08,1966
2008-01-09,1451
2008-01-10,1265
2008-01-11,1884.53125
2008-01-12,3247.5
2008-01-13,4610.46875
2008-01-14,5230
2008-01-15,3480.53539556803
2008-01-16,1564
2008-01-17,1362
2008-01-18,1483
2008-01-19,1788.18152799438
2008-01-20,2186.2018751083
2008-01-21,2384
2008-01-22,1183
2008-01-23,1445
2008-01-24,1533
2008-01-25,2179
2008-01-26,2507.74777801106
2008-01-27,2744.87388900553
2008-01-28,2836
2008-01-29,1844
2008-01-30,1674.26977733702
2008-01-31,1540.08444131275
2008-02-01,1438.00596161942
2008-02-02,1364.59630794926
2008-02-03,1316.41744999449
2008-02-04,1290.03135744733
2008-02-05,1282
2008-02-06,1396.66666666667
2008-02-07,1683.33333333333
2008-02-08,2056
2008-02-09,2428.66666666667
2008-02-10,2715.33333333333
2008-02-11,2830
2008-02-12,949
2008-02-13,1104
2008-02-14,925
2008-02-15,864
2008-02-16,1378
2008-02-17,1742.08665105386
2008-02-18,1922
2008-02-19,1278
2008-02-20,1265
2008-02-21,1152
2008-02-22,1547
2008-02-23,1694
2008-02-24,1533.6719463905
2008-02-25,1200
2008-02-26,688
2008-02-27,699
2008-02-28,946
2008-02-29,1087
2008-03-01,1514
2008-03-02,1633.87886111766
2008-03-03,1679
2008-03-04,1602
2008-03-05,1928
2008-03-06,2254
2008-03-07,2217.10013717421
2008-03-08,2118.2085048011
2008-03-09,1975.03703703704
2008-03-10,1805.29766803841
2008-03-11,1626.70233196159
2008-03-12,1456.96296296296
2008-03-13,1313.7914951989
2008-03-14,1214.89986282579
2008-03-15,1178
2008-03-16,1349.66179159049
2008-03-17,1581
2008-03-18,1671
2008-03-19,1562
2008-03-20,1690.752
2008-03-21,1997.776
2008-03-22,2364.224
2008-03-23,2671.248
2008-03-24,2800
2008-03-25,593
2008-03-26,631
2008-03-27,1279
2008-03-28,1500
2008-03-29,1434
2008-03-30,1811
2008-03-31,2188
2008-04-01,1334
2008-04-02,1273
2008-04-03,1800
2008-04-04,1825
2008-04-05,1236
2008-04-06,1382.22222222222
2008-04-07,1653.77777777778
2008-04-08,1800
2008-04-09,1000
2008-04-10,1395
2008-04-11,958
2008-04-12,1780.96875
2008-04-13,3591.5
2008-04-14,5402.03125
2008-04-15,6225
2008-04-16,1069
2008-04-17,1286
2008-04-18,1619.23445537911
2008-04-19,1833
2008-04-20,1611.4081237911
2008-04-21,1247
2008-04-22,967
2008-04-23,574
2008-04-24,1014
2008-04-25,1080
2008-04-26,1298.19390886457
2008-04-27,1605.26362109895
2008-04-28,1761
2008-04-29,1460
2008-04-30,1033
2008-05-01,1116.78134295273
2008-05-02,1324.11824146101
2008-05-03,1589
2008-05-04,2115.41265584485
2008-05-05,2506
2008-05-06,2477.23591284748
2008-05-07,2398.36664162284
2008-05-08,2280.52667167543
2008-05-09,2134.85048835462
2008-05-10,1972.47257700977
2008-05-11,1804.52742299023
2008-05-12,1642.14951164538
2008-05-13,1496.47332832457
2008-05-14,1378.63335837716
2008-05-15,1299.76408715252
2008-05-16,1271
2008-05-17,1701
2008-05-18,1696.52701775032
2008-05-19,1680.7207021673
2008-05-20,1650
2008-05-21,994
2008-05-22,883
2008-05-23,741
2008-05-24,756
2008-05-25,955.166258400855
2008-05-26,1299.24979586709
2008-05-27,1482
2008-05-28,1286.4682651622
2008-05-29,1079
2008-05-30,1065
2008-05-31,1075
2008-06-01,1428.8993006993
2008-06-02,1774
2008-06-03,1359
2008-06-04,944
2008-06-05,958
2008-06-06,1298
2008-06-07,1876.36479288087
2008-06-08,2535.01572977377
2008-06-09,2849
2008-06-10,1409
2008-06-11,1102.59599117323
2008-06-12,994
2008-06-13,1032.896
2008-06-14,1125.648
2008-06-15,1236.352
2008-06-16,1329.104
2008-06-17,1368
2008-06-18,955
2008-06-19,1215
2008-06-20,1256
2008-06-21,1061
2008-06-22,1158
2008-06-23,1255
2008-06-24,972
2008-06-25,1234
2008-06-26,1150
2008-06-27,1488
2008-06-28,1372
2008-06-29,1392
2008-06-30,1412
2008-07-01,1336
2008-07-02,1491
2008-07-03,1361
2008-07-04,1354.96333204334
2008-07-05,1353.12770897833
2008-07-06,1351.22823142415
2008-07-07,1345
2008-07-08,1028
2008-07-09,1083.03288335064
2008-07-10,1224.73243336795
2008-07-11,1418
2008-07-12,1908.37867774316
2008-07-13,2601.85600553825
2008-07-14,2954
2008-07-15,965
2008-07-16,1043
2008-07-17,1161
2008-07-18,880
2008-07-19,760
2008-07-20,1111.75839267548
2008-07-21,1492
2008-07-22,1526
2008-07-23,1151
2008-07-24,1518
2008-07-25,1010
2008-07-26,1059
2008-07-27,1025
2008-07-28,991
2008-07-29,1018.66386247257
2008-07-30,1093
2008-07-31,1371
2008-08-01,1276.49479166667
2008-08-02,1181
2008-08-03,1180.06555974663
2008-08-04,1179
2008-08-05,853
2008-08-06,903
2008-08-07,936
2008-08-08,1511
2008-08-09,2340.76630550244
2008-08-10,3227.54981941789
2008-08-11,3641
2008-08-12,1009
2008-08-13,1417
2008-08-14,1520
2008-08-15,1456.05080074875
2008-08-16,1300.21880199667
2008-08-17,1106.52740224626
2008-08-18,929
2008-08-19,775
2008-08-20,704
2008-08-21,1040
2008-08-22,1117
2008-08-23,1497
2008-08-24,1974.77676620539
2008-08-25,2262
2008-08-26,1663
2008-08-27,1614
2008-08-28,2056
2008-08-29,2186
2008-08-30,1723
2008-08-31,1608.99480939736
2008-09-01,1516
2008-09-02,1321
2008-09-03,1450.45319465082
2008-09-04,1664
2008-09-05,1828.88013868252
2008-09-06,1994
2008-09-07,2208.66666666667
2008-09-08,2339
2008-09-09,2312
2008-09-10,2272.91632050567
2008-09-11,2222.79773638223
2008-09-12,2163.67923703291
2008-09-13,2097.59581186094
2008-09-14,2026.58245026957
2008-09-15,1952.67414166202
2008-09-16,1877.90587544153
2008-09-17,1804.31264101134
2008-09-18,1733.92942777468
2008-09-19,1668.79122513478
2008-09-20,1610.93302249489
2008-09-21,1562.38980925823
2008-09-22,1525.19657482804
2008-09-23,1501.38830860755
2008-09-24,1493
2008-09-25,2328
2008-09-26,2551
2008-09-27,2928
2008-09-28,2540.96875
2008-09-29,1689.5
2008-09-30,838.03125
2008-10-01,451
2008-10-02,3329
2008-10-03,6207
2008-10-04,5859.03125
2008-10-05,5093.5
2008-10-06,4327.96875
2008-10-07,3980
2008-10-08,4488.81481481481
2008-10-09,5760.85185185185
2008-10-10,7414.5
2008-10-11,9068.14814814815
2008-10-12,10340.1851851852
2008-10-13,10849
2008-10-14,7263
2008-10-15,6670.97566030857
2008-10-16,6173
2008-10-17,4678
2008-10-18,3142
2008-10-19,3621.11111111111
2008-10-20,4510.88888888889
2008-10-21,4990
2008-10-22,4203.5
2008-10-23,3417
2008-10-24,3657.344
2008-10-25,4230.472
2008-10-26,4914.528
2008-10-27,5487.656
2008-10-28,5728
2008-10-29,4353
2008-10-30,2978
2008-10-31,3557.375
2008-11-01,4832
2008-11-02,6106.625
2008-11-03,6686
2008-11-04,5187
2008-11-05,4605
2008-11-06,4745.40776699029
2008-11-07,5053
2008-11-08,5796.86767349874
2008-11-09,6828.04494786048
2008-11-10,7349
2008-11-11,2758
2008-11-12,2663
2008-11-13,2917.904
2008-11-14,3525.752
2008-11-15,4251.248
2008-11-16,4859.096
2008-11-17,5114
2008-11-18,4685.25
2008-11-19,3742
2008-11-20,2798.75
2008-11-21,2370
2008-11-22,2856
2008-11-23,2974.09615457617
2008-11-24,3045.21474395475
2008-11-25,3069
2008-11-26,3030.65456485193
2008-11-27,2943
2008-11-28,2677.37097908315
2008-11-29,2221.19087029613
2008-11-30,1789.66532636105
2008-12-01,1598
2008-12-02,2191
2008-12-03,2196
2008-12-04,2705
2008-12-05,2880.09900445952
2008-12-06,3022.86005904152
2008-12-07,3133.50692481628
2008-12-08,3212.26336285409
2008-12-09,3259.35313422524
2008-12-10,3275
2008-12-11,2989.19563015483
2008-12-12,2677
2008-12-13,2626.6141663583
2008-12-14,2580.8533994013
2008-12-15,2539.46523822323
2008-12-16,2502.19722191836
2008-12-17,2468.79688958091
2008-12-18,2439.01178030513
2008-12-19,2412.58943318528
2008-12-20,2389.27738731558
2008-12-21,2368.82318179029
2008-12-22,2350.97435570366
2008-12-23,2335.47844814991
2008-12-24,2322.0829982233
2008-12-25,2310.53554501807
2008-12-26,2300.58362762847
2008-12-27,2291.97478514874
2008-12-28,2284.45655667312
2008-12-29,2277.77648129586
2008-12-30,2271.6820981112
2008-12-31,2265.92094621338
2009-01-01,2260.24056469666
2009-01-02,2254.38849265527
2009-01-03,2248.11226918345
2009-01-04,2241.15943337546
2009-01-05,2233.27752432553
2009-01-06,2224.21408112791
2009-01-07,2213.71664287684
2009-01-08,2201.53274866657
2009-01-09,2187.40993759134
2009-01-10,2171.0957487454
2009-01-11,2152.33772122299
2009-01-12,2130.88339411835
2009-01-13,2106.48030652572
2009-01-14,2078.87599753936
2009-01-15,2047.8180062535
2009-01-16,2013.05387176239
2009-01-17,1974.33113316028
2009-01-18,1931.3973295414
2009-01-19,1884
2009-01-20,1693.90522393871
2009-01-21,1392.95261196935
2009-01-22,1236
2009-01-23,1328.664
2009-01-24,1549.632
2009-01-25,1813.368
2009-01-26,2034.336
2009-01-27,2127
2009-01-28,1692
2009-01-29,1442
2009-01-30,1513
2009-01-31,1584
2009-02-01,1540.736
2009-02-02,1437.568
2009-02-03,1314.432
2009-02-04,1211.264
2009-02-05,1168
2009-02-06,1262
2009-02-07,1229.65625
2009-02-08,1158.5
2009-02-09,1087.34375
2009-02-10,1055
2009-02-11,1202.33333333333
2009-02-12,1570.66666666667
2009-02-13,2049.5
2009-02-14,2528.33333333333
2009-02-15,2896.66666666667
2009-02-16,3044
2009-02-17,2743.84375
2009-02-18,2083.5
2009-02-19,1423.15625
2009-02-20,1123
2009-02-21,1240.03125
2009-02-22,1497.5
2009-02-23,1754.96875
2009-02-24,1872
2009-02-25,963
2009-02-26,1245
2009-02-27,1001
2009-02-28,1540
2009-03-01,1717.50202812331
2009-03-02,1787
2009-03-03,1097
2009-03-04,1084
2009-03-05,1383
2009-03-06,1375.22729799039
2009-03-07,1353.21344228088
2009-03-08,1318.91480835048
2009-03-09,1274.28777167819
2009-03-10,1221.28870774301
2009-03-11,1161.87399202395
2009-03-12,1098
2009-03-13,995
2009-03-14,996.740400827713
2009-03-15,1002.72440220723
2009-03-16,1014.09620248314
2009-03-17,1032
2009-03-18,1222
2009-03-19,1451
2009-03-20,993
2009-03-21,974.080352233181
2009-03-22,961.984046310586
2009-03-23,955.012299687865
2009-03-24,951.466329820671
2009-03-25,949.647354164653
2009-03-26,947.856590175463
2009-03-27,944.395255308751
2009-03-28,937.564567020169
2009-03-29,925.665742765369
2009-03-30,907
2009-03-31,578
2009-04-01,830
2009-04-02,1057
2009-04-03,1409.85087658034
2009-04-04,1646
2009-04-05,1655.93731923016
2009-04-06,1666
2009-04-07,2153.39847715736
2009-04-08,2631
2009-04-09,2602.59951815893
2009-04-10,2521.46097889713
2009-04-11,2393.67874160667
2009-04-12,2225.34716567964
2009-04-13,2022.56061050813
2009-04-14,1791.41343548422
2009-04-15,1538
2009-04-16,1094
2009-04-17,1289
2009-04-18,1506.85043319653
2009-04-19,1716.92521659827
2009-04-20,1811
2009-04-21,1516
2009-04-22,1221
2009-04-23,1221.59027777778
2009-04-24,1223.22222222222
2009-04-25,1225.6875
2009-04-26,1228.77777777778
2009-04-27,1232.28472222222
2009-04-28,1236
2009-04-29,1239.71527777778
2009-04-30,1243.22222222222
2009-05-01,1246.3125
2009-05-02,1248.77777777778
2009-05-03,1250.40972222222
2009-05-04,1251
2009-05-05,879
2009-05-06,1280
2009-05-07,1150.5
2009-05-08,1021
2009-05-09,1030.128
2009-05-10,1054.904
2009-05-11,1091.416
2009-05-12,1135.752
2009-05-13,1184
2009-05-14,1232.248
2009-05-15,1276.584
2009-05-16,1313.096
2009-05-17,1337.872
2009-05-18,1347
2009-05-19,773
2009-05-20,1091
2009-05-21,1063.5
2009-05-22,1036
2009-05-23,1225
2009-05-24,1564.50137867647
2009-05-25,1793
2009-05-26,1222
2009-05-27,1242
2009-05-28,1104
2009-05-29,919
2009-05-30,953
2009-05-31,1125.06498388829
2009-06-01,1271
2009-06-02,1041
2009-06-03,1051
2009-06-04,1110
2009-06-05,877
2009-06-06,1115.77777777778
2009-06-07,1559.22222222222
2009-06-08,1798
2009-06-09,843
2009-06-10,827
2009-06-11,997.010510255976
2009-06-12,1333
2009-06-13,1881.87020398938
2009-06-14,2553.43510199469
2009-06-15,2881
2009-06-16,973
2009-06-17,990
2009-06-18,961
2009-06-19,988.567700987306
2009-06-20,1058
2009-06-21,1384.93229901269
2009-06-22,1670
2009-06-23,1199
2009-06-24,1390
2009-06-25,1203
2009-06-26,1245
2009-06-27,742
2009-06-28,771.252155172414
2009-06-29,854
2009-06-30,1248
2009-07-01,1033
2009-07-02,1145
2009-07-03,1288
2009-07-04,1268.625
2009-07-05,1226
2009-07-06,1183.375
2009-07-07,1164
2009-07-08,1339
2009-07-09,1422.88359822824
2009-07-10,1515
2009-07-11,1883.05683901724
2009-07-12,2421.97286395306
2009-07-13,2698
2009-07-14,1949.63040570664
2009-07-15,1102
2009-07-16,978
2009-07-17,1122.84375
2009-07-18,1441.5
2009-07-19,1760.15625
2009-07-20,1905
2009-07-21,1625.11589403974
2009-07-22,1205
2009-07-23,963
2009-07-24,987
2009-07-25,1115
2009-07-26,1203.01652845165
2009-07-27,1273.2860420036
2009-07-28,1302
2009-07-29,1052
2009-07-30,1531
2009-07-31,1222
2009-08-01,1627
2009-08-02,1514.55053908356
2009-08-03,1360
2009-08-04,1295
2009-08-05,1201
2009-08-06,1220
2009-08-07,1705
2009-08-08,1688.984
2009-08-09,1650.792
2009-08-10,1605.208
2009-08-11,1567.016
2009-08-12,1551
2009-08-13,1741
2009-08-14,2512
2009-08-15,2965.4923086058
2009-08-16,3308.30170985846
2009-08-17,3444
2009-08-18,2709.03519403333
2009-08-19,1891
2009-08-20,1789
2009-08-21,2139
2009-08-22,2024.92592592593
2009-08-23,1813.07407407407
2009-08-24,1699
2009-08-25,1702.29412528669
2009-08-26,1711.68882680423
2009-08-27,1726.45259303883
2009-08-28,1745.85391247669
2009-08-29,1769.16127360402
2009-08-30,1795.64316490702
2009-08-31,1824.5680748719
2009-09-01,1855.20449198487
2009-09-02,1886.82090473213
2009-09-03,1918.68580159989
2009-09-04,1950.06767107435
2009-09-05,1980.23500164171
2009-09-06,2008.4562817882
2009-09-07,2034
2009-09-08,2056.32037138808
2009-09-09,2075.64491140859
2009-09-10,2092.40205906556
2009-09-11,2107.020253363
2009-09-12,2119.92793330494
2009-09-13,2131.55353789539
2009-09-14,2142.32550613836
2009-09-15,2152.67227703789
2009-09-16,2163.02228959798
2009-09-17,2173.80398282265
2009-09-18,2185.44579571593
2009-09-19,2198.37616728184
2009-09-20,2213.02353652438
2009-09-21,2229.81634244758
2009-09-22,2249.18302405547
2009-09-23,2271.55202035204
2009-09-24,2297.35177034134
2009-09-25,2327.01071302737
2009-09-26,2360.95728741415
2009-09-27,2399.6199325057
2009-09-28,2443.42708730605
2009-09-29,2492.8071908192
2009-09-30,2548.18868204918
2009-10-01,2610
2009-10-02,3932.187172776
2009-10-03,5919
2009-10-04,7472.60508830215
2009-10-05,8329
2009-10-06,5868
2009-10-07,4174
2009-10-08,3860
2009-10-09,4003
2009-10-10,5631.26028540547
2009-10-11,8411.07458714718
2009-10-12,9884
2009-10-13,4018
2009-10-14,4315
2009-10-15,6044
2009-10-16,3829
2009-10-17,3601.37309545281
2009-10-18,3510.68687664458
2009-10-19,3430.15721951406
2009-10-20,3233
2009-10-21,2343
2009-10-22,4168
2009-10-23,5555
2009-10-24,4998
2009-10-25,5310.5
2009-10-26,5623
2009-10-27,4472
2009-10-28,3843
2009-10-29,3817
2009-10-30,2669
2009-10-31,3341
2009-11-01,3789.05913113435
2009-11-02,4006
2009-11-03,3589
2009-11-04,3052
2009-11-05,4285
2009-11-06,5518
2009-11-07,5027.51111224357
2009-11-08,3988.80000226492
2009-11-09,3051
2009-11-10,2458
2009-11-11,2356
2009-11-12,2821
2009-11-13,3152
2009-11-14,3959.71069007152
2009-11-15,5002.35534503576
2009-11-16,5519
2009-11-17,1842
2009-11-18,2276.75197810893
2009-11-19,2893
2009-11-20,3184
2009-11-21,3184
2009-11-22,3694
2009-11-23,4204
2009-11-24,3281.5
2009-11-25,2359
2009-11-26,2740
2009-11-27,2755
2009-11-28,3040.9070319502
2009-11-29,3545.73129375288
2009-11-30,3815
2009-12-01,3193
2009-12-02,3509
2009-12-03,3636
2009-12-04,2924
2009-12-05,2562
2009-12-06,2010.71359223301
2009-12-07,1658
2009-12-08,3434
2009-12-09,3101
2009-12-10,1975
2009-12-11,1912
2009-12-12,2568.44444444444
2009-12-13,3787.55555555556
2009-12-14,4444
2009-12-15,2397
2009-12-16,1894
2009-12-17,1151
2009-12-18,995
2009-12-19,1480
2009-12-20,1740.14042445037
2009-12-21,1865
2009-12-22,1876
2009-12-23,1604
2009-12-24,1321
2009-12-25,2214.5
2009-12-26,3108
2009-12-27,3056.32830520477
2009-12-28,2893.76772152065
2009-12-29,2609
2009-12-30,966
2009-12-31,1255
2010-01-01,2138
2010-01-02,2075
2010-01-03,2279
2010-01-04,2483
2010-01-05,1815
2010-01-06,1599
2010-01-07,1283
2010-01-08,1313
2010-01-09,2241.55542176734
2010-01-10,3913.111044217
2010-01-11,4808
2010-01-12,2794
2010-01-13,1885
2010-01-14,1359.23599062783
2010-01-15,914
2010-01-16,413
2010-01-17,667.162740294007
2010-01-18,1063
2010-01-19,1320
2010-01-20,1064
2010-01-21,1125
2010-01-22,641
2010-01-23,2864
2010-01-24,2576.15212689257
2010-01-25,2116
2010-01-26,1710.34787310743
2010-01-27,1477
2010-01-28,1626
2010-01-29,1902
2010-01-30,2207
2010-01-31,1921.5
2010-02-01,1636
2010-02-02,2035
2010-02-03,2434
2010-02-04,1155
2010-02-05,1556
2010-02-06,1446
2010-02-07,1534.5
2010-02-08,1623
2010-02-09,1385
2010-02-10,929
2010-02-11,1224
2010-02-12,1915.79823530055
2010-02-13,2930.57065360049
2010-02-14,3847.80774510018
2010-02-15,4247
2010-02-16,1073
2010-02-17,1239
2010-02-18,1336
2010-02-19,1086
2010-02-20,1384
2010-02-21,1574.22565320665
2010-02-22,1665
2010-02-23,1040
2010-02-24,1005.35311215941
2010-02-25,981.444730215925
2010-02-26,965.561128199406
2010-02-27,954.988580139702
2010-02-28,947.013360066665
2010-03-01,938.921742010147
2010-03-02,928
2010-03-03,916
2010-03-04,834
2010-03-05,1144
2010-03-06,1309
2010-03-07,1794.77941176471
2010-03-08,2167
2010-03-09,1942
2010-03-10,1780
2010-03-11,1660
2010-03-12,1583
2010-03-13,2088.81481481482
2010-03-14,3028.18518518518
2010-03-15,3534
2010-03-16,2756.81318526848
2010-03-17,1626
2010-03-18,1040
2010-03-19,716
2010-03-20,1197
2010-03-21,1123.77022058824
2010-03-22,1029
2010-03-23,998
2010-03-24,1244
2010-03-25,1376
2010-03-26,1894
2010-03-27,1366
2010-03-28,1622
2010-03-29,1878
2010-03-30,1395
2010-03-31,1123
2010-04-01,1301
2010-04-02,2161.39950796877
2010-04-03,2886
2010-04-04,2342.77559576346
2010-04-05,1647
2010-04-06,1430
2010-04-07,1671
2010-04-08,1692.99901928242
2010-04-09,1713
2010-04-10,2454.27240143369
2010-04-11,3790.46953405018
2010-04-12,4506
2010-04-13,1460
2010-04-14,2089.5
2010-04-15,2719
2010-04-16,1676
2010-04-17,1160
2010-04-18,1593.5
2010-04-19,2027
2010-04-20,1201
2010-04-21,1291
2010-04-22,1136
2010-04-23,1553
2010-04-24,1224
2010-04-25,1450
2010-04-26,1676
2010-04-27,1162
2010-04-28,1761
2010-04-29,1156
2010-04-30,2009
2010-05-01,2496.04123556755
2010-05-02,2860.57617333933
2010-05-03,3004
2010-05-04,1767
2010-05-05,1546
2010-05-06,1400
2010-05-07,1580
2010-05-08,2055.4452481945
2010-05-09,2684.2781796528
2010-05-10,2998
2010-05-11,1476
2010-05-12,1032
2010-05-13,1055
2010-05-14,1114
2010-05-15,1713
2010-05-16,1572.15916955017
2010-05-17,1310
2010-05-18,1020
2010-05-19,790
2010-05-20,1030
2010-05-21,1715
2010-05-22,2072
2010-05-23,2303.16458607096
2010-05-24,2414
2010-05-25,1246
2010-05-26,1360
2010-05-27,1265
2010-05-28,1622
2010-05-29,1561
2010-05-30,1668.5
2010-05-31,1776
2010-06-01,1264
2010-06-02,1790
2010-06-03,1093
2010-06-04,1345
2010-06-05,1581
2010-06-06,1868.20919100048
2010-06-07,2039
2010-06-08,1179
2010-06-09,1089
2010-06-10,1147
2010-06-11,841
2010-06-12,1253.74074074074
2010-06-13,2020.25925925926
2010-06-14,2433
2010-06-15,1357
2010-06-16,1010
2010-06-17,1222
2010-06-18,1483
2010-06-19,1712
2010-06-20,2096.99527551223
2010-06-21,2351
2010-06-22,1473
2010-06-23,1638
2010-06-24,1381
2010-06-25,1150
2010-06-26,1496
2010-06-27,1228
2010-06-28,960
2010-06-29,1119
2010-06-30,1243
2010-07-01,1392
2010-07-02,1414.04343331571
2010-07-03,1435
2010-07-04,1829.98927814868
2010-07-05,2522.88352796323
2010-07-06,2892
2010-07-07,1102
2010-07-08,1427
2010-07-09,1981
2010-07-10,2568.36085736241
2010-07-11,3122.90265090343
2010-07-12,3369
2010-07-13,1086
2010-07-14,1311
2010-07-15,887
2010-07-16,1276
2010-07-17,1368
2010-07-18,1536.20130475303
2010-07-19,1650
2010-07-20,1271
2010-07-21,1223
2010-07-22,1380
2010-07-23,1514
2010-07-24,1420
2010-07-25,1401.85668862139
2010-07-26,1380
2010-07-27,850
2010-07-28,820
2010-07-29,1180
2010-07-30,1666
2010-07-31,1818
2010-08-01,2042.63864306785
2010-08-02,2185
2010-08-03,1326
2010-08-04,1137
2010-08-05,1199
2010-08-06,1272
2010-08-07,1269
2010-08-08,1403
2010-08-09,1537
2010-08-10,1455
2010-08-11,1538
2010-08-12,1711
2010-08-13,1705
2010-08-14,2411.48148148148
2010-08-15,3723.51851851852
2010-08-16,4430
2010-08-17,1836
2010-08-18,1891
2010-08-19,2024
2010-08-20,2072
2010-08-21,1521
2010-08-22,1897
2010-08-23,2273
2010-08-24,1296
2010-08-25,1212
2010-08-26,1506
2010-08-27,1560
2010-08-28,1616
2010-08-29,1938.43049522155
2010-08-30,2217
2010-08-31,1616
2010-09-01,2051
2010-09-02,1714
2010-09-03,1775
2010-09-04,1974.3945267959
2010-09-05,2254.19726339795
2010-09-06,2396
2010-09-07,2214
2010-09-08,2234
2010-09-09,2609
2010-09-10,2566.18075801749
2010-09-11,2455.75218658892
2010-09-12,2304.75801749271
2010-09-13,2140.24198250729
2010-09-14,1989.24781341108
2010-09-15,1878.81924198251
2010-09-16,1836
2010-09-17,2003.29762481823
2010-09-18,2368
2010-09-19,3232.20237518177
2010-09-20,3899
2010-09-21,3309
2010-09-22,2933
2010-09-23,3281
2010-09-24,2442
2010-09-25,4716
2010-09-26,4647.58353672066
2010-09-27,4432
2010-09-28,2356
2010-09-29,1639
2010-09-30,2194
2010-10-01,489
2010-10-02,821.3204385934
2010-10-03,1685.0813157802
2010-10-04,2880.4819736703
2010-10-05,4207.7217543736
2010-10-06,5467
2010-10-07,6957.85223719105
2010-10-08,8109
2010-10-09,8537.72073038239
2010-10-10,8831.80480963564
2010-10-11,8941
2010-10-12,4608
2010-10-13,4390
2010-10-14,4775
2010-10-15,4008
2010-10-16,4361.37037037037
2010-10-17,5017.62962962963
2010-10-18,5371
2010-10-19,4924.5
2010-10-20,4478
2010-10-21,5182
2010-10-22,8287.89545334391
2010-10-23,10865
2010-10-24,8775.99529797126
2010-10-25,5753
2010-10-26,4216
2010-10-27,3193
2010-10-28,3394
2010-10-29,3161
2010-10-30,4449
2010-10-31,4273.82189403155
2010-11-01,3845.75489917422
2010-11-02,3311
2010-11-03,2539
2010-11-04,3507
2010-11-05,3696.70018020149
2010-11-06,3824.76127129021
2010-11-07,3897.19172673383
2010-11-08,3920
2010-11-09,1278
2010-11-10,1989
2010-11-11,2280
2010-11-12,2320.9018115546
2010-11-13,2354.27470832988
2010-11-14,2380.9620741653
2010-11-15,2401.80729290032
2010-11-16,2417.65374837438
2010-11-17,2429.34482442694
2010-11-18,2437.72390489746
2010-11-19,2443.63437362539
2010-11-20,2447.91961445019
2010-11-21,2451.42301121131
2010-11-22,2454.9879477482
2010-11-23,2459.45780790031
2010-11-24,2465.67597550711
2010-11-25,2474.48583440805
2010-11-26,2486.73076844258
2010-11-27,2503.25416145016
2010-11-28,2524.89939727023
2010-11-29,2552.50985974226
2010-11-30,2586.9289327057
2010-12-01,2629
2010-12-02,3025
2010-12-03,3223
2010-12-04,3820
2010-12-05,3800.35755499459
2010-12-06,3738
2010-12-07,3096
2010-12-08,2973
2010-12-09,3179
2010-12-10,2545
2010-12-11,3393.03703703704
2010-12-12,4967.96296296296
2010-12-13,5816
2010-12-14,4640.85073382255
2010-12-15,3021
2010-12-16,2332
2010-12-17,2417
2010-12-18,2502
2010-12-19,2336
2010-12-20,2170
2010-12-21,2280.03707224335
2010-12-22,2492
2010-12-23,2751
2010-12-24,1799
2010-12-25,1891.81481481482
2010-12-26,2064.18518518519
2010-12-27,2157
2010-12-28,1844
2010-12-29,1600
2010-12-30,1293
2010-12-31,1368
2011-01-01,1806
2011-01-02,1912.98275862069
2011-01-03,1952
2011-01-04,1472.5
2011-01-05,993
2011-01-06,1167.5
2011-01-07,1342
2011-01-08,1150
2011-01-09,1940
2011-01-10,2730
2011-01-11,2046
2011-01-12,1615
2011-01-13,1656
2011-01-14,954
2011-01-15,961.389056867606
2011-01-16,986.333669290767
2011-01-17,1033
2011-01-18,1540
2011-01-19,1334
2011-01-20,1268
2011-01-21,1580
2011-01-22,1653
2011-01-23,2004.32659073056
2011-01-24,2300
2011-01-25,2113
2011-01-26,1702.40906051656
2011-01-27,1190.26008581384
2011-01-28,939
2011-01-29,1399
2011-01-30,1922.58823529412
2011-01-31,2227
2011-02-01,2048
2011-02-02,1540
2011-02-03,1525
2011-02-04,1634
2011-02-05,1577
2011-02-06,1551.5214013447
2011-02-07,1520
2011-02-08,1374
2011-02-09,1525
2011-02-10,1881
2011-02-11,2344
2011-02-12,2771.62164124909
2011-02-13,3153.64415395788
2011-02-14,3319
2011-02-15,976
2011-02-16,1173
2011-02-17,1370
2011-02-18,1101
2011-02-19,1540
2011-02-20,1826.97112825971
2011-02-21,1965
2011-02-22,1550
2011-02-23,1509
2011-02-24,1746
2011-02-25,1384
2011-02-26,2043
2011-02-27,1026.5
2011-02-28,10
2011-03-01,1853
2011-03-02,2728.09366525525
2011-03-03,3108
2011-03-04,2363
2011-03-05,1790
2011-03-06,1802
2011-03-07,1814
2011-03-08,1124
2011-03-09,1360
2011-03-10,1165
2011-03-11,1465
2011-03-12,2147.51375209747
2011-03-13,3008.9235427154
2011-03-14,3433
2011-03-15,1183
2011-03-16,971
2011-03-17,1295
2011-03-18,1691
2011-03-19,1015
2011-03-20,1491.5
2011-03-21,1968
2011-03-22,984
2011-03-23,999.864048338369
2011-03-24,1043
2011-03-25,1213
2011-03-26,1361
2011-03-27,1632.83602771363
2011-03-28,1817
2011-03-29,1784
2011-03-30,1301
2011-03-31,1784
2011-04-01,1563
2011-04-02,1546
2011-04-03,1525.09446630679
2011-04-04,1493.19653440468
2011-04-05,1430
2011-04-06,785
2011-04-07,1106
2011-04-08,1343
2011-04-09,2381.32094973429
2011-04-10,3939.32714153381
2011-04-11,4742
2011-04-12,2113
2011-04-13,1642
2011-04-14,2375
2011-04-15,3108
2011-04-16,3070.33380875597
2011-04-17,2946.88983973416
2011-04-18,2722
2011-04-19,913
2011-04-20,756
2011-04-21,1027
2011-04-22,1941.40036722072
2011-04-23,2663
2011-04-24,2390.52247502775
2011-04-25,1977
2011-04-26,1730
2011-04-27,1491
2011-04-28,1281
2011-04-29,1812
2011-04-30,1572
2011-05-01,1798.5
2011-05-02,2025
2011-05-03,1280
2011-05-04,1171
2011-05-05,1241
2011-05-06,2047.88362327534
2011-05-07,2796
2011-05-08,2609.87302270526
2011-05-09,2195
2011-05-10,1409
2011-05-11,1113
2011-05-12,1474
2011-05-13,1301
2011-05-14,1919.07407407407
2011-05-15,3066.92592592593
2011-05-16,3685
2011-05-17,1351
2011-05-18,1252
2011-05-19,1748
2011-05-20,1192
2011-05-21,1640
2011-05-22,1603.12365872808
2011-05-23,1503
2011-05-24,1111
2011-05-25,962
2011-05-26,834
2011-05-27,993
2011-05-28,1513
2011-05-29,1869.66214233309
2011-05-30,2044
2011-05-31,1260
2011-06-01,1379
2011-06-02,1072
2011-06-03,1198
2011-06-04,1227
2011-06-05,1780.51338177951
2011-06-06,2309
2011-06-07,1578
2011-06-08,1578
2011-06-09,1014
2011-06-10,1374
2011-06-11,2220.30461501169
2011-06-12,3299.87452972807
2011-06-13,3833
2011-06-14,1424
2011-06-15,1480
2011-06-16,1263
2011-06-17,923
2011-06-18,1040
2011-06-19,1371.35321994287
2011-06-20,1623
2011-06-21,1559
2011-06-22,1357
2011-06-23,1357
2011-06-24,1055
2011-06-25,1401
2011-06-26,1817.35048495808
2011-06-27,2064
2011-06-28,1274
2011-06-29,1231
2011-06-30,1231
2011-07-01,1246
2011-07-02,1397
2011-07-03,1543.41645326504
2011-07-04,1624
2011-07-05,1292
2011-07-06,1272
2011-07-07,1571
2011-07-08,1215
2011-07-09,1844.48148148148
2011-07-10,3013.51851851852
2011-07-11,3643
2011-07-12,1103
2011-07-13,1125
2011-07-14,1355
2011-07-15,1382
2011-07-16,1543
2011-07-17,1842.94485294118
2011-07-18,2047
2011-07-19,1247
2011-07-20,1090
2011-07-21,1440
2011-07-22,1305
2011-07-23,1412
2011-07-24,1512.95660146699
2011-07-25,1568
2011-07-26,625
2011-07-27,725
2011-07-28,1164
2011-07-29,1321
2011-07-30,1236
2011-07-31,1259.5
2011-08-01,1283
2011-08-02,1057
2011-08-03,1336
2011-08-04,1212
2011-08-05,1645
2011-08-06,1594
2011-08-07,1698
2011-08-08,1802
2011-08-09,1059
2011-08-10,966
2011-08-11,1210
2011-08-12,1513
2011-08-13,2125.20565991933
2011-08-14,2974.04391992829
2011-08-15,3727.11021997311
2011-08-16,4052
2011-08-17,1408
2011-08-18,1839
2011-08-19,1741
2011-08-20,1683
2011-08-21,1795.10894941634
2011-08-22,2019
2011-08-23,2323
2011-08-24,2044
2011-08-25,1782
2011-08-26,1843
2011-08-27,1506
2011-08-28,2235.5
2011-08-29,2965
2011-08-30,1918
2011-08-31,1935.55907788555
2011-09-01,1988.67371132666
2011-09-02,2078
2011-09-03,2473
2011-09-04,2795.62700534759
2011-09-05,2963
2011-09-06,2726
2011-09-07,2531
2011-09-08,2295
2011-09-09,2922
2011-09-10,3177.15052460964
2011-09-11,3349.63081786038
2011-09-12,3413
2011-09-13,1512
2011-09-14,1933
2011-09-15,2534
2011-09-16,1326
2011-09-17,118
2011-09-18,2454
2011-09-19,4790
2011-09-20,2363
2011-09-21,2915
2011-09-22,2695
2011-09-23,4561
2011-09-24,5378
2011-09-25,5929.72292215119
2011-09-26,6198
2011-09-27,6109.9496521552
2011-09-28,5851
2011-09-29,4325
2011-09-30,4335
2011-10-01,2437
2011-10-02,3029.49144368388
2011-10-03,3657
2011-10-04,3698
2011-10-05,4130.07175004212
2011-10-06,5016.38285397557
2011-10-07,5945
2011-10-08,6768.85404699311
2011-10-09,7642.8464963397
2011-10-10,8608
2011-10-11,10048.1020620343
2011-10-12,10976
2011-10-13,6150
2011-10-14,6141
2011-10-15,5744
2011-10-16,5524.06991932179
2011-10-17,5274
2011-10-18,4624
2011-10-19,4757
2011-10-20,5037
2011-10-21,5904
2011-10-22,6023
2011-10-23,6340.37154547894
2011-10-24,6578
2011-10-25,5137.56286004744
2011-10-26,3674
2011-10-27,3638.93713995256
2011-10-28,3627
2011-10-29,4540
2011-10-30,6640.10860356988
2011-10-31,8155
2011-11-01,7936.99176325637
2011-11-02,7450
2011-11-03,6521
2011-11-04,6330
2011-11-05,4922
2011-11-06,5043.85185185185
2011-11-07,5270.14814814815
2011-11-08,5392
2011-11-09,4402
2011-11-10,5105
2011-11-11,5796
2011-11-12,5482.336
2011-11-13,4734.368
2011-11-14,3841.632
2011-11-15,3093.664
2011-11-16,2780
2011-11-17,3171
2011-11-18,2311
2011-11-19,1413
2011-11-20,1890
2011-11-21,2367
2011-11-22,2064
2011-11-23,2639
2011-11-24,3814
2011-11-25,4066
2011-11-26,3786
2011-11-27,3006.0495049505
2011-11-28,2416
2011-11-29,2455
2011-11-30,3473
2011-12-01,4794.27424856107
2011-12-02,5597
2011-12-03,4192
2011-12-04,3992.10322195704
2011-12-05,3926
2011-12-06,4076.5
2011-12-07,4227
2011-12-08,3291
2011-12-09,3667
2011-12-10,4814.06718346253
2011-12-11,6394.70025839793
2011-12-12,7192
2011-12-13,2823
2011-12-14,2576
2011-12-15,2465
2011-12-16,2241
2011-12-17,2030
2011-12-18,1856.79922277171
2011-12-19,1722
2011-12-20,1639
2011-12-21,1479
2011-12-22,2496
2011-12-23,2164
2011-12-24,2488
2011-12-25,3034.27437912165
2011-12-26,3395
2011-12-27,2374
2011-12-28,2976
2011-12-29,2195
2011-12-30,2085
2011-12-31,2020
2012-01-01,2387.13163884674
2012-01-02,2774
2012-01-03,2797
2012-01-04,2827
2012-01-05,3037
2012-01-06,3424
2012-01-07,4019
2012-01-08,3513.56311407896
2012-01-09,2538
2012-01-10,1339
2012-01-11,1952
2012-01-12,2160
2012-01-13,1823
2012-01-14,2151.22222222222
2012-01-15,2760.77777777778
2012-01-16,3089
2012-01-17,1391
2012-01-18,908
2012-01-19,1330
2012-01-20,1493
2012-01-21,1967
2012-01-22,2098.59782840111
2012-01-23,2148
2012-01-24,1738
2012-01-25,2194
2012-01-26,2874.4485509606
2012-01-27,3307
2012-01-28,3043
2012-01-29,3124.5
2012-01-30,3206
2012-01-31,1527
2012-02-01,2042
2012-02-02,1483
2012-02-03,1462
2012-02-04,1163
2012-02-05,1528
2012-02-06,1893
2012-02-07,1117
2012-02-08,1346
2012-02-09,577
2012-02-10,1261
2012-02-11,1997.64464464465
2012-02-12,2697.54454454454
2012-02-13,3009
2012-02-14,1464
2012-02-15,1546
2012-02-16,1382
2012-02-17,1755
2012-02-18,1449
2012-02-19,1807.55555555556
2012-02-20,2473.44444444444
2012-02-21,2832
2012-02-22,1422
2012-02-23,1218
2012-02-24,1620
2012-02-25,1563
2012-02-26,1701
2012-02-27,1839
2012-02-28,1306
2012-02-29,1540
2012-03-01,1563
2012-03-02,1442
2012-03-03,1565
2012-03-04,1866.19574290484
2012-03-05,2087
2012-03-06,1165
2012-03-07,1880
2012-03-08,1392
2012-03-09,1509
2012-03-10,2001.41313902383
2012-03-11,2734.20656951191
2012-03-12,3111
2012-03-13,1521
2012-03-14,1381
2012-03-15,1409
2012-03-16,1762
2012-03-17,1783
2012-03-18,2021.806726094
2012-03-19,2243
2012-03-20,1830
2012-03-21,1433
2012-03-22,1166
2012-03-23,1275.5
2012-03-24,1385
2012-03-25,1283.79955099423
2012-03-26,1064
2012-03-27,680
2012-03-28,877
2012-03-29,915
2012-03-30,1497
2012-03-31,2103
2012-04-01,2426.40330877242
2012-04-02,2572
2012-04-03,1761
2012-04-04,2689.5
2012-04-05,3618
2012-04-06,3353.38817698259
2012-04-07,2847
2012-04-08,2208.75293412852
2012-04-09,1550
2012-04-10,1095
2012-04-11,1045
2012-04-12,1249
2012-04-13,2303
2012-04-14,2909.51335235305
2012-04-15,3364.64556506541
2012-04-16,3544
2012-04-17,1337
2012-04-18,1113
2012-04-19,1331
2012-04-20,1479
2012-04-21,1872
2012-04-22,2040.5729221317
2012-04-23,2179
2012-04-24,2416.94476327116
2012-04-25,2569
2012-04-26,809
2012-04-27,673
2012-04-28,713
2012-04-29,1311.13213334293
2012-04-30,2009
2012-05-01,2245.02080783354
2012-05-02,2347
2012-05-03,1377
2012-05-04,1164
2012-05-05,1717
2012-05-06,2289.63807731206
2012-05-07,2612
2012-05-08,1869
2012-05-09,1441
2012-05-10,2033
2012-05-11,2154
2012-05-12,2746.73677595901
2012-05-13,3655.47949909061
2012-05-14,4126
2012-05-15,1302
2012-05-16,1059
2012-05-17,1229
2012-05-18,1097
2012-05-19,1581
2012-05-20,1595.71578018654
2012-05-21,1600
2012-05-22,1095
2012-05-23,1285
2012-05-24,1461
2012-05-25,1259
2012-05-26,1942
2012-05-27,1916.73855610777
2012-05-28,1843
2012-05-29,1427
2012-05-30,1690
2012-05-31,2377.1044264724
2012-06-01,2889
2012-06-02,1688
2012-06-03,1882.5
2012-06-04,2077
2012-06-05,1300
2012-06-06,1187
2012-06-07,1471
2012-06-08,1516
2012-06-09,2204.43337224329
2012-06-10,3405.10557501053
2012-06-11,4044
2012-06-12,1727
2012-06-13,1190
2012-06-14,1377
2012-06-15,1330
2012-06-16,1365
2012-06-17,1642.737135506
2012-06-18,1892
2012-06-19,1271
2012-06-20,1570
2012-06-21,1377
2012-06-22,2346
2012-06-23,1951
2012-06-24,2406.5
2012-06-25,2862
2012-06-26,1173
2012-06-27,1035
2012-06-28,814
2012-06-29,1212
2012-06-30,1278
2012-07-01,1946.43975208994
2012-07-02,2560
2012-07-03,1281
2012-07-04,1343
2012-07-05,1348
2012-07-06,1335
2012-07-07,2002
2012-07-08,2328.77107728337
2012-07-09,2472
2012-07-10,1528
2012-07-11,1734
2012-07-12,1785
2012-07-13,1568
2012-07-14,1884.03703703704
2012-07-15,2470.96296296296
2012-07-16,2787
2012-07-17,931
2012-07-18,1059
2012-07-19,1263
2012-07-20,1427
2012-07-21,1909
2012-07-22,2275.48428053204
2012-07-23,2461
2012-07-24,1557
2012-07-25,1135
2012-07-26,1186
2012-07-27,1494
2012-07-28,1685
2012-07-29,1933.72448979592
2012-07-30,2085
2012-07-31,1341
2012-08-01,1344
2012-08-02,1585
2012-08-03,1432
2012-08-04,1542
2012-08-05,1543.55617977528
2012-08-06,1544
2012-08-07,1151
2012-08-08,1248
2012-08-09,1280
2012-08-10,1441
2012-08-11,2282.98738568275
2012-08-12,3588.99369284137
2012-08-13,4267
2012-08-14,1979
2012-08-15,2488
2012-08-16,2997
2012-08-17,1985
2012-08-18,1911.44399520918
2012-08-19,1884.88017418636
2012-08-20,1860.37626607035
2012-08-21,1793
2012-08-22,1332
2012-08-23,2251
2012-08-24,2430
2012-08-25,3024
2012-08-26,2628.9531516184
2012-08-27,2184
2012-08-28,2122
2012-08-29,1715
2012-08-30,2734
2012-08-31,2583
2012-09-01,1428
2012-09-02,1976
2012-09-03,2524
2012-09-04,1717
2012-09-05,2543
2012-09-06,1604
2012-09-07,3006
2012-09-08,4773.88173842225
2012-09-09,6564.16309143335
2012-09-10,7382
2012-09-11,3482
2012-09-12,3041
2012-09-13,3016
2012-09-14,2984
2012-09-15,3048
2012-09-16,3208.56764551652
2012-09-17,3327
2012-09-18,2444
2012-09-19,2807.74074074074
2012-09-20,3483.25925925926
2012-09-21,3847
2012-09-22,2585
2012-09-23,3240.74054918887
2012-09-24,3908
2012-09-25,3921
2012-09-26,3100
2012-09-27,3411
2012-09-28,3232
2012-09-29,3607
2012-09-30,4121.04469273743
2012-10-01,4439
2012-10-02,4176.3209382151
2012-10-03,3693
2012-10-04,3176
2012-10-05,4042
2012-10-06,4924.54634691547
2012-10-07,5744.60650679107
2012-10-08,6106
2012-10-09,4061
2012-10-10,4068
2012-10-11,4723
2012-10-12,5214
2012-10-13,7212.15829754512
2012-10-14,10665.5295978179
2012-10-15,13937.6360991817
2012-10-16,15392
2012-10-17,3808
2012-10-18,3734
2012-10-19,4505
2012-10-20,4104
2012-10-21,4599.94054248358
2012-10-22,5519
2012-10-23,6743.40199854771
2012-10-24,8130.75655482941
2012-10-25,8791
2012-10-26,3033
2012-10-27,3359.56
2012-10-28,4138.28
2012-10-29,5067.72
2012-10-30,5846.44
2012-10-31,6173
2012-11-01,3873.5
2012-11-02,1574
2012-11-03,4609
2012-11-04,6108.83560228083
2012-11-05,6768
2012-11-06,6110
2012-11-07,5395
2012-11-08,4923
2012-11-09,4815
2012-11-10,5610.46875
2012-11-11,7360.5
2012-11-12,9110.53125
2012-11-13,9906
2012-11-14,6437.59711938121
2012-11-15,2853
2012-11-16,2720
2012-11-17,3799
2012-11-18,4370.38936736611
2012-11-19,4627
2012-11-20,3909
2012-11-21,3462
2012-11-22,4237
2012-11-23,4150
2012-11-24,3838.68830460841
2012-11-25,3345.91824877068
2012-11-26,2946
2012-11-27,2736
2012-11-28,2570
2012-11-29,2832
2012-11-30,2705
2012-12-01,3416.92592592593
2012-12-02,4739.07407407407
2012-12-03,5451
2012-12-04,1945
2012-12-05,2149
2012-12-06,1742
2012-12-07,2132
2012-12-08,2932.28533105698
2012-12-09,3907.7537766396
2012-12-10,4383
2012-12-11,1995
2012-12-12,1741
2012-12-13,1618
2012-12-14,1880
2012-12-15,1932
2012-12-16,2236.91490340386
2012-12-17,2501
2012-12-18,1905
2012-12-19,2043
2012-12-20,2242
2012-12-21,1886
2012-12-22,1952
2012-12-23,2145.64264061385
2012-12-24,2380
2012-12-25,2574.67969821674
2012-12-26,2681
2012-12-27,1849
2012-12-28,1912
2012-12-29,1667
2012-12-30,1672
2012-12-31,1677
2013-01-01,1442
2013-01-02,1842
2013-01-03,1916
2013-01-04,2177
2013-01-05,2548
2013-01-06,2275
2013-01-07,2002
2013-01-08,2042
2013-01-09,1574
2013-01-10,1876
2013-01-11,1733
2013-01-12,1979.71875
2013-01-13,2522.5
2013-01-14,3065.28125
2013-01-15,3312
2013-01-16,1347
2013-01-17,1122
2013-01-18,1470
2013-01-19,1434
2013-01-20,1455.21287128713
2013-01-21,1514
2013-01-22,1767
2013-01-23,1954
2013-01-24,2058
2013-01-25,2332.43695295405
2013-01-26,2751.88840262582
2013-01-27,3135.89565098468
2013-01-28,3304
2013-01-29,1767
2013-01-30,1326
2013-01-31,1416
2013-02-01,1425
2013-02-02,1396
2013-02-03,1548
2013-02-04,1700
2013-02-05,1218
2013-02-06,1286
2013-02-07,1725
2013-02-08,1917
2013-02-09,2524.15663065298
2013-02-10,3368.85609310427
2013-02-11,3796
2013-02-12,1279
2013-02-13,1416
2013-02-14,1582
2013-02-15,1340
2013-02-16,1384
2013-02-17,1382.88942077549
2013-02-18,1379
2013-02-19,1121
2013-02-20,1604.5
2013-02-21,2088
2013-02-22,1405
2013-02-23,1391
2013-02-24,1670
2013-02-25,1949
2013-02-26,1207
2013-02-27,1452
2013-02-28,1868
2013-03-01,1761
2013-03-02,1578
2013-03-03,1550.98357664234
2013-03-04,1542
2013-03-05,2470
2013-03-06,1159
2013-03-07,1143
2013-03-08,1499
2013-03-09,1934.75295170463
2013-03-10,2370.7653647412
2013-03-11,2569
2013-03-12,683
2013-03-13,1052
2013-03-14,1276
2013-03-15,1496
2013-03-16,1337
2013-03-17,1806.5
2013-03-18,2276
2013-03-19,1483
2013-03-20,1126
2013-03-21,1552
2013-03-22,1326
2013-03-23,1671
2013-03-24,2030.89080717489
2013-03-25,2234
2013-03-26,1196
2013-03-27,1130
2013-03-28,1506
2013-03-29,2313.30611935777
2013-03-30,2885
2013-03-31,2552.52030947776
2013-04-01,1989
2013-04-02,1515
2013-04-03,1258
2013-04-04,1501
2013-04-05,1656
2013-04-06,1906
2013-04-07,2131.17828418231
2013-04-08,2252
2013-04-09,1620
2013-04-10,1177
2013-04-11,1781.74918300654
2013-04-12,2601
2013-04-13,3021.11256354394
2013-04-14,3351.8896151053
2013-04-15,3486
2013-04-16,1070
2013-04-17,1359
2013-04-18,1149
2013-04-19,1533
2013-04-20,998
2013-04-21,1309.31000676133
2013-04-22,1804
2013-04-23,2232.18999323867
2013-04-24,2477
2013-04-25,840
2013-04-26,1298
2013-04-27,992
2013-04-28,1513
2013-04-29,2034
2013-04-30,1274
2013-05-01,1656
2013-05-02,2038
2013-05-03,1304
2013-05-04,1198
2013-05-05,1620
2013-05-06,2042
2013-05-07,1465
2013-05-08,1688
2013-05-09,1756
2013-05-10,1731
2013-05-11,2308.1875
2013-05-12,3578
2013-05-13,4847.8125
2013-05-14,5425
2013-05-15,1419
2013-05-16,1079
2013-05-17,1193
2013-05-18,1136
2013-05-19,1711.5
2013-05-20,2287
2013-05-21,1123
2013-05-22,1318
2013-05-23,1016
2013-05-24,1589
2013-05-25,1148
2013-05-26,1342
2013-05-27,1536
2013-05-28,1316
2013-05-29,1210
2013-05-30,1117
2013-05-31,1278
2013-06-01,959
2013-06-02,1680
2013-06-03,2401
2013-06-04,1176
2013-06-05,1345
2013-06-06,1412
2013-06-07,1031
2013-06-08,1949.81481481482
2013-06-09,3656.18518518519
2013-06-10,4575
2013-06-11,1791
2013-06-12,1344
2013-06-13,1127
2013-06-14,759
2013-06-15,1277
2013-06-16,1427.08399304885
2013-06-17,1484
2013-06-18,860
2013-06-19,1788
2013-06-20,1536
2013-06-21,1762
2013-06-22,1558
2013-06-23,1368.9743149899
2013-06-24,1214
2013-06-25,1117
2013-06-26,877
2013-06-27,1360
2013-06-28,1793
2013-06-29,1337
2013-06-30,1404
2013-07-01,1471
2013-07-02,1081
2013-07-03,1309
2013-07-04,1036
2013-07-05,834
2013-07-06,908
2013-07-07,1556.89110225764
2013-07-08,2145
2013-07-09,1490
2013-07-10,2008
2013-07-11,1418
2013-07-12,1066
2013-07-13,1631.44444444444
2013-07-14,2681.55555555556
2013-07-15,3247
2013-07-16,1026
2013-07-17,1353
2013-07-18,1327
2013-07-19,1111
2013-07-20,1210
2013-07-21,1461.71780684105
2013-07-22,1648
2013-07-23,489
2013-07-24,1046
2013-07-25,879
2013-07-26,1498
2013-07-27,1789
2013-07-28,1769.63746731416
2013-07-29,1706
2013-07-30,754
2013-07-31,1087
2013-08-01,1025
2013-08-02,1083
2013-08-03,875
2013-08-04,1425
2013-08-05,1975
2013-08-06,1428
2013-08-07,1565
2013-08-08,1821
2013-08-09,2426.07166470853
2013-08-10,3316.14703529647
2013-08-11,4121.39888823618
2013-08-12,4472
2013-08-13,2220
2013-08-14,1545
2013-08-15,1625.76005025126
2013-08-16,1805
2013-08-17,2140
2013-08-18,2964.12938931298
2013-08-19,3569
2013-08-20,2582
2013-08-21,1927
2013-08-22,1834
2013-08-23,2333
2013-08-24,2436
2013-08-25,2246.5
2013-08-26,2057
2013-08-27,2237
2013-08-28,2085
2013-08-29,2223
2013-08-30,2597
2013-08-31,3275
2013-09-01,3198.41347992352
2013-09-02,3063
2013-09-03,2934
2013-09-04,2805
2013-09-05,3772
2013-09-06,4018
2013-09-07,5764
2013-09-08,5640.64766669015
2013-09-09,5291.73977782475
2013-09-10,4749
2013-09-11,3120
2013-09-12,3975
2013-09-13,3822
2013-09-14,6025.96296296296
2013-09-15,10119.037037037
2013-09-16,12323
2013-09-17,5080
2013-09-18,5258
2013-09-19,6151
2013-09-20,7447
2013-09-21,5296
2013-09-22,6479
2013-09-23,7662
2013-09-24,7181
2013-09-25,5450
2013-09-26,6030
2013-09-27,6572
2013-09-28,7701
2013-09-29,8251.13169621337
2013-09-30,8778
2013-10-01,9739
2013-10-02,10089.9186629325
2013-10-03,10473
2013-10-04,12694.314696814
2013-10-05,14604
2013-10-06,12186.1129143187
2013-10-07,8634
2013-10-08,6731
2013-10-09,6048
2013-10-10,6425
2013-10-11,7877
2013-10-12,9376.15609109557
2013-10-13,10936.0554143072
2013-10-14,12161.6770303652
2013-10-15,12658
2013-10-16,10591.6264569802
2013-10-17,7769
2013-10-18,6610
2013-10-19,7497
2013-10-20,7019.25055928412
2013-10-21,6355
2013-10-22,6063
2013-10-23,3560
2013-10-24,3997
2013-10-25,4798
2013-10-26,6049
2013-10-27,6080.79978948399
2013-10-28,6090
2013-10-29,4325
2013-10-30,3530
2013-10-31,5839
2013-11-01,5746.47301029375
2013-11-02,5444
2013-11-03,1210
2013-11-04,1220
2013-11-05,2647
2013-11-06,2167
2013-11-07,3997
2013-11-08,5138
2013-11-09,5113
2013-11-10,4936.95967741935
2013-11-11,4781
2013-11-12,5075
2013-11-13,5116
2013-11-14,2662
2013-11-15,1961
2013-11-16,2895
2013-11-17,3039.11738184904
2013-11-18,3175
2013-11-19,3833
2013-11-20,3513
2013-11-21,3366
2013-11-22,3817
2013-11-23,3638
2013-11-24,3384.97637383191
2013-11-25,3173
2013-11-26,3089
2013-11-27,3180
2013-11-28,3348
2013-11-29,3788
2013-11-30,3354
2013-12-01,2640.4993160414
2013-12-02,2168
2013-12-03,2162
2013-12-04,2338
2013-12-05,2799
2013-12-06,3374
2013-12-07,3351
2013-12-08,3553.60123966942
2013-12-09,3845
2013-12-10,3990
2013-12-11,5207.81120047077
2013-12-12,6307
2013-12-13,3182
2013-12-14,3982
2013-12-15,3600.89355874575
2013-12-16,2922
2013-12-17,2261
2013-12-18,2603
2013-12-19,3771
2013-12-20,3610
2013-12-21,3774
2013-12-22,3435.5
2013-12-23,3097
2013-12-24,4074.5
2013-12-25,5052
2013-12-26,2212
2013-12-27,1656
2013-12-28,1696
2013-12-29,2128.21284916201
2013-12-30,2527
2013-12-31,2081
2014-01-01,2369
2014-01-02,1848
2014-01-03,2261
2014-01-04,2647
2014-01-05,3220.1937475878
2014-01-06,3584
2014-01-07,3070
2014-01-08,2964
2014-01-09,3011
2014-01-10,2626
2014-01-11,2682.35597234063
2014-01-12,2811.1563891257
2014-01-13,2952
2014-01-14,3126.54731457801
2014-01-15,3317.94032395567
2014-01-16,3408
2014-01-17,1999
2014-01-18,1974
2014-01-19,2488.5
2014-01-20,3003
2014-01-21,2740
2014-01-22,2328
2014-01-23,2804
2014-01-24,2810
2014-01-25,2509
2014-01-26,2632.5
2014-01-27,2756
2014-01-28,2427
2014-01-29,1658
2014-01-30,1978
2014-01-31,2090
2014-02-01,2439
2014-02-02,2708.68910823373
2014-02-03,2957
2014-02-04,3217
2014-02-05,2534
2014-02-06,2148
2014-02-07,2444
2014-02-08,2277
2014-02-09,2551.5
2014-02-10,2826
2014-02-11,2228
2014-02-12,2014
2014-02-13,2182
2014-02-14,2224
2014-02-15,2877
2014-02-16,2715.62198703666
2014-02-17,2416
2014-02-18,2087
2014-02-19,1657
2014-02-20,1562
2014-02-21,1680
2014-02-22,2000
2014-02-23,2334.2652173913
2014-02-24,2523
2014-02-25,2134
2014-02-26,2035
2014-02-27,1886
2014-02-28,1777
2014-03-01,2049
2014-03-02,2618.49188727583
2014-03-03,3019
2014-03-04,2067
2014-03-05,2255
2014-03-06,2649
2014-03-07,2702
2014-03-08,2653
2014-03-09,2783.5
2014-03-10,2914
2014-03-11,2273
2014-03-12,2232
2014-03-13,2552
2014-03-14,3253
2014-03-15,3556
2014-03-16,3325.38416009019
2014-03-17,2981
2014-03-18,2786
2014-03-19,2198
2014-03-20,2403
2014-03-21,2652
2014-03-22,1954
2014-03-23,2716
2014-03-24,3478
2014-03-25,3120
2014-03-26,3219
2014-03-27,3788
2014-03-28,3162
2014-03-29,2396
2014-03-30,1931.34983803112
2014-03-31,1576.09812162994
2014-04-01,1409
2014-04-02,1380
2014-04-03,1618
2014-04-04,1986
2014-04-05,3436
2014-04-06,3876.16831683168
2014-04-07,4045
2014-04-08,3461
2014-04-09,2949
2014-04-10,2547
2014-04-11,3637
2014-04-12,2906
2014-04-13,2870.99712261467
2014-04-14,2836
2014-04-15,2107
2014-04-16,1550
2014-04-17,2477.62962962963
2014-04-18,4200.37037037037
2014-04-19,5128
2014-04-20,4489.31644111719
2014-04-21,3617
2014-04-22,3259
2014-04-23,3112
2014-04-24,2890
2014-04-25,2819
2014-04-26,3204
2014-04-27,4264.66481631005
2014-04-28,5065
2014-04-29,3008
2014-04-30,3230
2014-05-01,4051.33949419339
2014-05-02,5239.33641376336
2014-05-03,5846
2014-05-04,4682.8344678782
2014-05-05,3221
2014-05-06,2805
2014-05-07,2543
2014-05-08,2254
2014-05-09,2240
2014-05-10,3151.2962962963
2014-05-11,4843.7037037037
2014-05-12,5755
2014-05-13,2377
2014-05-14,2228
2014-05-15,1803
2014-05-16,1795
2014-05-17,1761
2014-05-18,2175
2014-05-19,2589
2014-05-20,2013
2014-05-21,1882
2014-05-22,1972
2014-05-23,2143
2014-05-24,2741
2014-05-25,2744.89893948846
2014-05-26,2746
2014-05-27,1614
2014-05-28,1596
2014-05-29,1485
2014-05-30,1555
2014-05-31,1626
2014-06-01,2503.44318810129
2014-06-02,3321
2014-06-03,1963
2014-06-04,2063
2014-06-05,2392
2014-06-06,1788
2014-06-07,2715
2014-06-08,3236.33113409415
2014-06-09,3475
2014-06-10,1808
2014-06-11,1432
2014-06-12,1196
2014-06-13,1553
2014-06-14,2547.23690321565
2014-06-15,3882.84067383005
2014-06-16,4552
2014-06-17,1821
2014-06-18,1567
2014-06-19,1934
2014-06-20,1963
2014-06-21,2012
2014-06-22,1906.97849751378
2014-06-23,1647
2014-06-24,945
2014-06-25,1691
2014-06-26,2004
2014-06-27,1888
2014-06-28,1927
2014-06-29,2229.82919547454
2014-06-30,2501
2014-07-01,1809
2014-07-02,1645
2014-07-03,1419
2014-07-04,1537
2014-07-05,1595
2014-07-06,1737.47204237787
2014-07-07,1842
2014-07-08,1621
2014-07-09,1830
2014-07-10,1368
2014-07-11,1781
2014-07-12,2455.63606784354
2014-07-13,3212.20692281066
2014-07-14,3571
2014-07-15,1084
2014-07-16,1180
2014-07-17,1501
2014-07-18,1419
2014-07-19,1804
2014-07-20,1989.25
2014-07-21,2070
2014-07-22,1364
2014-07-23,1221
2014-07-24,1497
2014-07-25,1340
2014-07-26,1300
2014-07-27,1605
2014-07-28,1910
2014-07-29,1837.53262985038
2014-07-30,1637
2014-07-31,780
2014-08-01,1218
2014-08-02,1380
2014-08-03,2074.52723939235
2014-08-04,2648
2014-08-05,1879
2014-08-06,2196
2014-08-07,2334
2014-08-08,2363
2014-08-09,2784.53665325915
2014-08-10,3517.32388218513
2014-08-11,3907
2014-08-12,1201
2014-08-13,966
2014-08-14,1514
2014-08-15,2343.3923875123
2014-08-16,2873
2014-08-17,2646.63244991124
2014-08-18,2326
2014-08-19,2175
2014-08-20,2091
2014-08-21,2273
2014-08-22,2232
2014-08-23,3098.18518518519
2014-08-24,4706.81481481482
2014-08-25,5573
2014-08-26,2130
2014-08-27,1496
2014-08-28,1416
2014-08-29,2270.07617866005
2014-08-30,3219
2014-08-31,3372.42382133995
2014-09-01,3431
2014-09-02,2721
2014-09-03,2368
2014-09-04,2208
2014-09-05,2936
2014-09-06,3191
2014-09-07,3241.39285714286
2014-09-08,3259
2014-09-09,2722
2014-09-10,2928
2014-09-11,2566
2014-09-12,3831
2014-09-13,5719.46378034022
2014-09-14,7764.78744572566
2014-09-15,8723
2014-09-16,4661
2014-09-17,4177
2014-09-18,4128
2014-09-19,4406
2014-09-20,3589
2014-09-21,4252
2014-09-22,4915
2014-09-23,4326
2014-09-24,5826.5
2014-09-25,7327
2014-09-26,4253
2014-09-27,3951
2014-09-28,3862.87799482736
2014-09-29,3806
2014-09-30,3749
2014-10-01,3728
2014-10-02,4431.33333333333
2014-10-03,6189.66666666667
2014-10-04,8475.5
2014-10-05,10761.3333333333
2014-10-06,12519.6666666667
2014-10-07,13223
2014-10-08,12264.8785177377
2014-10-09,10404
2014-10-10,8075
2014-10-11,10060.1481481482
2014-10-12,13746.8518518519
2014-10-13,15732
2014-10-14,6127
2014-10-15,5401
2014-10-16,6173
2014-10-17,7215
2014-10-18,7445
2014-10-19,8068.41232876712
2014-10-20,8537
2014-10-21,7727
2014-10-22,5304.64289553844
2014-10-23,3442
2014-10-24,4373
2014-10-25,5304
2014-10-26,4288.5
2014-10-27,3273
2014-10-28,5466
2014-10-29,8735
2014-10-30,9410
2014-10-31,9706
2014-11-01,10511.8219265914
2014-11-02,11587.1887410735
2014-11-03,12125
2014-11-04,11210.1334768096
2014-11-05,9173
2014-11-06,5326
2014-11-07,6129
2014-11-08,8002.48367783554
2014-11-09,10386.5196166955
2014-11-10,11563
2014-11-11,6036
2014-11-12,6635
2014-11-13,5719
2014-11-14,3957
2014-11-15,2416
2014-11-16,4040
2014-11-17,5664
2014-11-18,5011
2014-11-19,4610
2014-11-20,4711
2014-11-21,4580
2014-11-22,4148
2014-11-23,4505.5
2014-11-24,4863
2014-11-25,3878
2014-11-26,3930
2014-11-27,4220
2014-11-28,4132
2014-11-29,4711
2014-11-30,4543
2014-12-01,4375
2014-12-02,4837
2014-12-03,4075
2014-12-04,3830
2014-12-05,4075
2014-12-06,3565
2014-12-07,3342.28861429832
2014-12-08,3248
2014-12-09,3386
2014-12-10,2623
2014-12-11,2517
2014-12-12,3134
2014-12-13,3796.22827767259
2014-12-14,4424.55858328074
2014-12-15,4704
2014-12-16,2136
2014-12-17,1980
2014-12-18,2009
2014-12-19,2412
2014-12-20,3484
2014-12-21,3459.02299703264
2014-12-22,3376
2014-12-23,1927
2014-12-24,2215
2014-12-25,4107.22882115643
2014-12-26,5770
2014-12-27,3946
2014-12-28,4001.5
2014-12-29,4057
2014-12-30,3594
2014-12-31,2835
2015-01-01,26211
2015-01-02,25275
2015-01-03,19130
2015-01-04,21071.5
2015-01-05,23013
2015-01-06,21759
2015-01-07,24211
2015-01-08,28615
2015-01-09,25978
2015-01-10,35093.8148148148
2015-01-11,52023.1851851852
2015-01-12,61139
2015-01-13,25512
2015-01-14,14772
2015-01-15,14946.558902448
2015-01-16,15489
2015-01-17,20142
2015-01-18,20992.5639897021
2015-01-19,21926
2015-01-20,30881
2015-01-21,23631
2015-01-22,22211
2015-01-23,21532
2015-01-24,34150
2015-01-25,26680.8946194369
2015-01-26,12356.2336833183
2015-01-27,3300
2015-01-28,1763
2015-01-29,14685
2015-01-30,15936
2015-01-31,17644
2015-02-01,17853.9681147868
2015-02-02,17922
2015-02-03,10949
2015-02-04,14590
2015-02-05,15910
2015-02-06,17162
2015-02-07,19175
2015-02-08,24026.1349213866
2015-02-09,27568
2015-02-10,1676
2015-02-11,1337
2015-02-12,1346
2015-02-13,1542
2015-02-14,2373.88758726778
2015-02-15,3614.054904745
2015-02-16,4252
2015-02-17,3715.72160068847
2015-02-18,2668
2015-02-19,1334
2015-02-20,1212
2015-02-21,1914
2015-02-22,1933.37815711549
2015-02-23,1939
2015-02-24,1779
2015-02-25,1711
2015-02-26,1841
2015-02-27,1712
2015-02-28,1981
2015-03-01,2285.38528637261
2015-03-02,2462
2015-03-03,1230
2015-03-04,1369
2015-03-05,1419
2015-03-06,1398
2015-03-07,1504
2015-03-08,1811.84731967443
2015-03-09,2047
2015-03-10,1475
2015-03-11,1432
2015-03-12,1423
2015-03-13,1747
2015-03-14,2736.65221381051
2015-03-15,4100.82610690525
2015-03-16,4789
2015-03-17,2655
2015-03-18,2186
2015-03-19,2058
2015-03-20,1931
2015-03-21,2165.62962962963
2015-03-22,2601.37037037037
2015-03-23,2836
2015-03-24,1450
2015-03-25,1374
2015-03-26,1853
2015-03-27,1579
2015-03-28,1177
2015-03-29,1413.5
2015-03-30,1650
2015-03-31,1346
2015-04-01,1898
2015-04-02,3519.6982822177
2015-04-03,5731.40469666441
2015-04-04,6844
2015-04-05,4883.8685289206
2015-04-06,2496
2015-04-07,1920
2015-04-08,1340
2015-04-09,1864
2015-04-10,2132
2015-04-11,3008.47989623865
2015-04-12,4238.57328145266
2015-04-13,4862
2015-04-14,4321.28276810266
2015-04-15,3202
2015-04-16,1512
2015-04-17,1855
2015-04-18,764
2015-04-19,1453.05360344209
2015-04-20,2473
2015-04-21,3178.44639655791
2015-04-22,3553
2015-04-23,1735
2015-04-24,1558
2015-04-25,2069
2015-04-26,2612.91131928648
2015-04-27,2922
2015-04-28,1921
2015-04-29,1698
2015-04-30,1453
2015-05-01,1052.21492890995
2015-05-02,790
2015-05-03,1015.2962962963
2015-05-04,1433.7037037037
2015-05-05,1659
2015-05-06,1572
2015-05-07,1753
2015-05-08,1798
2015-05-09,2734.36206896552
2015-05-10,4394.68103448276
2015-05-11,5281
2015-05-12,2059
2015-05-13,1621
2015-05-14,1521
2015-05-15,1516
2015-05-16,1778
2015-05-17,1924.84617814277
2015-05-18,1992
2015-05-19,1507
2015-05-20,1620
2015-05-21,1907
2015-05-22,2057
2015-05-23,1806
2015-05-24,2341
2015-05-25,2876
2015-05-26,1448
2015-05-27,1476
2015-05-28,1196
2015-05-29,912
2015-05-30,1169
2015-05-31,1733.64464518938
2015-06-01,2136
2015-06-02,2068.1875
2015-06-03,1919
2015-06-04,1769.8125
2015-06-05,1702
2015-06-06,1759
2015-06-07,2117.08088428234
2015-06-08,2430
2015-06-09,1591
2015-06-10,1761
2015-06-11,2372
2015-06-12,2190
2015-06-13,2334.40740740741
2015-06-14,2602.59259259259
2015-06-15,2747
2015-06-16,1288
2015-06-17,1883
2015-06-18,1525
2015-06-19,1868
2015-06-20,2035
2015-06-21,2293.09895833333
2015-06-22,2459
2015-06-23,1581
2015-06-24,1843
2015-06-25,1474
2015-06-26,1768.5
2015-06-27,2063
2015-06-28,1202.5
2015-06-29,342
2015-06-30,1602
2015-07-01,1423
2015-07-02,1559
2015-07-03,1633
2015-07-04,1804
2015-07-05,2350.04768786127
2015-07-06,2776
2015-07-07,1929
2015-07-08,1344
2015-07-09,1514
2015-07-10,1533
2015-07-11,1620.92020234987
2015-07-12,1777.26240208877
2015-07-13,1926.47340078329
2015-07-14,1993
2015-07-15,1800
2015-07-16,1618
2015-07-17,1907
2015-07-18,1866.84375
2015-07-19,1778.5
2015-07-20,1690.15625
2015-07-21,1650
2015-07-22,1743.13380333407
2015-07-23,1964.9342733348
2015-07-24,2229
2015-07-25,2564
2015-07-26,2695.1806518724
2015-07-27,2749
2015-07-28,1828
2015-07-29,1870
2015-07-30,2043
2015-07-31,2143
2015-08-01,2131.07407407407
2015-08-02,2108.92592592593
2015-08-03,2097
2015-08-04,2255
2015-08-05,2446
2015-08-06,2455
2015-08-07,2124
2015-08-08,1482.18604601732
2015-08-09,715.315245230884
2015-08-10,344
2015-08-11,2751
2015-08-12,2314
2015-08-13,2662
2015-08-14,3014
2015-08-15,2652.85185185185
2015-08-16,1982.14814814815
2015-08-17,1621
2015-08-18,3442
2015-08-19,3390
2015-08-20,3619
2015-08-21,3795
2015-08-22,2935.81481481482
2015-08-23,1340.18518518519
2015-08-24,481
2015-08-25,3860
2015-08-26,3928
2015-08-27,3025
2015-08-28,4005
2015-08-29,3550
2015-08-30,4446
2015-08-31,5342
2015-09-01,3424
2015-09-02,2944
2015-09-03,3989
2015-09-04,4963
2015-09-05,3240
2015-09-06,3654
2015-09-07,4068
2015-09-08,3726
2015-09-09,3849
2015-09-10,4843
2015-09-11,4014
2015-09-12,5629.44444444445
2015-09-13,8629.55555555556
2015-09-14,10245
2015-09-15,7065
2015-09-16,5899
2015-09-17,4958.09706614833
2015-09-18,4472
2015-09-19,5135
2015-09-20,5127
2015-09-21,5119
2015-09-22,6124
2015-09-23,5348
2015-09-24,3581
2015-09-25,3268.15354767184
2015-09-26,3161
2015-09-27,5796
2015-09-28,8431
2015-09-29,6932
2015-09-30,8902
2015-10-01,5600
2015-10-02,7738.5
2015-10-03,9877
2015-10-04,8479
2015-10-05,7081
2015-10-06,7125
2015-10-07,7170
2015-10-08,7551
2015-10-09,8595
2015-10-10,11209.5158832734
2015-10-11,15134.9863406875
2015-10-12,18709.2136277578
2015-10-13,20270
2015-10-14,6367
2015-10-15,6724
2015-10-16,6439
2015-10-17,5574
2015-10-18,5313.96961902898
2015-10-19,5050
2015-10-20,4124
2015-10-21,4927
2015-10-22,6546.8730335707
2015-10-23,8920.99216276704
2015-10-24,11409.274775178
2015-10-25,13371.6382583927
2015-10-26,14168
2015-10-27,13973.9535203035
2015-10-28,13371
2015-10-29,8202
2015-10-30,8508
2015-10-31,7299
2015-11-01,7416
2015-11-02,7533
2015-11-03,4393
2015-11-04,3669
2015-11-05,3637
2015-11-06,4239
2015-11-07,4949
2015-11-08,5090.4868123587
2015-11-09,5140
2015-11-10,3512.12353567625
2015-11-11,1728
2015-11-12,1477.87646432375
2015-11-13,1384
2015-11-14,2706.74074074074
2015-11-15,5163.25925925926
2015-11-16,6486
2015-11-17,3360
2015-11-18,3291
2015-11-19,3299
2015-11-20,3083
2015-11-21,2937
2015-11-22,2857.39053380042
2015-11-23,2756
2015-11-24,2361
2015-11-25,2126
2015-11-26,1834
2015-11-27,2536
2015-11-28,3961.43535896304
2015-11-29,5692.55101281486
2015-11-30,6535
2015-12-01,3101
2015-12-02,2372
2015-12-03,2285
2015-12-04,1767
2015-12-05,1914
2015-12-06,2552.04631744219
2015-12-07,3080
2015-12-08,2736
2015-12-09,2664
2015-12-10,2604
2015-12-11,1925
2015-12-12,2476.18518518519
2015-12-13,3499.81481481481
2015-12-14,4051
2015-12-15,1808
2015-12-16,1844
2015-12-17,1695
2015-12-18,2344
2015-12-19,2363
2015-12-20,2596.51007478189
2015-12-21,2814
2015-12-22,2360
2015-12-23,2289
2015-12-24,2820.48148148148
2015-12-25,3807.51851851852
2015-12-26,4339
2015-12-27,3237.36854792967
2015-12-28,1749
2015-12-29,1164
2015-12-30,1106
2015-12-31,1294
2016-01-01,2465
2016-01-02,2307
2016-01-03,2740
2016-01-04,3173
2016-01-05,1907
2016-01-06,1750
2016-01-07,2305
2016-01-08,2650
2016-01-09,3454.73738359752
2016-01-10,4478.70202513209
2016-01-11,4984
2016-01-12,1379
2016-01-13,1435
2016-01-14,1255
2016-01-15,1909
2016-01-16,2563
2016-01-17,2315.24340175953
2016-01-18,2009
2016-01-19,1929
2016-01-20,1761
2016-01-21,1916
2016-01-22,2029
2016-01-23,1844
2016-01-24,2150.03861096188
2016-01-25,2543
2016-01-26,2709.66495670677
2016-01-27,2859.76368703604
2016-01-28,2989.98864975868
2016-01-29,3097.03230364554
2016-01-30,3177.58710746748
2016-01-31,3228.34551999535
2016-02-01,3246
2016-02-02,2993.5
2016-02-03,2438
2016-02-04,1882.5
2016-02-05,1630
2016-02-06,1816.66666666667
2016-02-07,2163.33333333333
2016-02-08,2350
2016-02-09,1726
2016-02-10,1843.12902782076
2016-02-11,2121.81361119708
2016-02-12,2453
2016-02-13,2965.6678702844
2016-02-14,3581.38949069775
2016-02-15,3880
2016-02-16,1493
2016-02-17,1423
2016-02-18,1432
2016-02-19,1640
2016-02-20,1857
2016-02-21,2166.81907894737
2016-02-22,2361
2016-02-23,2176
2016-02-24,1583
2016-02-25,1882
2016-02-26,1890
2016-02-27,2231
2016-02-28,2220.28924097273
2016-02-29,2190
2016-03-01,2046
2016-03-02,1399
2016-03-03,1744
2016-03-04,1974
2016-03-05,2035
2016-03-06,2541.60459983225
2016-03-07,3380.35785547168
2016-03-08,3822
2016-03-09,1709
2016-03-10,1884
2016-03-11,2253
2016-03-12,3293.30314271161
2016-03-13,4695.70712691136
2016-03-14,5399
2016-03-15,2328
2016-03-16,2191
2016-03-17,2310
2016-03-18,2156
2016-03-19,2159
2016-03-20,2128.52134146341
2016-03-21,2055
2016-03-22,1874
2016-03-23,1494
2016-03-24,1234
2016-03-25,1997
2016-03-26,2760
2016-03-27,2682.83016304348
2016-03-28,2488
2016-03-29,1922
2016-03-30,1769
2016-03-31,1900
2016-04-01,2116
2016-04-02,2469
2016-04-03,2768.54565472695
2016-04-04,2926
2016-04-05,2400
2016-04-06,1677
2016-04-07,1580
2016-04-08,1949.375
2016-04-09,2762
2016-04-10,3574.625
2016-04-11,3944
2016-04-12,1479
2016-04-13,1820
2016-04-14,3125.14578889424
2016-04-15,4181
2016-04-16,2100
2016-04-17,2354.5
2016-04-18,2609
2016-04-19,2384.05105898763
2016-04-20,1923.5465624197
2016-04-21,1549
2016-04-22,1371
2016-04-23,1429
2016-04-24,1676.14600956234
2016-04-25,1880
2016-04-26,1301
2016-04-27,1513
2016-04-28,1971
2016-04-29,1630
2016-04-30,1909
2016-05-01,2518.94565217391
2016-05-02,2953
2016-05-03,2436.5
2016-05-04,1920
2016-05-05,2165
2016-05-06,2178
2016-05-07,2225
2016-05-08,3031.97179701271
2016-05-09,4448.98589850636
2016-05-10,5204
2016-05-11,1443
2016-05-12,1474
2016-05-13,1460
2016-05-14,2241.66666666667
2016-05-15,3693.33333333333
2016-05-16,4475
2016-05-17,1967
2016-05-18,1659
2016-05-19,1402
2016-05-20,1360
2016-05-21,1652
2016-05-22,1762.89216944801
2016-05-23,1808
2016-05-24,1509
2016-05-25,1644
2016-05-26,1620
2016-05-27,2010
2016-05-28,2268
2016-05-29,2471.01750486246
2016-05-30,2575
2016-05-31,1557
2016-06-01,1549
2016-06-02,1650
2016-06-03,1415
2016-06-04,1888
2016-06-05,2270.34964093357
2016-06-06,2468
2016-06-07,1709
2016-06-08,2214
2016-06-09,2295
2016-06-10,2022
2016-06-11,2731.59259259259
2016-06-12,4049.40740740741
2016-06-13,4759
2016-06-14,1516
2016-06-15,1183
2016-06-16,1145
2016-06-17,1536
2016-06-18,1652
2016-06-19,1942.67115551694
2016-06-20,2157
2016-06-21,1347
2016-06-22,1924
2016-06-23,1314
2016-06-24,1693
2016-06-25,1853
2016-06-26,1987.51735357918
2016-06-27,2058
2016-06-28,1275
2016-06-29,1449
2016-06-30,1509
2016-07-01,1452
2016-07-02,1834
2016-07-03,2216.86779324056
2016-07-04,2430
2016-07-05,1636
2016-07-06,843
2016-07-07,1612.98335775886
2016-07-08,2630
2016-07-09,3103.91847509535
2016-07-10,3466.45923754768
2016-07-11,3611
2016-07-12,2157
2016-07-13,2362
2016-07-14,2993
2016-07-15,2707
2016-07-16,2346
2016-07-17,2151.20378267756
2016-07-18,1949
2016-07-19,1534
2016-07-20,1449
2016-07-21,1017
2016-07-22,1333
2016-07-23,1289
2016-07-24,1639
2016-07-25,1989
2016-07-26,1765
2016-07-27,1863
2016-07-28,1636
2016-07-29,2147
2016-07-30,2125
2016-07-31,2253.5
2016-08-01,2382
2016-08-02,1772
2016-08-03,1362
2016-08-04,1280
2016-08-05,1748
2016-08-06,2470
2016-08-07,2777.02488687783
2016-08-08,2906
2016-08-09,1565
2016-08-10,1664
2016-08-11,1259
2016-08-12,1840
2016-08-13,2600.23656403356
2016-08-14,3477.04361247428
2016-08-15,4200.82885467785
2016-08-16,4502
2016-08-17,1551
2016-08-18,230
2016-08-19,2487
2016-08-20,2323
2016-08-21,2607.5
2016-08-22,2892
2016-08-23,2434
2016-08-24,2377
2016-08-25,2876
2016-08-26,3243
2016-08-27,3015
2016-08-28,3241
2016-08-29,3467
2016-08-30,2555
2016-08-31,2082
2016-09-01,2677
2016-09-02,2309
2016-09-03,3084
2016-09-04,3658.65022884985
2016-09-05,4130.32511442492
2016-09-06,4326
2016-09-07,2264
2016-09-08,3073
2016-09-09,4598.29480376452
2016-09-10,6655.42871445735
2016-09-11,8462.84826792151
2016-09-12,9239
2016-09-13,6409.85992081975
2016-09-14,2929
2016-09-15,2042
2016-09-16,3286
2016-09-17,4025
2016-09-18,5107.73233539025
2016-09-19,5792
2016-09-20,4450
2016-09-21,3461
2016-09-22,3626
2016-09-23,3678
2016-09-24,4676
2016-09-25,5508.19044626021
2016-09-26,5943
2016-09-27,5597
2016-09-28,4806
2016-09-29,4633
2016-09-30,6771.5
2016-10-01,8910
2016-10-02,7723.11510791367
2016-10-03,6022
2016-10-04,5186
2016-10-05,4504
2016-10-06,5300
2016-10-07,6063
2016-10-08,7971.84274372482
2016-10-09,11129.0431564122
2016-10-10,14823.1301632228
2016-10-11,18342.6326893172
2016-10-12,20976.0796598561
2016-10-13,22012
2016-10-14,6333
2016-10-15,9419.74074074074
2016-10-16,15152.2592592593
2016-10-17,18239
2016-10-18,9599
2016-10-19,8795
2016-10-20,5833
2016-10-21,10050
2016-10-22,8784
2016-10-23,6013.29084301037
2016-10-24,4041
2016-10-25,10773
2016-10-26,8338
2016-10-27,8794
2016-10-28,9264
2016-10-29,9889.35689217575
2016-10-30,10647.3815036977
2016-10-31,11382.0276691318
2016-11-01,11937.2492230439
2016-11-02,12157
2016-11-03,5633
2016-11-04,8315
2016-11-05,9434
2016-11-06,10216.8055705787
2016-11-07,10602
2016-11-08,9122
2016-11-09,8513
2016-11-10,5055
2016-11-11,5397
2016-11-12,8282.98396262595
2016-11-13,13069.6586479796
2016-11-14,15591
2016-11-15,7590
2016-11-16,7760
2016-11-17,11920.5360568384
2016-11-18,15933
2016-11-19,7946
2016-11-20,8427.5
2016-11-21,8909
2016-11-22,7814
2016-11-23,6183
2016-11-24,6972
2016-11-25,7217
2016-11-26,7721
2016-11-27,5864
2016-11-28,4007
2016-11-29,5479
2016-11-30,5406
2016-12-01,6597
2016-12-02,5296
2016-12-03,5837
2016-12-04,5570.64234704754
2016-12-05,5047
2016-12-06,4368
2016-12-07,4512
2016-12-08,5293
2016-12-09,5560
2016-12-10,7198.25925925926
2016-12-11,9805.62962962963
2016-12-12,1940.94982910156
2016-12-13,1921.162109375
2016-12-14,1879.21362304688
2016-12-15,1896.77038574219
2016-12-16,1992.54931640625
2016-12-17,1900.57800292969
2016-12-18,1749.98889160156
2016-12-19,1839.57702636719
2016-12-20,1852.80358886719
2016-12-21,1982.02233886719
2016-12-22,2142.255859375
2016-12-23,2273.58081054687
2016-12-24,2232.34155273437
2016-12-25,2322.5693359375
2016-12-26,2244.59692382813
2016-12-27,2330.818359375
2016-12-28,2088.93334960938
2016-12-29,2009.87658691406
2016-12-30,2056.6708984375
2016-12-31,2251.0419921875
2017-01-01,2331.13159179688
2017-01-02,2166.04956054687
2017-01-03,2127.81811523437
2017-01-04,2202.89794921875
2017-01-05,2282.16235351562
2017-01-06,2222.68994140625
2017-01-07,2201.82763671875
2017-01-08,2261.64599609375
2017-01-09,2278.60107421875
2017-01-10,2086.99389648437
2017-01-11,1626.91564941406
2017-01-12,1683.33520507813
2017-01-13,1940.18432617188
2017-01-14,1990.22021484375
2017-01-15,1736.32556152344
2017-01-16,1748.49145507813
2017-01-17,1858.02014160156
2017-01-18,1604.51794433594
2017-01-19,1914.01342773438
2017-01-20,1682.37512207031
2017-01-21,1931.81457519531
2017-01-22,2006.81457519531
2017-01-23,1669.31127929688
2017-01-24,2055.15405273437
2017-01-25,2117.34326171875
2017-01-26,1840.51379394531
2017-01-27,2039.72998046875
2017-01-28,2218.01196289063
2017-01-29,1864.828125
2017-01-30,2070.61010742187
2017-01-31,2098.5986328125
2017-02-01,2038.62927246094
2017-02-02,1962.08374023438
2017-02-03,1832.31970214844
2017-02-04,1923.0283203125
2017-02-05,1913.3095703125
2017-02-06,1991.29919433594
2017-02-07,2161.13061523437
2017-02-08,2260.14819335937
2017-02-09,1988.81701660156
2017-02-10,2015.25476074219
2017-02-11,2016.50622558594
2017-02-12,2008.26904296875
2017-02-13,1977.27941894531
2017-02-14,1918.17333984375
2017-02-15,1927.7666015625
2017-02-16,1872.03210449219
2017-02-17,1977.69165039063
2017-02-18,1975.89660644531
2017-02-19,1911.47351074219
2017-02-20,1971.2041015625
2017-02-21,2012.19018554688
2017-02-22,2037.74865722656
2017-02-23,2075.50268554687
2017-02-24,2061.27661132812
2017-02-25,2073.97680664062
2017-02-26,2083.37231445312
2017-02-27,2121.95922851562
2017-02-28,2124.69873046875
2017-03-01,2104.34497070313
2017-03-02,2142.47607421875
2017-03-03,2078.27758789062
2017-03-04,2050.34448242187
2017-03-05,2130.01196289062
2017-03-06,2139.72387695312
2017-03-07,2121.71826171875
2017-03-08,2139.34130859375
2017-03-09,2176.017578125
2017-03-10,2271.9658203125
2017-03-11,2238.38623046875
2017-03-12,2457.83862304688
2017-03-13,2451.62817382813
2017-03-14,2512.03588867188
2017-03-15,2495.22802734375
2017-03-16,2548.3955078125
2017-03-17,2452.78466796875
2017-03-18,2416.1416015625
2017-03-19,2482.20703125
2017-03-20,2424.4248046875
2017-03-21,2496.69506835937
2017-03-22,2491.62524414062
2017-03-23,2544.62426757813
2017-03-24,2583.67553710938
2017-03-25,2565.08520507812
2017-03-26,2472.16430664063
2017-03-27,2513.33911132813
2017-03-28,2397.72534179688
2017-03-29,2464.44897460937
2017-03-30,2499.39404296875
2017-03-31,2415.927734375
2017-04-01,2410.48168945313
2017-04-02,2405.03735351562
2017-04-03,2412.46655273437
2017-04-04,2403.2958984375
2017-04-05,2474.78588867187
2017-04-06,2454.7470703125
2017-04-07,2521.556640625
2017-04-08,2541.16162109375
2017-04-09,2477.16918945313
2017-04-10,2427.37622070312
2017-04-11,2562.44677734375
2017-04-12,2383.2783203125
2017-04-13,2261.37377929687
2017-04-14,2101.81103515625
2017-04-15,1821.48852539063
2017-04-16,1715.01379394531
2017-04-17,1782.51062011719
2017-04-18,1880.70043945313
2017-04-19,1872.44177246094
2017-04-20,1994.21997070312
2017-04-21,1992.61535644531
2017-04-22,2107.24365234375
2017-04-23,2161.935546875
2017-04-24,2130.826171875
2017-04-25,2039.66638183594
2017-04-26,2099.00146484375
2017-04-27,1992.98559570313
2017-04-28,2084.25634765625
2017-04-29,2009.51025390625
2017-04-30,1810.70983886719
2017-05-01,1956.96069335938
2017-05-02,1755.91577148438
2017-05-03,1709.1982421875
2017-05-04,1798.68273925781
2017-05-05,1787.08178710938
2017-05-06,1734.14282226563
2017-05-07,2000.20422363281
2017-05-08,1967.08374023438
2017-05-09,2061.19921875
2017-05-10,2012.12854003906
2017-05-11,2011.98852539062
2017-05-12,2080.57153320313
2017-05-13,2102.78686523437
2017-05-14,1969.697265625
2017-05-15,1884.06091308594
2017-05-16,1751.94616699219
2017-05-17,1846.12463378906
2017-05-18,1899.57409667969
2017-05-19,1957.71813964844
2017-05-20,2092.634765625
2017-05-21,2042.10424804688
2017-05-22,2138.72778320312
2017-05-23,1986.19689941406
2017-05-24,1931.71166992188
2017-05-25,1790.70910644531
2017-05-26,1965.9541015625
2017-05-27,2073.0791015625
2017-05-28,2038.6171875
2017-05-29,2067.33154296875
2017-05-30,1968.09838867188
2017-05-31,1919.77185058594
2017-06-01,1794.4033203125
2017-06-02,1873.74194335938
2017-06-03,1954.4462890625
2017-06-04,1900.25305175781
2017-06-05,1847.892578125
2017-06-06,1768.61486816406
2017-06-07,1697.63415527344
2017-06-08,1951.54528808594
2017-06-09,1813.66418457031
2017-06-10,2088.00366210937
2017-06-11,2109.90478515625
2017-06-12,2103.3603515625
2017-06-13,2026.79443359375
2017-06-14,1969.71130371094
2017-06-15,2044.05651855469
2017-06-16,2043.35827636719
2017-06-17,2067.02392578125
2017-06-18,2039.37548828125
2017-06-19,1992.68383789063
2017-06-20,2033.90966796875
2017-06-21,2082.07373046875
2017-06-22,2123.91381835937
2017-06-23,2152.0205078125
2017-06-24,2208.63037109375
2017-06-25,2230.56005859375
2017-06-26,2178.34497070312
2017-06-27,2150.66333007812
2017-06-28,2159.33447265625
2017-06-29,2120.12670898438
2017-06-30,2122.25634765625
2017-07-01,2072.78686523437
2017-07-02,2122.15209960937
2017-07-03,2186.75048828125
2017-07-04,2221.62133789062
2017-07-05,2248.97802734375
2017-07-06,2249.54028320312
2017-07-07,2227.58569335938
2017-07-08,2313.91186523437
2017-07-09,2290.1279296875
2017-07-10,2053.69750976562
2017-07-11,2164.32202148437
2017-07-12,2186.5361328125
2017-07-13,1987.61108398438
2017-07-14,1861.61364746094
2017-07-15,1852.52087402344
2017-07-16,1890.0068359375
2017-07-17,1867.25170898438
2017-07-18,1985.03271484375
2017-07-19,1910.82104492188
2017-07-20,1994.10888671875
2017-07-21,2023.11279296875
2017-07-22,1917.6455078125
2017-07-23,1842.845703125
2017-07-24,1777.86083984375
2017-07-25,1859.12854003906
2017-07-26,1913.18347167969
2017-07-27,1969.17297363281
2017-07-28,1978.35815429688
2017-07-29,1959.31994628906
2017-07-30,2020.23645019531
2017-07-31,1711.85620117188
2017-08-01,1739.66809082031
2017-08-02,1902.16247558594
2017-08-03,1756.91076660156
2017-08-04,1815.30151367188
2017-08-05,1712.60302734375
2017-08-06,1805.09118652344
2017-08-07,1928.2490234375
2017-08-08,1922.38562011719
2017-08-09,2160.07885742188
2017-08-10,2062.32934570312
2017-08-11,2045.26940917969
2017-08-12,2172.19506835937
2017-08-13,2073.29931640625
2017-08-14,1803.8251953125
2017-08-15,1892.60815429688
2017-08-16,1992.00805664063
2017-08-17,1982.10205078125
2017-08-18,2054.60571289063
2017-08-19,2209.47802734375
2017-08-20,2287.857421875
2017-08-21,2229.77514648437
2017-08-22,2185.474609375
2017-08-23,2169.33544921875
2017-08-24,2185.08837890625
2017-08-25,2359.40014648437
2017-08-26,2323.453125
2017-08-27,2322.78125
2017-08-28,2271.98852539063
2017-08-29,2293.58959960937
2017-08-30,2276.40209960937
2017-08-31,2168.52075195312
2017-09-01,2320.70947265625
2017-09-02,2375.44750976563
2017-09-03,2335.65747070312
2017-09-04,2222.0380859375
2017-09-05,2380.51782226563
2017-09-06,2334.9873046875
2017-09-07,2231.2265625
2017-09-08,2043.66809082031
2017-09-09,1934.79443359375
2017-09-10,2071.45092773437
2017-09-11,2076.91186523438
2017-09-12,1987.75891113281
2017-09-13,1964.99682617188
2017-09-14,1840.65051269531
2017-09-15,1903.81567382813
2017-09-16,2044.18212890625
2017-09-17,2000.40295410156
2017-09-18,1990.37829589844
2017-09-19,2103.615234375
2017-09-20,2005.85034179687
2017-09-21,1998.98742675781
2017-09-22,1923.71276855469
2017-09-23,2095.84326171875
2017-09-24,2003.12170410156
2017-09-25,2148.24389648437
2017-09-26,2099.64453125
2017-09-27,2108.33471679687
2017-09-28,2159.90698242187
2017-09-29,1991.67944335938
2017-09-30,1968.72045898438
2017-10-01,2022.40051269531
2017-10-02,2026.09020996094
2017-10-03,1881.60571289063
2017-10-04,1940.96643066406
2017-10-05,2572.12719726563
2017-10-06,2733.1142578125
2017-10-07,2546.36694335937
2017-10-08,2672.255859375
2017-10-09,2258.26977539062
2017-10-10,2126.4609375
2017-10-11,2055.14526367187
2017-10-12,2145.18994140625
2017-10-13,2216.5322265625
2017-10-14,2085.48168945312
2017-10-15,2206.7578125
2017-10-16,2264.15209960938
2017-10-17,2144.77563476562
2017-10-18,2236.134765625
2017-10-19,2490.8330078125
2017-10-20,2513.00317382812
2017-10-21,2639.54760742187
2017-10-22,2572.8447265625
2017-10-23,2744.15698242187
2017-10-24,2683.8505859375
2017-10-25,2511.09033203125
2017-10-26,2541.54614257813
2017-10-27,2606.8662109375
2017-10-28,2672.96899414062
2017-10-29,2647.68530273437
2017-10-30,2777.50805664063
2017-10-31,2724.41137695312
2017-11-01,2567.41748046875
2017-11-02,2727.54760742187
2017-11-03,2580.89819335937
2017-11-04,3635.39575195312
2017-11-05,3476.53466796875
2017-11-06,3387.10009765625
2017-11-07,2470.78100585937
2017-11-08,2616.13134765625
2017-11-09,2580.74633789062
2017-11-10,2558.88232421875
2017-11-11,2443.10205078125
2017-11-12,2626.41015625
2017-11-13,2502.78393554687
2017-11-14,2409.41259765625
2017-11-15,2424.9326171875
2017-11-16,2083.3603515625
2017-11-17,2385.29565429687
2017-11-18,2399.97875976562
2017-11-19,2631.91137695312
2017-11-20,2812.11328125
2017-11-21,2779.54174804688
2017-11-22,2672.66796875
2017-11-23,2731.15698242187
2017-11-24,2828.01196289062
2017-11-25,2903.58349609375
2017-11-26,2912.15478515625
2017-11-27,2912.53759765625
2017-11-28,3014.79516601563
2017-11-29,2842.61938476563
2017-11-30,2985.46484375
2017-12-01,2449.16577148437
2017-12-02,2428.43872070312
2017-12-03,2456.22485351562
2017-12-04,2792.94555664063
2017-12-05,2917.14477539062
2017-12-06,2816.27954101562
2017-12-07,2260.25048828125
2017-12-08,2116.6611328125
2017-12-09,2259.82446289062
2017-12-10,2381.32934570312
2017-12-11,2297.04833984375
2017-12-12,2238.46020507812
2017-12-13,2073.361328125
2017-12-14,2302.56860351562
2017-12-15,2426.625
2017-12-16,2411.44140625
2017-12-17,2241.68579101562
2017-12-18,2283.58227539062
2017-12-19,2208.48657226562
2017-12-20,2197.478515625
2017-12-21,2280.9296875
2017-12-22,2320.68359375
2017-12-23,2292.61303710937
2017-12-24,2328.00512695312
2017-12-25,2188.2978515625
2017-12-26,2285.37817382812
2017-12-27,2141.79296875
2017-12-28,2054.4404296875
2017-12-29,2067.87646484375
2017-12-30,1999.08178710937
2017-12-31,2367.4990234375
2018-01-01,2441.44873046875
2018-01-02,2419.09594726562
2018-01-03,2244.9306640625
2018-01-04,2282.21997070312
2018-01-05,2389.16650390625
2018-01-06,2636.09936523437
2018-01-07,2856.01684570313
2018-01-08,2717.33422851562
2018-01-09,2753.41650390625
2018-01-10,2701.5966796875
2018-01-11,2692.64477539062
2018-01-12,2538.8486328125
2018-01-13,2500.18603515625
2018-01-14,2358.55908203125
2018-01-15,2518.99291992187
2018-01-16,2562.298828125
2018-01-17,2594.49438476563
2018-01-18,2923.03149414062
2018-01-19,3007.9599609375
2018-01-20,2917.87841796875
2018-01-21,3063.17431640625
2018-01-22,2948.919921875
2018-01-23,2891.2412109375
2018-01-24,3023.14794921875
2018-01-25,3052.47412109375
2018-01-26,3065.611328125
2018-01-27,3234.7197265625
2018-01-28,3150.25610351563
2018-01-29,3352.73217773437
2018-01-30,2787.46923828125
2018-01-31,2557.6962890625
2018-02-01,2665.03173828125
2018-02-02,2915.19311523437
2018-02-03,3122.62060546875
2018-02-04,3070.033203125
2018-02-05,2668.76318359375
2018-02-06,2678.90747070312
2018-02-07,2771.94653320312
2018-02-08,2775.974609375
2018-02-09,2705.79345703125
2018-02-10,3277.80639648437
2018-02-11,2645.73071289062
2018-02-12,2637.36499023438
2018-02-13,2854.59106445313
2018-02-14,2573.25537109375
2018-02-15,2711.74047851563
2018-02-16,2619.83032226563
2018-02-17,4101.61767578125
2018-02-18,3981.712890625
2018-02-19,3619.95239257813
2018-02-20,3845.89453125
2018-02-21,3812.55908203125
2018-02-22,3804.51293945312
2018-02-23,3671.84643554687
2018-02-24,4116.171875
2018-02-25,3491.19775390625
2018-02-26,4351.56005859375
2018-02-27,4726.08203125
2018-02-28,5647.8466796875
2018-03-01,3923.33056640625
2018-03-02,3205.96508789062
2018-03-03,3486.90625
2018-03-04,3963.36840820312
2018-03-05,4454.96337890625
2018-03-06,3802.81713867187
2018-03-07,2313.6220703125
2018-03-08,2283.26123046875
2018-03-09,2273.70825195312
2018-03-10,2297.65893554687
2018-03-11,2172.97485351562
2018-03-12,2370.67846679688
2018-03-13,2153.94384765625
2018-03-14,2118.83154296875
2018-03-15,2184.47290039063
2018-03-16,2279.11962890625
2018-03-17,2315.97314453125
2018-03-18,2316.95361328125
2018-03-19,2536.990234375
2018-03-20,2538.47314453125
2018-03-21,2547.49145507812
2018-03-22,2585.01782226562
2018-03-23,2565.58178710937
2018-03-24,2530.62646484375
2018-03-25,2577.48950195313
2018-03-26,2531.19775390625
2018-03-27,2540.91284179687
2018-03-28,2681.962890625
2018-03-29,2814.724609375
2018-03-30,2818.3193359375
2018-03-31,2532.60009765625
2018-04-01,2395.19213867187
2018-04-02,2421.31909179687
2018-04-03,2551.18115234375
2018-04-04,2688.77905273437
2018-04-05,2641.91333007812
2018-04-06,2246.33642578125
2018-04-07,2258.65747070312
2018-04-08,2257.46508789062
2018-04-09,2268.77758789062
2018-04-10,2293.23486328125
2018-04-11,2239.47631835937
2018-04-12,2259.48828125
2018-04-13,2227.18237304688
2018-04-14,2285.45922851562
2018-04-15,2270.27514648438
2018-04-16,2193.86743164062
2018-04-17,2254.18725585937
2018-04-18,2351.44580078125
2018-04-19,2431.37817382812
2018-04-20,2389.36303710937
2018-04-21,2460.8486328125
2018-04-22,2383.58544921875
2018-04-23,2368.283203125
2018-04-24,2426.74682617187
2018-04-25,2413.7451171875
2018-04-26,2444.59838867188
2018-04-27,2463.54907226562
2018-04-28,2548.28149414062
2018-04-29,2613.73901367187
2018-04-30,2427.37768554688
2018-05-01,2368.623046875
2018-05-02,2386.2490234375
2018-05-03,2562.71704101562
2018-05-04,2564.77612304687
2018-05-05,2595.36547851562
2018-05-06,2163.84716796875
2018-05-07,2436.90942382812
2018-05-08,2524.15209960937
2018-05-09,2555.56884765625
2018-05-10,2400.22729492187
2018-05-11,2464.470703125
2018-05-12,2469.28271484375
2018-05-13,2304.49584960937
2018-05-14,2351.55200195312
2018-05-15,2298.32397460937
2018-05-16,2451.14135742187
2018-05-17,2380.06176757812
2018-05-18,2719.85815429688
2018-05-19,2728.15600585937
2018-05-20,2724.9853515625
2018-05-21,2770.36938476563
2018-05-22,2831.08129882812
2018-05-23,2832.38989257812
2018-05-24,2803.96997070312
2018-05-25,2770.2177734375
2018-05-26,2771.48828125
2018-05-27,2969.73315429687
2018-05-28,2997.74780273437
2018-05-29,3069.84497070312
2018-05-30,2696.96752929687
2018-05-31,2554.3076171875
2018-06-01,2490.89379882812
2018-06-02,2682.01416015625
2018-06-03,2809.55395507813
2018-06-04,2860.89868164062
2018-06-05,2382.26000976562
2018-06-06,2342.6689453125
2018-06-07,2444.9501953125
2018-06-08,2536.40649414062
2018-06-09,2431.986328125
2018-06-10,2404.55639648437
2018-06-11,2488.97729492188
2018-06-12,2220.23999023437
2018-06-13,2167.443359375
2018-06-14,2174.3740234375
2018-06-15,2215.9189453125
2018-06-16,2458.55200195312
2018-06-17,2390.62548828125
2018-06-18,2532.5458984375
2018-06-19,2474.56079101562
2018-06-20,2459.9296875
2018-06-21,2378.4951171875
2018-06-22,2236.16015625
2018-06-23,2321.30493164063
2018-06-24,2388.64770507812
2018-06-25,2455.82763671875
2018-06-26,2345.60180664062
2018-06-27,2334.18041992187
2018-06-28,2333.77880859375
2018-06-29,2356.4697265625
2018-06-30,2515.19360351562
2018-07-01,2543.16918945312
2018-07-02,2416.45068359375
2018-07-03,2410.46923828125
2018-07-04,2393.00317382812
2018-07-05,2611.43090820312
2018-07-06,2527.15844726562
2018-07-07,2670.70825195312
2018-07-08,2549.80346679688
2018-07-09,2462.08227539062
2018-07-10,2311.69848632813
2018-07-11,2444.22485351562
2018-07-12,2682.79956054687
2018-07-13,2671.33715820313
2018-07-14,2451.857421875
2018-07-15,2371.79736328125
2018-07-16,2402.50903320312
2018-07-17,2482.74072265625
2018-07-18,2528.67065429687
2018-07-19,2418.88305664063
2018-07-20,2640.94262695312
2018-07-21,2700.87036132812
2018-07-22,2541.666015625
2018-07-23,2509.666015625
2018-07-24,2429.08813476562
2018-07-25,2486.5478515625
2018-07-26,2496.65771484375
2018-07-27,2485.35913085938
2018-07-28,2566.16967773438
2018-07-29,2192.39794921875
2018-07-30,2216.9921875
2018-07-31,2077.58666992187
2018-08-01,2314.47412109375
2018-08-02,2463.40600585938
2018-08-03,2312.619140625
2018-08-04,2271.63500976562
2018-08-05,2252.82495117187
2018-08-06,1979.51501464844
2018-08-07,2209.166015625
2018-08-08,1997.10229492188
2018-08-09,2095.9208984375
2018-08-10,2073.91772460937
2018-08-11,2075.98828125
2018-08-12,2128.31665039062
2018-08-13,1766.37939453125
2018-08-14,1849.37414550781
2018-08-15,1851.22717285156
2018-08-16,2025.35302734375
2018-08-17,1859.51379394531
2018-08-18,2028.32580566406
2018-08-19,1969.60314941406
2018-08-20,2051.96704101562
2018-08-21,2075.80712890625
2018-08-22,2178.03979492187
2018-08-23,2162.92602539062
2018-08-24,2000.74487304687
2018-08-25,1848.59008789062
2018-08-26,1781.39587402344
2018-08-27,2035.728515625
2018-08-28,1705.47570800781
2018-08-29,1857.41003417969
2018-08-30,1641.29479980469
2018-08-31,2001.10046386719
2018-09-01,1967.33190917969
2018-09-02,1962.55493164063
2018-09-03,2452.9814453125
2018-09-04,2435.63647460937
2018-09-05,2486.59252929688
2018-09-06,2268.88037109375
2018-09-07,2463.77221679688
2018-09-08,2532.73754882813
2018-09-09,2289.33666992187
2018-09-10,2284.70678710937
2018-09-11,1942.32299804688
2018-09-12,1823.04992675781
2018-09-13,2066.78051757812
2018-09-14,2127.64013671875
2018-09-15,1741.22326660156
2018-09-16,1536.22106933594
2018-09-17,1584.28271484375
2018-09-18,1807.31140136719
2018-09-19,1769.31823730469
2018-09-20,1820.00842285156
2018-09-21,1840.95935058594
2018-09-22,1615.26440429688
2018-09-23,1878.23754882813
2018-09-24,1579.24475097656
2018-09-25,1351.84838867188
2018-09-26,1681.74645996094
2018-09-27,1848.50354003906
2018-09-28,1830.72473144531
2018-09-29,1750.65673828125
2018-09-30,1728.94702148438
2018-10-01,1595.65087890625
2018-10-02,1435.87561035156
2018-10-03,2478.330078125
2018-10-04,2643.14990234375
2018-10-05,2543.20336914062
2018-10-06,2296.54736328125
2018-10-07,2266.30908203125
2018-10-08,2266.13134765625
2018-10-09,2397.86181640625
2018-10-10,2232.03393554687
2018-10-11,2133.67749023437
2018-10-12,2005.83129882812
2018-10-13,2095.88452148437
2018-10-14,2066.47583007812
2018-10-15,2052.12036132813
2018-10-16,2082.76708984375
2018-10-17,2107.66455078125
2018-10-18,2360.30590820312
2018-10-19,2558.84155273437
2018-10-20,2442.390625
2018-10-21,2414.69018554687
2018-10-22,2244.1357421875
2018-10-23,2168.55712890625
2018-10-24,2401.92700195312
2018-10-25,2346.86328125
2018-10-26,2257.2919921875
2018-10-27,2081.34326171875
2018-10-28,2256.33813476562
2018-10-29,1910.96691894531
2018-10-30,1949.19128417969
2018-10-31,2151.50903320312
2018-11-01,2095.13354492187
2018-11-02,2773.45825195312
2018-11-03,2670.27319335937
2018-11-04,2511.744140625
2018-11-05,2184.57568359375
2018-11-06,2007.76293945313
2018-11-07,2117.64624023438
2018-11-08,2272.35083007813
2018-11-09,2066.49853515625
2018-11-10,2056.44604492187
2018-11-11,1925.34350585938
2018-11-12,2295.88452148437
2018-11-13,2294.7958984375
2018-11-14,2671.02392578125
2018-11-15,2137.92626953125
2018-11-16,1919.62268066406
2018-11-17,2068.234375
2018-11-18,2153.91479492187
2018-11-19,2286.0634765625
2018-11-20,2292.255859375
2018-11-21,2145.84741210937
2018-11-22,2095.63110351562
2018-11-23,2434.1455078125
2018-11-24,2383.63940429688
2018-11-25,2560.19165039062
2018-11-26,2039.12109375
2018-11-27,2244.1181640625
2018-11-28,2218.10083007812
2018-11-29,2225.83911132812
2018-11-30,2128.27001953125
2018-12-01,1821.88061523438
2018-12-02,2648.3994140625
2018-12-03,2604.11572265625
2018-12-04,2448.64526367187
2018-12-05,2444.7490234375
2018-12-06,2350.04150390625
2018-12-07,2431.57275390625
2018-12-08,2456.18969726562
2018-12-09,2297.07788085937
2018-12-10,2271.17578125
2018-12-11,2199.1337890625
2018-12-12,2266.72265625
2018-12-13,2285.63696289062
2018-12-14,2594.26440429687
2018-12-15,2605.0703125
2018-12-16,2515.05981445312
2018-12-17,2527.6669921875
2018-12-18,2555.48071289062
2018-12-19,2516.15380859375
2018-12-20,2445.4990234375
2018-12-21,2531.99853515625
2018-12-22,2561.560546875
2018-12-23,2609.7490234375
2018-12-24,2466.29150390625
2018-12-25,2561.39501953125
2018-12-26,2385.61376953125
2018-12-27,2272.15747070312
2018-12-28,2258.93896484375
2018-12-29,2430.169921875
2018-12-30,1956.94336118849
2018-12-31,1757
