date,price
2006-01-01,350
2006-01-02,350
2006-01-03,350
2006-01-04,350
2006-01-05,350
2006-01-06,400
2006-01-07,400
2006-01-08,350
2006-01-09,300
2006-01-10,300
2006-01-11,359.62962962963
2006-01-12,470.37037037037
2006-01-13,530
2006-01-14,510.770887166236
2006-01-15,463.763996554694
2006-01-16,405
2006-01-17,320
2006-01-18,290
2006-01-19,275
2006-01-20,271.336206896552
2006-01-21,270
2006-01-22,340
2006-01-23,470
2006-01-24,540
2006-01-25,325
2006-01-26,327.5
2006-01-27,330
2006-01-28,301.481481481482
2006-01-29,248.518518518519
2006-01-30,220
2006-01-31,220
2006-02-01,240
2006-02-02,250
2006-02-03,250
2006-02-04,250
2006-02-05,245
2006-02-06,240
2006-02-07,240
2006-02-08,270
2006-02-09,360.384615384615
2006-02-10,430
2006-02-11,385.925925925926
2006-02-12,304.074074074074
2006-02-13,260
2006-02-14,260
2006-02-15,250
2006-02-16,275
2006-02-17,353.75
2006-02-18,415
2006-02-19,353.861940298507
2006-02-20,270
2006-02-21,235
2006-02-22,235
2006-02-23,235
2006-02-24,275
2006-02-25,300
2006-02-26,281.851851851852
2006-02-27,248.148148148148
2006-02-28,230
2006-03-01,230
2006-03-02,260
2006-03-03,250
2006-03-04,270
2006-03-05,263.518518518519
2006-03-06,251.481481481481
2006-03-07,245
2006-03-08,270
2006-03-09,260
2006-03-10,310
2006-03-11,287.962962962963
2006-03-12,247.037037037037
2006-03-13,225
2006-03-14,252.222222222222
2006-03-15,302.777777777778
2006-03-16,330
2006-03-17,317.298387096774
2006-03-18,288.629032258064
2006-03-19,258.145161290323
2006-03-20,240
2006-03-21,235
2006-03-22,265
2006-03-23,286.078431372549
2006-03-24,303.039215686275
2006-03-25,310
2006-03-26,310
2006-03-27,310
2006-03-28,225
2006-03-29,226.500829187396
2006-03-30,231.334991708126
2006-03-31,240
2006-04-01,300
2006-04-02,285
2006-04-03,270
2006-04-04,270
2006-04-05,268.951915852742
2006-04-06,266.078136739294
2006-04-07,261.784372652141
2006-04-08,256.476333583772
2006-04-09,250.559729526672
2006-04-10,244.440270473328
2006-04-11,238.523666416228
2006-04-12,233.215627347859
2006-04-13,228.921863260706
2006-04-14,226.048084147258
2006-04-15,225
2006-04-16,230
2006-04-17,235
2006-04-18,235
2006-04-19,230
2006-04-20,230
2006-04-21,230
2006-04-22,230
2006-04-23,227.5
2006-04-24,225
2006-04-25,225
2006-04-26,275
2006-04-27,270
2006-04-28,295
2006-04-29,287.96875
2006-04-30,272.5
2006-05-01,257.03125
2006-05-02,250
2006-05-03,250
2006-05-04,248.929398148148
2006-05-05,246.018518518519
2006-05-06,241.71875
2006-05-07,236.481481481482
2006-05-08,230.758101851852
2006-05-09,225
2006-05-10,216.09375
2006-05-11,210
2006-05-12,210
2006-05-13,210
2006-05-14,210
2006-05-15,210
2006-05-16,235
2006-05-17,235
2006-05-18,242.5
2006-05-19,250
2006-05-20,240
2006-05-21,240
2006-05-22,240
2006-05-23,240
2006-05-24,240
2006-05-25,240
2006-05-26,240
2006-05-27,270
2006-05-28,283.970588235294
2006-05-29,290
2006-05-30,210
2006-05-31,210
2006-06-01,235
2006-06-02,275
2006-06-03,325
2006-06-04,325
2006-06-05,325
2006-06-06,355
2006-06-07,325
2006-06-08,325
2006-06-09,275
2006-06-10,256.545691420063
2006-06-11,244.383956821143
2006-06-12,240
2006-06-13,325
2006-06-14,325
2006-06-15,340
2006-06-16,325
2006-06-17,320
2006-06-18,293.060344827586
2006-06-19,270
2006-06-20,325
2006-06-21,317.5
2006-06-22,310
2006-06-23,310
2006-06-24,317.037037037037
2006-06-25,334.62962962963
2006-06-26,357.5
2006-06-27,380.37037037037
2006-06-28,397.962962962963
2006-06-29,405
2006-06-30,310
2006-07-01,315.185185185185
2006-07-02,324.814814814815
2006-07-03,330
2006-07-04,325
2006-07-05,510
2006-07-06,300
2006-07-07,310
2006-07-08,316.712808470317
2006-07-09,322.352820005768
2006-07-10,330
2006-07-11,348.41935483871
2006-07-12,362
2006-07-13,300
2006-07-14,225
2006-07-15,236.601307189543
2006-07-16,264.869281045752
2006-07-17,300
2006-07-18,350
2006-07-19,370
2006-07-20,325
2006-07-21,310
2006-07-22,250
2006-07-23,257.142857142857
2006-07-24,275
2006-07-25,325
2006-07-26,325
2006-07-27,275
2006-07-28,430
2006-07-29,310
2006-07-30,289.479018492176
2006-07-31,280
2006-08-01,275
2006-08-02,250
2006-08-03,405
2006-08-04,560
2006-08-05,340
2006-08-06,302.686567164179
2006-08-07,290
2006-08-08,325
2006-08-09,280
2006-08-10,350
2006-08-11,350
2006-08-12,347.247904839146
2006-08-13,340.051365233847
2006-08-14,330
2006-08-15,302.262773722628
2006-08-16,280
2006-08-17,350
2006-08-18,355.090300546448
2006-08-19,360
2006-08-20,1857.49166666667
2006-08-21,3350
2006-08-22,280
2006-08-23,380
2006-08-24,350
2006-08-25,280
2006-08-26,330
2006-08-27,363.653846153846
2006-08-28,380
2006-08-29,370
2006-08-30,316.120689655172
2006-08-31,270
2006-09-01,350
2006-09-02,280
2006-09-03,296.346153846154
2006-09-04,330
2006-09-05,380
2006-09-06,420
2006-09-07,240
2006-09-08,280
2006-09-09,265.740740740741
2006-09-10,239.259259259259
2006-09-11,225
2006-09-12,350
2006-09-13,275
2006-09-14,230
2006-09-15,226.185064935065
2006-09-16,225
2006-09-17,282.5
2006-09-18,340
2006-09-19,225
2006-09-20,350
2006-09-21,340
2006-09-22,330
2006-09-23,332.592592592593
2006-09-24,337.407407407407
2006-09-25,340
2006-09-26,260
2006-09-27,272.5
2006-09-28,300
2006-09-29,327.5
2006-09-30,340
2006-10-01,340
2006-10-02,340
2006-10-03,340
2006-10-04,320
2006-10-05,315
2006-10-06,420
2006-10-07,412.557970401691
2006-10-08,394.073911205074
2006-10-09,370.310866807611
2006-10-10,347.031881606765
2006-10-11,330
2006-10-12,318.00431297899
2006-10-13,306.058486390063
2006-10-14,294.262426912659
2006-10-15,282.716041226216
2006-10-16,271.519236010174
2006-10-17,260.771917943975
2006-10-18,250.573993707056
2006-10-19,241.025369978858
2006-10-20,232.225953438821
2006-10-21,224.275650766385
2006-10-22,217.274368640988
2006-10-23,211.322013742072
2006-10-24,206.518492749075
2006-10-25,202.963712341438
2006-10-26,200.757579198599
2006-10-27,200
2006-10-28,200
2006-10-29,270
2006-10-30,340
2006-10-31,275
2006-11-01,256.831395348837
2006-11-02,250
2006-11-03,250
2006-11-04,250
2006-11-05,260
2006-11-06,270
2006-11-07,270
2006-11-08,271.296296296296
2006-11-09,273.703703703704
2006-11-10,275
2006-11-11,275
2006-11-12,275
2006-11-13,275
2006-11-14,275
2006-11-15,287.002743484225
2006-11-16,319.170096021948
2006-11-17,365.740740740741
2006-11-18,420.953360768176
2006-11-19,479.046639231824
2006-11-20,534.259259259259
2006-11-21,580.829903978052
2006-11-22,612.997256515775
2006-11-23,625
2006-11-24,597.222222222222
2006-11-25,527.777777777778
2006-11-26,437.5
2006-11-27,347.222222222222
2006-11-28,277.777777777778
2006-11-29,250
2006-11-30,462.5
2006-12-01,675
2006-12-02,671.000713199028
2006-12-03,659.723198499394
2006-12-04,642.24797445602
2006-12-05,619.65555962383
2006-12-06,593.026472557746
2006-12-07,563.44123181269
2006-12-08,531.980355943586
2006-12-09,499.724363505356
2006-12-10,467.753773052923
2006-12-11,437.149103141209
2006-12-12,408.990872325137
2006-12-13,384.359599159629
2006-12-14,364.33580219961
2006-12-15,350
2006-12-16,338.571126532846
2006-12-17,329.007785488645
2006-12-18,325
2006-12-19,350
2006-12-20,375
2006-12-21,385.072951739619
2006-12-22,391.610549943883
2006-12-23,400
2006-12-24,410.208926875594
2006-12-25,424.121557454891
2006-12-26,450
2006-12-27,600
2006-12-28,633.142701525055
2006-12-29,658.867102396514
2006-12-30,677.794117647059
2006-12-31,690.544662309368
2007-01-01,697.739651416122
2007-01-02,700
2007-01-03,700
2007-01-04,700
2007-01-05,676.5625
2007-01-06,625
2007-01-07,573.4375
2007-01-08,550
2007-01-09,550
2007-01-10,650
2007-01-11,650
2007-01-12,644.460641399417
2007-01-13,630.174927113703
2007-01-14,610.64139941691
2007-01-15,589.35860058309
2007-01-16,569.825072886297
2007-01-17,555.539358600583
2007-01-18,550
2007-01-19,650
2007-01-20,650
2007-01-21,800
2007-01-22,950
2007-01-23,600
2007-01-24,623.4375
2007-01-25,675
2007-01-26,726.5625
2007-01-27,750
2007-01-28,750
2007-01-29,750
2007-01-30,750
2007-01-31,750
2007-02-01,750
2007-02-02,750
2007-02-03,750
2007-02-04,750
2007-02-05,750
2007-02-06,750
2007-02-07,750
2007-02-08,750
2007-02-09,750
2007-02-10,750
2007-02-11,750
2007-02-12,750
2007-02-13,750
2007-02-14,750
2007-02-15,750
2007-02-16,760.4
2007-02-17,785.2
2007-02-18,814.8
2007-02-19,839.6
2007-02-20,850
2007-02-21,850
2007-02-22,850
2007-02-23,850
2007-02-24,850
2007-02-25,823.68804664723
2007-02-26,755.830903790087
2007-02-27,663.046647230321
2007-02-28,561.953352769679
2007-03-01,469.169096209913
2007-03-02,401.31195335277
2007-03-03,375
2007-03-04,375
2007-03-05,375
2007-03-06,360
2007-03-07,410
2007-03-08,425
2007-03-09,425
2007-03-10,450.390625
2007-03-11,509.375
2007-03-12,576.171875
2007-03-13,625
2007-03-14,650
2007-03-15,650
2007-03-16,650
2007-03-17,650
2007-03-18,662.962962962963
2007-03-19,687.037037037037
2007-03-20,700
2007-03-21,700
2007-03-22,700
2007-03-23,625
2007-03-24,550
2007-03-25,550
2007-03-26,550
2007-03-27,550
2007-03-28,550
2007-03-29,250
2007-03-30,350
2007-03-31,429.621134896364
2007-04-01,496.755011892627
2007-04-02,525
2007-04-03,525
2007-04-04,525
2007-04-05,550
2007-04-06,646.656976744186
2007-04-07,725
2007-04-08,660.185185185185
2007-04-09,539.814814814815
2007-04-10,475
2007-04-11,525
2007-04-12,525
2007-04-13,475
2007-04-14,480.755755755756
2007-04-15,497.622622622623
2007-04-16,525
2007-04-17,625
2007-04-18,525
2007-04-19,525
2007-04-20,525
2007-04-21,525
2007-04-22,525
2007-04-23,525
2007-04-24,507.5
2007-04-25,490
2007-04-26,490
2007-04-27,490
2007-04-28,490
2007-04-29,532.5
2007-04-30,575
2007-05-01,575
2007-05-02,575
2007-05-03,562.037037037037
2007-05-04,537.962962962963
2007-05-05,525
2007-05-06,525
2007-05-07,525
2007-05-08,525
2007-05-09,525
2007-05-10,525
2007-05-11,525
2007-05-12,505.555555555556
2007-05-13,469.444444444444
2007-05-14,450
2007-05-15,525
2007-05-16,525
2007-05-17,525
2007-05-18,525
2007-05-19,525
2007-05-20,525
2007-05-21,525
2007-05-22,525
2007-05-23,525
2007-05-24,500
2007-05-25,501.439144736842
2007-05-26,505.921052631579
2007-05-27,513.692434210526
2007-05-28,525
2007-05-29,575
2007-05-30,575
2007-05-31,625
2007-06-01,625
2007-06-02,625
2007-06-03,625
2007-06-04,625
2007-06-05,625
2007-06-06,650
2007-06-07,825
2007-06-08,825
2007-06-09,825
2007-06-10,825
2007-06-11,825
2007-06-12,775
2007-06-13,825
2007-06-14,775
2007-06-15,775
2007-06-16,975
2007-06-17,975
2007-06-18,975
2007-06-19,975
2007-06-20,900
2007-06-21,850
2007-06-22,850
2007-06-23,850
2007-06-24,850
2007-06-25,850
2007-06-26,950
2007-06-27,950
2007-06-28,950
2007-06-29,950
2007-06-30,950
2007-07-01,950
2007-07-02,950
2007-07-03,950
2007-07-04,950
2007-07-05,950
2007-07-06,950
2007-07-07,950
2007-07-08,943.518518518519
2007-07-09,931.481481481482
2007-07-10,925
2007-07-11,925
2007-07-12,925
2007-07-13,925
2007-07-14,925
2007-07-15,925
2007-07-16,925
2007-07-17,925
2007-07-18,1025
2007-07-19,925
2007-07-20,925
2007-07-21,925
2007-07-22,925
2007-07-23,925
2007-07-24,925
2007-07-25,1025
2007-07-26,1025
2007-07-27,1025
2007-07-28,1025
2007-07-29,1000
2007-07-30,975
2007-07-31,975
2007-08-01,975
2007-08-02,975
2007-08-03,975
2007-08-04,975
2007-08-05,975
2007-08-06,975
2007-08-07,975
2007-08-08,975
2007-08-09,975
2007-08-10,975
2007-08-11,975
2007-08-12,975
2007-08-13,975
2007-08-14,850
2007-08-15,875
2007-08-16,900
2007-08-17,900
2007-08-18,904.382104877155
2007-08-19,919.87532086542
2007-08-20,950
2007-08-21,1600
2007-08-22,1350
2007-08-23,1200
2007-08-24,1000
2007-08-25,1000
2007-08-26,1075
2007-08-27,1150
2007-08-28,1150
2007-08-29,1150
2007-08-30,1150
2007-08-31,1150
2007-09-01,1150
2007-09-02,1150
2007-09-03,1150
2007-09-04,600
2007-09-05,850
2007-09-06,850
2007-09-07,850
2007-09-08,818.75
2007-09-09,750
2007-09-10,681.25
2007-09-11,650
2007-09-12,650
2007-09-13,650
2007-09-14,650
2007-09-15,650
2007-09-16,650
2007-09-17,650
2007-09-18,650
2007-09-19,1100
2007-09-20,1100
2007-09-21,1100
2007-09-22,1100
2007-09-23,1100
2007-09-24,1100
2007-09-25,1100
2007-09-26,1100
2007-09-27,450
2007-09-28,450
2007-09-29,450
2007-09-30,450
2007-10-01,450
2007-10-02,450
2007-10-03,450
2007-10-04,450
2007-10-05,450
2007-10-06,1100
2007-10-07,1175.65789473684
2007-10-08,1200
2007-10-09,900
2007-10-10,634.099616858238
2007-10-11,400.383141762452
2007-10-12,300
2007-10-13,325.925925925926
2007-10-14,374.074074074074
2007-10-15,400
2007-10-16,400
2007-10-17,1150
2007-10-18,1050
2007-10-19,1050
2007-10-20,855.555555555556
2007-10-21,494.444444444445
2007-10-22,300
2007-10-23,300
2007-10-24,300
2007-10-25,300
2007-10-26,500
2007-10-27,500
2007-10-28,500
2007-10-29,500
2007-10-30,450
2007-10-31,450
2007-11-01,400
2007-11-02,350
2007-11-03,350
2007-11-04,400
2007-11-05,450
2007-11-06,350
2007-11-07,300
2007-11-08,266.346153846154
2007-11-09,250
2007-11-10,275.925925925926
2007-11-11,324.074074074074
2007-11-12,350
2007-11-13,350
2007-11-14,300
2007-11-15,300
2007-11-16,300
2007-11-17,500
2007-11-18,475
2007-11-19,450
2007-11-20,450
2007-11-21,450
2007-11-22,550
2007-11-23,450
2007-11-24,400
2007-11-25,337.5
2007-11-26,300
2007-11-27,300
2007-11-28,300
2007-11-29,300
2007-11-30,300
2007-12-01,300
2007-12-02,300
2007-12-03,300
2007-12-04,300
2007-12-05,300
2007-12-06,300
2007-12-07,300
2007-12-08,300
2007-12-09,300
2007-12-10,300
2007-12-11,300
2007-12-12,300
2007-12-13,300
2007-12-14,300
2007-12-15,300
2007-12-16,300
2007-12-17,300
2007-12-18,300
2007-12-19,300
2007-12-20,250
2007-12-21,258.855897009967
2007-12-22,275
2007-12-23,291.461201918085
2007-12-24,311.284974563953
2007-12-25,333.860804155419
2007-12-26,358.578176910299
2007-12-27,384.826579046408
2007-12-28,411.995496781561
2007-12-29,439.474416333576
2007-12-30,466.652823920266
2007-12-31,492.920205759448
2008-01-01,517.666048068937
2008-01-02,540.279837066549
2008-01-03,560.1510589701
2008-01-04,576.669199997405
2008-01-05,589.223746366279
2008-01-06,597.204184294539
2008-01-07,600
2008-01-08,600
2008-01-09,600
2008-01-10,600
2008-01-11,545.3125
2008-01-12,425
2008-01-13,304.6875
2008-01-14,250
2008-01-15,250
2008-01-16,250
2008-01-17,250
2008-01-18,550
2008-01-19,472.222222222222
2008-01-20,327.777777777778
2008-01-21,250
2008-01-22,250
2008-01-23,300
2008-01-24,300
2008-01-25,300
2008-01-26,300
2008-01-27,300
2008-01-28,300
2008-01-29,550
2008-01-30,549.305262980502
2008-01-31,547.344073880585
2008-02-01,544.300965638113
2008-02-02,540.360471190954
2008-02-03,535.707123476971
2008-02-04,530.525455434032
2008-02-05,525
2008-02-06,515.530667951188
2008-02-07,500.545921644188
2008-02-08,483.273121387283
2008-02-09,466.93962748876
2008-02-10,454.772800256904
2008-02-11,450
2008-02-12,450
2008-02-13,450
2008-02-14,450
2008-02-15,300
2008-02-16,300
2008-02-17,300
2008-02-18,300
2008-02-19,300
2008-02-20,300
2008-02-21,300
2008-02-22,250
2008-02-23,250
2008-02-24,275
2008-02-25,300
2008-02-26,300
2008-02-27,300
2008-02-28,300
2008-02-29,300
2008-03-01,300
2008-03-02,300
2008-03-03,300
2008-03-04,300
2008-03-05,300
2008-03-06,300
2008-03-07,298.285322359396
2008-03-08,293.689986282579
2008-03-09,287.037037037037
2008-03-10,279.149519890261
2008-03-11,270.850480109739
2008-03-12,262.962962962963
2008-03-13,256.310013717421
2008-03-14,251.714677640604
2008-03-15,250
2008-03-16,250
2008-03-17,250
2008-03-18,250
2008-03-19,250
2008-03-20,250
2008-03-21,250
2008-03-22,250
2008-03-23,250
2008-03-24,250
2008-03-25,250
2008-03-26,250
2008-03-27,250
2008-03-28,250
2008-03-29,250
2008-03-30,250
2008-03-31,250
2008-04-01,250
2008-04-02,250
2008-04-03,250
2008-04-04,250
2008-04-05,275
2008-04-06,275
2008-04-07,275
2008-04-08,275
2008-04-09,300
2008-04-10,250
2008-04-11,250
2008-04-12,250
2008-04-13,250
2008-04-14,250
2008-04-15,250
2008-04-16,250
2008-04-17,250
2008-04-18,250
2008-04-19,250
2008-04-20,250
2008-04-21,250
2008-04-22,250
2008-04-23,225
2008-04-24,225
2008-04-25,225
2008-04-26,231.481481481482
2008-04-27,243.518518518519
2008-04-28,250
2008-04-29,250
2008-04-30,350
2008-05-01,350
2008-05-02,350
2008-05-03,350
2008-05-04,300
2008-05-05,250
2008-05-06,250.377446245215
2008-05-07,251.524095738972
2008-05-08,253.461414618439
2008-05-09,256.210869020786
2008-05-10,259.793925083181
2008-05-11,264.232048942793
2008-05-12,269.546706736789
2008-05-13,275.75936460234
2008-05-14,282.891488676613
2008-05-15,290.964545096776
2008-05-16,300
2008-05-17,325
2008-05-18,325
2008-05-19,325
2008-05-20,325
2008-05-21,325
2008-05-22,325
2008-05-23,325
2008-05-24,325
2008-05-25,325
2008-05-26,325
2008-05-27,325
2008-05-28,325
2008-05-29,325
2008-05-30,325
2008-05-31,500
2008-06-01,375
2008-06-02,250
2008-06-03,250
2008-06-04,250
2008-06-05,250
2008-06-06,375
2008-06-07,342.592592592593
2008-06-08,282.407407407407
2008-06-09,250
2008-06-10,250
2008-06-11,250
2008-06-12,250
2008-06-13,255.2
2008-06-14,267.6
2008-06-15,282.4
2008-06-16,294.8
2008-06-17,300
2008-06-18,300
2008-06-19,300
2008-06-20,300
2008-06-21,300
2008-06-22,300
2008-06-23,300
2008-06-24,300
2008-06-25,300
2008-06-26,375
2008-06-27,375
2008-06-28,375
2008-06-29,375
2008-06-30,375
2008-07-01,375
2008-07-02,375
2008-07-03,375
2008-07-04,375
2008-07-05,375
2008-07-06,375
2008-07-07,375
2008-07-08,375
2008-07-09,375
2008-07-10,375
2008-07-11,375
2008-07-12,375
2008-07-13,375
2008-07-14,375
2008-07-15,375
2008-07-16,375
2008-07-17,410
2008-07-18,600
2008-07-19,640
2008-07-20,732.857142857143
2008-07-21,800
2008-07-22,800
2008-07-23,780
2008-07-24,750
2008-07-25,750
2008-07-26,820
2008-07-27,820
2008-07-28,820
2008-07-29,820
2008-07-30,820
2008-07-31,900
2008-08-01,900
2008-08-02,900
2008-08-03,900
2008-08-04,900
2008-08-05,900
2008-08-06,900
2008-08-07,980
2008-08-08,900
2008-08-09,900
2008-08-10,900
2008-08-11,900
2008-08-12,900
2008-08-13,750
2008-08-14,750
2008-08-15,734.375
2008-08-16,700
2008-08-17,665.625
2008-08-18,650
2008-08-19,700
2008-08-20,700
2008-08-21,725
2008-08-22,725
2008-08-23,650
2008-08-24,680.163043478261
2008-08-25,725
2008-08-26,750
2008-08-27,650
2008-08-28,550
2008-08-29,550
2008-08-30,550
2008-08-31,575
2008-09-01,600
2008-09-02,550
2008-09-03,433.928571428571
2008-09-04,350
2008-09-05,425
2008-09-06,500
2008-09-07,450
2008-09-08,400
2008-09-09,400
2008-09-10,398.725925925926
2008-09-11,395.140740740741
2008-09-12,389.6
2008-09-13,382.459259259259
2008-09-14,374.074074074074
2008-09-15,364.8
2008-09-16,354.992592592593
2008-09-17,345.007407407407
2008-09-18,335.2
2008-09-19,325.925925925926
2008-09-20,317.540740740741
2008-09-21,310.4
2008-09-22,304.859259259259
2008-09-23,301.274074074074
2008-09-24,300
2008-09-25,350
2008-09-26,250
2008-09-27,300
2008-09-28,300
2008-09-29,300
2008-09-30,300
2008-10-01,300
2008-10-02,425
2008-10-03,550
2008-10-04,526.5625
2008-10-05,475
2008-10-06,423.4375
2008-10-07,400
2008-10-08,418.518518518519
2008-10-09,464.814814814815
2008-10-10,525
2008-10-11,585.185185185185
2008-10-12,631.481481481482
2008-10-13,650
2008-10-14,250
2008-10-15,425
2008-10-16,600
2008-10-17,560
2008-10-18,550
2008-10-19,533.603988603989
2008-10-20,509.4301994302
2008-10-21,475
2008-10-22,377.403846153846
2008-10-23,300
2008-10-24,306.787096774194
2008-10-25,324.361290322581
2008-10-26,348.541935483871
2008-10-27,375.148387096774
2008-10-28,400
2008-10-29,422.122434017595
2008-10-30,450
2008-10-31,493.117668621701
2008-11-01,551.722873900293
2008-11-02,621.966642228739
2008-11-03,700
2008-11-04,800
2008-11-05,400
2008-11-06,575
2008-11-07,750
2008-11-08,659.259259259259
2008-11-09,490.740740740741
2008-11-10,400
2008-11-11,400
2008-11-12,410.883997204752
2008-11-13,439.273235499651
2008-11-14,478.77358490566
2008-11-15,522.990915443746
2008-11-16,565.531097134871
2008-11-17,600
2008-11-18,631.544811320755
2008-11-19,664.150943396226
2008-11-20,689.681603773585
2008-11-21,700
2008-11-22,700
2008-11-23,725.925925925926
2008-11-24,774.074074074074
2008-11-25,800
2008-11-26,675
2008-11-27,550
2008-11-28,573.4375
2008-11-29,625
2008-11-30,676.5625
2008-12-01,700
2008-12-02,700
2008-12-03,700
2008-12-04,700
2008-12-05,700
2008-12-06,700
2008-12-07,700
2008-12-08,700
2008-12-09,700
2008-12-10,700
2008-12-11,700
2008-12-12,700
2008-12-13,700.816445545998
2008-12-14,703.207464644992
2008-12-15,707.085580988482
2008-12-16,712.363318267969
2008-12-17,718.953200174953
2008-12-18,726.767750400933
2008-12-19,735.719492637411
2008-12-20,745.720950575886
2008-12-21,756.684647907858
2008-12-22,768.523108324829
2008-12-23,781.148855518297
2008-12-24,794.474413179764
2008-12-25,808.412305000729
2008-12-26,822.875054672693
2008-12-27,837.775185887156
2008-12-28,853.025222335617
2008-12-29,868.537687709578
2008-12-30,884.22510570054
2008-12-31,900
2009-01-01,915.774894299461
2009-01-02,931.462312290421
2009-01-03,946.974777664383
2009-01-04,962.224814112845
2009-01-05,977.124945327307
2009-01-06,991.587694999271
2009-01-07,1005.52558682024
2009-01-08,1018.8511444817
2009-01-09,1031.47689167517
2009-01-10,1043.31535209214
2009-01-11,1054.27904942411
2009-01-12,1064.28050736259
2009-01-13,1073.23224959907
2009-01-14,1081.04679982505
2009-01-15,1087.63668173203
2009-01-16,1092.91441901152
2009-01-17,1096.79253535501
2009-01-18,1099.183554454
2009-01-19,1100
2009-01-20,1100
2009-01-21,1100
2009-01-22,1100
2009-01-23,1095.91262135922
2009-01-24,1082.73786407767
2009-01-25,1059.10679611651
2009-01-26,1023.65048543689
2009-01-27,975
2009-01-28,720
2009-01-29,720
2009-01-30,715
2009-01-31,710
2009-02-01,731.141102362205
2009-02-02,782.023307086614
2009-02-03,843.834960629921
2009-02-04,897.764409448819
2009-02-05,925
2009-02-06,930
2009-02-07,924.633543165468
2009-02-08,911.106115107914
2009-02-09,893.275629496403
2009-02-10,875
2009-02-11,853.842338558532
2009-02-12,827.022901452849
2009-02-13,797.885318863553
2009-02-14,769.773220971246
2009-02-15,746.030237956528
2009-02-16,730
2009-02-17,719.091631355932
2009-02-18,709.470338983051
2009-02-19,702.613877118644
2009-02-20,700
2009-02-21,708.928571428571
2009-02-22,732.142857142857
2009-02-23,764.285714285714
2009-02-24,800
2009-02-25,850
2009-02-26,850
2009-02-27,850
2009-02-28,745
2009-03-01,745
2009-03-02,745
2009-03-03,745
2009-03-04,745
2009-03-05,925
2009-03-06,905.612244897959
2009-03-07,855.612244897959
2009-03-08,787.244897959184
2009-03-09,712.755102040816
2009-03-10,644.387755102041
2009-03-11,594.387755102041
2009-03-12,575
2009-03-13,650
2009-03-14,722.380514705882
2009-03-15,795.588235294118
2009-03-16,852.251838235294
2009-03-17,875
2009-03-18,680
2009-03-19,650
2009-03-20,650
2009-03-21,643.98
2009-03-22,627.64
2009-03-23,603.56
2009-03-24,574.32
2009-03-25,542.5
2009-03-26,510.68
2009-03-27,481.44
2009-03-28,457.36
2009-03-29,441.02
2009-03-30,435
2009-03-31,435
2009-04-01,435
2009-04-02,435
2009-04-03,435
2009-04-04,435
2009-04-05,425.625
2009-04-06,405
2009-04-07,384.375
2009-04-08,375
2009-04-09,380.539358600583
2009-04-10,394.825072886297
2009-04-11,414.35860058309
2009-04-12,435.64139941691
2009-04-13,455.174927113703
2009-04-14,469.460641399417
2009-04-15,475
2009-04-16,475
2009-04-17,475
2009-04-18,449.074074074074
2009-04-19,400.925925925926
2009-04-20,375
2009-04-21,413.739495798319
2009-04-22,455
2009-04-23,459.728592826019
2009-04-24,463.8546529723
2009-04-25,467.414653361345
2009-04-26,470.445066915655
2009-04-27,472.982366557734
2009-04-28,475.063025210084
2009-04-29,476.723515795207
2009-04-30,478.000311235605
2009-05-01,478.929884453781
2009-05-02,479.548708372238
2009-05-03,479.893255913477
2009-05-04,480
2009-05-05,480
2009-05-06,575
2009-05-07,532.509765625
2009-05-08,480
2009-05-09,460.828359375
2009-05-10,443.43
2009-05-11,427.862578125
2009-05-12,414.18375
2009-05-13,402.451171875
2009-05-14,392.7225
2009-05-15,385.055390625
2009-05-16,379.5075
2009-05-17,376.136484375
2009-05-18,375
2009-05-19,475
2009-05-20,475
2009-05-21,475
2009-05-22,475
2009-05-23,350
2009-05-24,350
2009-05-25,350
2009-05-26,450
2009-05-27,450
2009-05-28,450
2009-05-29,450
2009-05-30,450
2009-05-31,475.925925925926
2009-06-01,524.074074074074
2009-06-02,550
2009-06-03,550
2009-06-04,550
2009-06-05,550
2009-06-06,550
2009-06-07,550
2009-06-08,550
2009-06-09,550
2009-06-10,550
2009-06-11,475
2009-06-12,400
2009-06-13,425.925925925926
2009-06-14,474.074074074074
2009-06-15,500
2009-06-16,500
2009-06-17,500
2009-06-18,500
2009-06-19,500
2009-06-20,500
2009-06-21,500
2009-06-22,500
2009-06-23,500
2009-06-24,500
2009-06-25,500
2009-06-26,500
2009-06-27,500
2009-06-28,500
2009-06-29,500
2009-06-30,500
2009-07-01,550
2009-07-02,550
2009-07-03,550
2009-07-04,550
2009-07-05,550
2009-07-06,550
2009-07-07,550
2009-07-08,550
2009-07-09,550
2009-07-10,550
2009-07-11,550
2009-07-12,550
2009-07-13,550
2009-07-14,550
2009-07-15,550
2009-07-16,550
2009-07-17,550
2009-07-18,550
2009-07-19,550
2009-07-20,550
2009-07-21,550
2009-07-22,550
2009-07-23,550
2009-07-24,550
2009-07-25,550
2009-07-26,550
2009-07-27,550
2009-07-28,550
2009-07-29,650
2009-07-30,650
2009-07-31,650
2009-08-01,650
2009-08-02,650
2009-08-03,650
2009-08-04,625
2009-08-05,625
2009-08-06,625
2009-08-07,625
2009-08-08,632.8
2009-08-09,651.4
2009-08-10,673.6
2009-08-11,692.2
2009-08-12,700
2009-08-13,700
2009-08-14,700
2009-08-15,687.037037037037
2009-08-16,662.962962962963
2009-08-17,650
2009-08-18,687.5
2009-08-19,725
2009-08-20,650
2009-08-21,650
2009-08-22,598.148148148148
2009-08-23,501.851851851852
2009-08-24,450
2009-08-25,450.339911096714
2009-08-26,451.333549292733
2009-08-27,452.941771946874
2009-08-28,455.125436417953
2009-08-29,457.845400064788
2009-08-30,461.062520246194
2009-08-31,464.737654320988
2009-09-01,468.831659647986
2009-09-02,473.305393586006
2009-09-03,478.119713493863
2009-09-04,483.235476730375
2009-09-05,488.613540654357
2009-09-06,494.214762624627
2009-09-07,500
2009-09-08,507.425625857339
2009-09-09,517.84122085048
2009-09-10,531.047453703704
2009-09-11,546.84499314129
2009-09-12,565.034507887517
2009-09-13,585.416666666667
2009-09-14,607.792138203018
2009-09-15,631.961591220851
2009-09-16,657.725694444444
2009-09-17,684.885116598079
2009-09-18,713.240526406036
2009-09-19,742.592592592593
2009-09-20,772.74198388203
2009-09-21,803.489368998628
2009-09-22,834.635416666667
2009-09-23,865.980795610425
2009-09-24,897.326174554184
2009-09-25,928.472222222222
2009-09-26,959.21960733882
2009-09-27,989.368998628258
2009-09-28,1018.72106481481
2009-09-29,1047.07647462277
2009-09-30,1074.23589677641
2009-10-01,1100
2009-10-02,1131.25
2009-10-03,1150
2009-10-04,1135.71428571429
2009-10-05,1100
2009-10-06,1000
2009-10-07,1400
2009-10-08,1350
2009-10-09,1000
2009-10-10,954.822737175679
2009-10-11,934.482075658546
2009-10-12,900
2009-10-13,800
2009-10-14,950
2009-10-15,900
2009-10-16,850
2009-10-17,904.6875
2009-10-18,1025
2009-10-19,1145.3125
2009-10-20,1200
2009-10-21,1150
2009-10-22,1150
2009-10-23,1150
2009-10-24,1200
2009-10-25,1050
2009-10-26,900
2009-10-27,900
2009-10-28,900
2009-10-29,1000
2009-10-30,1050
2009-10-31,1050
2009-11-01,1100
2009-11-02,1150
2009-11-03,1150
2009-11-04,1100
2009-11-05,1066.34615384615
2009-11-06,1050
2009-11-07,1062.96296296296
2009-11-08,1087.03703703704
2009-11-09,1100
2009-11-10,1100
2009-11-11,1200
2009-11-12,1100
2009-11-13,1200
2009-11-14,1284.12698412698
2009-11-15,1368.25396825397
2009-11-16,1500
2009-11-17,1850
2009-11-18,1700
2009-11-19,1550
2009-11-20,1550
2009-11-21,1250
2009-11-22,1159.60743801653
2009-11-23,1125
2009-11-24,1412.5
2009-11-25,1700
2009-11-26,1600
2009-11-27,1650
2009-11-28,1741.48148148148
2009-11-29,1848.51851851852
2009-11-30,1900
2009-12-01,1900
2009-12-02,1300
2009-12-03,1400
2009-12-04,1400
2009-12-05,1400
2009-12-06,1425
2009-12-07,1450
2009-12-08,1400
2009-12-09,1275
2009-12-10,1275
2009-12-11,1500
2009-12-12,1493.09764309764
2009-12-13,1475.08417508418
2009-12-14,1450
2009-12-15,1400
2009-12-16,1550
2009-12-17,1450
2009-12-18,1400
2009-12-19,1600
2009-12-20,1525
2009-12-21,1450
2009-12-22,1450
2009-12-23,1550
2009-12-24,1350
2009-12-25,1350
2009-12-26,1350
2009-12-27,1414.81481481482
2009-12-28,1535.18518518519
2009-12-29,1600
2009-12-30,1550
2009-12-31,1500
2010-01-01,1450
2010-01-02,1250
2010-01-03,1146.27659574468
2010-01-04,1100
2010-01-05,1100
2010-01-06,1300
2010-01-07,1100
2010-01-08,1200
2010-01-09,1194.24424424424
2010-01-10,1177.37737737738
2010-01-11,1150
2010-01-12,1050
2010-01-13,725
2010-01-14,758.759124087591
2010-01-15,850
2010-01-16,1200
2010-01-17,1200
2010-01-18,1200
2010-01-19,1350
2010-01-20,1150
2010-01-21,1350
2010-01-22,1250
2010-01-23,950
2010-01-24,1010
2010-01-25,1100
2010-01-26,1165
2010-01-27,1200
2010-01-28,1200
2010-01-29,1050
2010-01-30,1050
2010-01-31,1050
2010-02-01,1050
2010-02-02,1050
2010-02-03,1050
2010-02-04,1050
2010-02-05,1100
2010-02-06,1100
2010-02-07,1125
2010-02-08,1150
2010-02-09,1100
2010-02-10,1100
2010-02-11,950
2010-02-12,950
2010-02-13,950
2010-02-14,950
2010-02-15,950
2010-02-16,1000
2010-02-17,950
2010-02-18,1000
2010-02-19,900
2010-02-20,900
2010-02-21,875
2010-02-22,850
2010-02-23,850
2010-02-24,840.30612244898
2010-02-25,815.30612244898
2010-02-26,781.122448979592
2010-02-27,743.877551020408
2010-02-28,709.693877551021
2010-03-01,684.693877551021
2010-03-02,675
2010-03-03,700
2010-03-04,675
2010-03-05,750
2010-03-06,800
2010-03-07,775
2010-03-08,750
2010-03-09,850
2010-03-10,700
2010-03-11,675
2010-03-12,650
2010-03-13,615.592541926331
2010-03-14,577.567512793231
2010-03-15,550
2010-03-16,533.088235294118
2010-03-17,525
2010-03-18,525
2010-03-19,525
2010-03-20,475
2010-03-21,549.130434782609
2010-03-22,635
2010-03-23,650
2010-03-24,650
2010-03-25,600
2010-03-26,590
2010-03-27,575
2010-03-28,584.756097560976
2010-03-29,600
2010-03-30,610
2010-03-31,590
2010-04-01,725
2010-04-02,641.98717948718
2010-04-03,550
2010-04-04,535.512820512821
2010-04-05,530
2010-04-06,650
2010-04-07,515
2010-04-08,506.339848270541
2010-04-09,500
2010-04-10,475.605060506051
2010-04-11,441.969196919692
2010-04-12,425
2010-04-13,425
2010-04-14,437.5
2010-04-15,450
2010-04-16,425
2010-04-17,500
2010-04-18,491.826923076923
2010-04-19,475
2010-04-20,450
2010-04-21,450
2010-04-22,500
2010-04-23,500
2010-04-24,510
2010-04-25,507.25
2010-04-26,500
2010-04-27,475
2010-04-28,525
2010-04-29,525
2010-04-30,525
2010-05-01,525
2010-05-02,525
2010-05-03,525
2010-05-04,525
2010-05-05,450
2010-05-06,525
2010-05-07,500
2010-05-08,506.481481481482
2010-05-09,518.518518518519
2010-05-10,525
2010-05-11,525
2010-05-12,500
2010-05-13,515
2010-05-14,515
2010-05-15,550
2010-05-16,550
2010-05-17,550
2010-05-18,625
2010-05-19,800
2010-05-20,650
2010-05-21,600
2010-05-22,625
2010-05-23,594.836956521739
2010-05-24,550
2010-05-25,525
2010-05-26,550
2010-05-27,625
2010-05-28,525
2010-05-29,600
2010-05-30,575
2010-05-31,550
2010-06-01,600
2010-06-02,600
2010-06-03,600
2010-06-04,600
2010-06-05,615
2010-06-06,582.5
2010-06-07,550
2010-06-08,600
2010-06-09,650
2010-06-10,650
2010-06-11,650
2010-06-12,650
2010-06-13,650
2010-06-14,650
2010-06-15,650
2010-06-16,750
2010-06-17,750
2010-06-18,700
2010-06-19,725
2010-06-20,625
2010-06-21,525
2010-06-22,550
2010-06-23,550
2010-06-24,550
2010-06-25,615
2010-06-26,650
2010-06-27,667.361111111111
2010-06-28,675
2010-06-29,650
2010-06-30,800
2010-07-01,615
2010-07-02,632.5
2010-07-03,650
2010-07-04,650
2010-07-05,650
2010-07-06,650
2010-07-07,700
2010-07-08,700
2010-07-09,650
2010-07-10,669.444444444445
2010-07-11,705.555555555556
2010-07-12,725
2010-07-13,700
2010-07-14,600
2010-07-15,625
2010-07-16,625
2010-07-17,700
2010-07-18,700
2010-07-19,700
2010-07-20,700
2010-07-21,600
2010-07-22,700
2010-07-23,700
2010-07-24,675
2010-07-25,664.431818181818
2010-07-26,660
2010-07-27,700
2010-07-28,900
2010-07-29,800
2010-07-30,725
2010-07-31,650
2010-08-01,650
2010-08-02,650
2010-08-03,675
2010-08-04,725
2010-08-05,675
2010-08-06,700
2010-08-07,700
2010-08-08,737.5
2010-08-09,775
2010-08-10,775
2010-08-11,750
2010-08-12,750
2010-08-13,900
2010-08-14,874.074074074074
2010-08-15,825.925925925926
2010-08-16,800
2010-08-17,800
2010-08-18,900
2010-08-19,700
2010-08-20,900
2010-08-21,800
2010-08-22,800
2010-08-23,800
2010-08-24,825
2010-08-25,750
2010-08-26,950
2010-08-27,800
2010-08-28,600
2010-08-29,600
2010-08-30,600
2010-08-31,700
2010-09-01,700
2010-09-02,700
2010-09-03,700
2010-09-04,674.074074074074
2010-09-05,625.925925925926
2010-09-06,600
2010-09-07,600
2010-09-08,700
2010-09-09,600
2010-09-10,611.078717201166
2010-09-11,639.650145772595
2010-09-12,678.717201166181
2010-09-13,721.282798833819
2010-09-14,760.349854227405
2010-09-15,788.921282798834
2010-09-16,800
2010-09-17,800
2010-09-18,800
2010-09-19,800
2010-09-20,800
2010-09-21,800
2010-09-22,700
2010-09-23,700
2010-09-24,900
2010-09-25,800
2010-09-26,800
2010-09-27,800
2010-09-28,800
2010-09-29,800
2010-09-30,900
2010-10-01,800
2010-10-02,815.6
2010-10-03,852.8
2010-10-04,897.2
2010-10-05,934.4
2010-10-06,950
2010-10-07,906.465517241379
2010-10-08,850
2010-10-09,825.542784163474
2010-10-10,807.215836526181
2010-10-11,800
2010-10-12,800
2010-10-13,800
2010-10-14,800
2010-10-15,600
2010-10-16,636.103820355789
2010-10-17,716.652085156022
2010-10-18,800
2010-10-19,892.716535433071
2010-10-20,950
2010-10-21,800
2010-10-22,800
2010-10-23,800
2010-10-24,800
2010-10-25,800
2010-10-26,800
2010-10-27,600
2010-10-28,700
2010-10-29,700
2010-10-30,700
2010-10-31,751.851851851852
2010-11-01,848.148148148148
2010-11-02,900
2010-11-03,900
2010-11-04,900
2010-11-05,900
2010-11-06,900
2010-11-07,900
2010-11-08,900
2010-11-09,1200
2010-11-10,1200
2010-11-11,1400
2010-11-12,1395.65
2010-11-13,1383.2
2010-11-14,1363.55
2010-11-15,1337.6
2010-11-16,1306.25
2010-11-17,1270.4
2010-11-18,1230.95
2010-11-19,1188.8
2010-11-20,1144.85
2010-11-21,1100
2010-11-22,1055.15
2010-11-23,1011.2
2010-11-24,969.05
2010-11-25,929.6
2010-11-26,893.75
2010-11-27,862.4
2010-11-28,836.45
2010-11-29,816.8
2010-11-30,804.35
2010-12-01,800
2010-12-02,800
2010-12-03,900
2010-12-04,1000
2010-12-05,1000
2010-12-06,1000
2010-12-07,1200
2010-12-08,800
2010-12-09,1200
2010-12-10,1500
2010-12-11,1729.62962962963
2010-12-12,1920.37037037037
2010-12-13,2000
2010-12-14,1912.5
2010-12-15,1825
2010-12-16,1825
2010-12-17,1825
2010-12-18,1825
2010-12-19,1912.5
2010-12-20,2000
2010-12-21,1949.39024390244
2010-12-22,1800
2010-12-23,900
2010-12-24,1500
2010-12-25,1500
2010-12-26,1500
2010-12-27,1500
2010-12-28,1500
2010-12-29,1600
2010-12-30,1600
2010-12-31,1600
2011-01-01,1500
2011-01-02,1500
2011-01-03,1500
2011-01-04,1700
2011-01-05,1900
2011-01-06,1900
2011-01-07,1900
2011-01-08,1500
2011-01-09,1500
2011-01-10,1500
2011-01-11,1500
2011-01-12,1500
2011-01-13,1600
2011-01-14,1500
2011-01-15,1500
2011-01-16,1500
2011-01-17,1500
2011-01-18,1500
2011-01-19,1500
2011-01-20,1500
2011-01-21,1400
2011-01-22,1400
2011-01-23,1371.42857142857
2011-01-24,1300
2011-01-25,1100
2011-01-26,959.477124183007
2011-01-27,846.40522875817
2011-01-28,800
2011-01-29,1000
2011-01-30,1071.42857142857
2011-01-31,1100
2011-02-01,1100
2011-02-02,1000
2011-02-03,900
2011-02-04,900
2011-02-05,800
2011-02-06,850
2011-02-07,900
2011-02-08,900
2011-02-09,900
2011-02-10,700
2011-02-11,700
2011-02-12,725.925925925926
2011-02-13,774.074074074074
2011-02-14,800
2011-02-15,800
2011-02-16,800
2011-02-17,800
2011-02-18,800
2011-02-19,750
2011-02-20,750
2011-02-21,750
2011-02-22,900
2011-02-23,975
2011-02-24,930
2011-02-25,875
2011-02-26,875
2011-02-27,917.5
2011-02-28,960
2011-03-01,700
2011-03-02,644.633273703041
2011-03-03,600
2011-03-04,500
2011-03-05,500
2011-03-06,450
2011-03-07,400
2011-03-08,480
2011-03-09,500
2011-03-10,500
2011-03-11,530
2011-03-12,524.814814814815
2011-03-13,515.185185185185
2011-03-14,510
2011-03-15,580
2011-03-16,600
2011-03-17,580
2011-03-18,575
2011-03-19,560
2011-03-20,570
2011-03-21,580
2011-03-22,500
2011-03-23,521.590909090909
2011-03-24,550
2011-03-25,560
2011-03-26,560
2011-03-27,517.5
2011-03-28,475
2011-03-29,575
2011-03-30,560
2011-03-31,570
2011-04-01,560
2011-04-02,475
2011-04-03,502.222222222222
2011-04-04,552.777777777778
2011-04-05,580
2011-04-06,580
2011-04-07,560
2011-04-08,500
2011-04-09,507.654320987654
2011-04-10,528.641975308642
2011-04-11,560
2011-04-12,640
2011-04-13,560
2011-04-14,531.428571428571
2011-04-15,520
2011-04-16,525.521885521886
2011-04-17,539.93265993266
2011-04-18,560
2011-04-19,600
2011-04-20,560
2011-04-21,600
2011-04-22,650
2011-04-23,680
2011-04-24,655
2011-04-25,630
2011-04-26,630
2011-04-27,680
2011-04-28,650
2011-04-29,575
2011-04-30,615
2011-05-01,607.5
2011-05-02,600
2011-05-03,660
2011-05-04,500
2011-05-05,475
2011-05-06,458.173076923077
2011-05-07,450
2011-05-08,458.173076923077
2011-05-09,475
2011-05-10,500
2011-05-11,540
2011-05-12,550
2011-05-13,550
2011-05-14,546.548821548822
2011-05-15,537.542087542088
2011-05-16,525
2011-05-17,500
2011-05-18,500
2011-05-19,430
2011-05-20,400
2011-05-21,280
2011-05-22,323.181818181818
2011-05-23,380
2011-05-24,400
2011-05-25,400
2011-05-26,500
2011-05-27,500
2011-05-28,500
2011-05-29,500
2011-05-30,500
2011-05-31,500
2011-06-01,500
2011-06-02,500
2011-06-03,500
2011-06-04,500
2011-06-05,530.163043478261
2011-06-06,575
2011-06-07,600
2011-06-08,600
2011-06-09,570
2011-06-10,670
2011-06-11,651.851851851852
2011-06-12,618.148148148148
2011-06-13,600
2011-06-14,600
2011-06-15,500
2011-06-16,500
2011-06-17,600
2011-06-18,600
2011-06-19,629.276315789474
2011-06-20,700
2011-06-21,875
2011-06-22,875
2011-06-23,860
2011-06-24,930
2011-06-25,900
2011-06-26,900
2011-06-27,900
2011-06-28,860
2011-06-29,860
2011-06-30,860
2011-07-01,860
2011-07-02,650
2011-07-03,675
2011-07-04,700
2011-07-05,600
2011-07-06,650
2011-07-07,700
2011-07-08,700
2011-07-09,687.037037037037
2011-07-10,662.962962962963
2011-07-11,650
2011-07-12,700
2011-07-13,700
2011-07-14,700
2011-07-15,700
2011-07-16,700
2011-07-17,700
2011-07-18,700
2011-07-19,700
2011-07-20,700
2011-07-21,750
2011-07-22,600
2011-07-23,600
2011-07-24,608.345070422535
2011-07-25,630
2011-07-26,700
2011-07-27,700
2011-07-28,700
2011-07-29,700
2011-07-30,700
2011-07-31,700
2011-08-01,700
2011-08-02,760
2011-08-03,760
2011-08-04,800
2011-08-05,800
2011-08-06,780
2011-08-07,770
2011-08-08,760
2011-08-09,740
2011-08-10,780
2011-08-11,740
2011-08-12,760
2011-08-13,770.679945054945
2011-08-14,777.527472527472
2011-08-15,785.611263736264
2011-08-16,800
2011-08-17,850
2011-08-18,840
2011-08-19,860
2011-08-20,860
2011-08-21,830
2011-08-22,800
2011-08-23,800
2011-08-24,780
2011-08-25,800
2011-08-26,800
2011-08-27,1100
2011-08-28,1130.38461538462
2011-08-29,1140
2011-08-30,1100
2011-08-31,1026.81481481482
2011-09-01,941.185185185185
2011-09-02,900
2011-09-03,1180
2011-09-04,1170
2011-09-05,1160
2011-09-06,1260
2011-09-07,1220
2011-09-08,1130
2011-09-09,960
2011-09-10,965.192376842862
2011-09-11,979.273642574614
2011-09-12,1000
2011-09-13,1050
2011-09-14,1050
2011-09-15,1000
2011-09-16,1000
2011-09-17,1000
2011-09-18,1000
2011-09-19,1000
2011-09-20,980
2011-09-21,1000
2011-09-22,1000
2011-09-23,1180
2011-09-24,1000
2011-09-25,978.121951219512
2011-09-26,960
2011-09-27,872
2011-09-28,800
2011-09-29,860
2011-09-30,940
2011-10-01,960
2011-10-02,970
2011-10-03,980
2011-10-04,1000
2011-10-05,1000
2011-10-06,1000
2011-10-07,1000
2011-10-08,1000
2011-10-09,1000
2011-10-10,1000
2011-10-11,975
2011-10-12,950
2011-10-13,980
2011-10-14,400
2011-10-15,900
2011-10-16,975
2011-10-17,1000
2011-10-18,1000
2011-10-19,1000
2011-10-20,1060
2011-10-21,1000
2011-10-22,960
2011-10-23,899.024390243902
2011-10-24,860
2011-10-25,871.666666666667
2011-10-26,900
2011-10-27,990.09009009009
2011-10-28,1100
2011-10-29,1160
2011-10-30,1030
2011-10-31,900
2011-11-01,936.224489795918
2011-11-02,1000
2011-11-03,1060
2011-11-04,1220
2011-11-05,1200
2011-11-06,1163.40740740741
2011-11-07,1120.59259259259
2011-11-08,1100
2011-11-09,1200
2011-11-10,1100
2011-11-11,1100
2011-11-12,1092.8
2011-11-13,1074.4
2011-11-14,1049.6
2011-11-15,1023.2
2011-11-16,1000
2011-11-17,980
2011-11-18,920
2011-11-19,990
2011-11-20,994.934908389585
2011-11-21,1000
2011-11-22,1100
2011-11-23,1260
2011-11-24,930
2011-11-25,940
2011-11-26,1000
2011-11-27,975
2011-11-28,950
2011-11-29,1000
2011-11-30,1020
2011-12-01,970
2011-12-02,920
2011-12-03,1000
2011-12-04,1041.48936170213
2011-12-05,1060
2011-12-06,990
2011-12-07,920
2011-12-08,1000
2011-12-09,900
2011-12-10,811.366538952746
2011-12-11,733.461047254151
2011-12-12,700
2011-12-13,700
2011-12-14,700
2011-12-15,620
2011-12-16,700
2011-12-17,760
2011-12-18,771.193633952255
2011-12-19,780
2011-12-20,800
2011-12-21,675
2011-12-22,450
2011-12-23,450
2011-12-24,450
2011-12-25,450
2011-12-26,450
2011-12-27,430
2011-12-28,360
2011-12-29,350
2011-12-30,320
2011-12-31,300
2012-01-01,258.823529411765
2012-01-02,230
2012-01-03,260
2012-01-04,280
2012-01-05,240
2012-01-06,250
2012-01-07,250
2012-01-08,245
2012-01-09,240
2012-01-10,250
2012-01-11,280
2012-01-12,250
2012-01-13,280
2012-01-14,277.407407407407
2012-01-15,272.592592592593
2012-01-16,270
2012-01-17,280
2012-01-18,280
2012-01-19,280
2012-01-20,280
2012-01-21,300
2012-01-22,300
2012-01-23,300
2012-01-24,275
2012-01-25,280
2012-01-26,280
2012-01-27,280
2012-01-28,200
2012-01-29,237.5
2012-01-30,275
2012-01-31,200
2012-02-01,260
2012-02-02,250
2012-02-03,250
2012-02-04,240
2012-02-05,252.25
2012-02-06,275
2012-02-07,300
2012-02-08,280
2012-02-09,280
2012-02-10,275
2012-02-11,281.481481481482
2012-02-12,293.518518518519
2012-02-13,300
2012-02-14,280
2012-02-15,260
2012-02-16,300
2012-02-17,300
2012-02-18,300
2012-02-19,287.037037037037
2012-02-20,262.962962962963
2012-02-21,250
2012-02-22,250
2012-02-23,280
2012-02-24,300
2012-02-25,300
2012-02-26,300
2012-02-27,300
2012-02-28,300
2012-02-29,280
2012-03-01,320
2012-03-02,275
2012-03-03,300
2012-03-04,300
2012-03-05,300
2012-03-06,300
2012-03-07,300
2012-03-08,300
2012-03-09,300
2012-03-10,300
2012-03-11,300
2012-03-12,300
2012-03-13,300
2012-03-14,300
2012-03-15,310
2012-03-16,300
2012-03-17,300
2012-03-18,290
2012-03-19,280
2012-03-20,300
2012-03-21,300
2012-03-22,300
2012-03-23,300
2012-03-24,300
2012-03-25,300
2012-03-26,300
2012-03-27,300
2012-03-28,375
2012-03-29,500
2012-03-30,485
2012-03-31,460
2012-04-01,480
2012-04-02,500
2012-04-03,360
2012-04-04,354.391025641026
2012-04-05,350
2012-04-06,322.916666666667
2012-04-07,300
2012-04-08,300
2012-04-09,300
2012-04-10,320
2012-04-11,350
2012-04-12,380
2012-04-13,380
2012-04-14,380
2012-04-15,380
2012-04-16,380
2012-04-17,300
2012-04-18,350
2012-04-19,375
2012-04-20,350
2012-04-21,380
2012-04-22,369.6875
2012-04-23,350
2012-04-24,320.3125
2012-04-25,300
2012-04-26,300
2012-04-27,300
2012-04-28,380
2012-04-29,378.671875
2012-04-30,375
2012-05-01,336.328125
2012-05-02,300
2012-05-03,375
2012-05-04,290
2012-05-05,300
2012-05-06,300
2012-05-07,300
2012-05-08,300
2012-05-09,300
2012-05-10,300
2012-05-11,300
2012-05-12,300
2012-05-13,300
2012-05-14,300
2012-05-15,240
2012-05-16,300
2012-05-17,300
2012-05-18,300
2012-05-19,275
2012-05-20,287.5
2012-05-21,300
2012-05-22,300
2012-05-23,300
2012-05-24,300
2012-05-25,350
2012-05-26,340
2012-05-27,343.269230769231
2012-05-28,350
2012-05-29,360
2012-05-30,360
2012-05-31,367.5
2012-06-01,375
2012-06-02,375
2012-06-03,375
2012-06-04,375
2012-06-05,380
2012-06-06,375
2012-06-07,380
2012-06-08,360
2012-06-09,362.760942760943
2012-06-10,369.96632996633
2012-06-11,380
2012-06-12,400
2012-06-13,365
2012-06-14,375
2012-06-15,380
2012-06-16,380
2012-06-17,390
2012-06-18,400
2012-06-19,380
2012-06-20,380
2012-06-21,400
2012-06-22,400
2012-06-23,400
2012-06-24,370
2012-06-25,340
2012-06-26,400
2012-06-27,450
2012-06-28,400
2012-06-29,380
2012-06-30,450
2012-07-01,450
2012-07-02,450
2012-07-03,500
2012-07-04,500
2012-07-05,420
2012-07-06,500
2012-07-07,500
2012-07-08,440
2012-07-09,380
2012-07-10,400
2012-07-11,360
2012-07-12,350
2012-07-13,500
2012-07-14,500
2012-07-15,500
2012-07-16,500
2012-07-17,400
2012-07-18,480
2012-07-19,500
2012-07-20,500
2012-07-21,550
2012-07-22,550
2012-07-23,550
2012-07-24,480
2012-07-25,500
2012-07-26,500
2012-07-27,500
2012-07-28,500
2012-07-29,500
2012-07-30,500
2012-07-31,400
2012-08-01,400
2012-08-02,400
2012-08-03,540
2012-08-04,400
2012-08-05,475
2012-08-06,550
2012-08-07,400
2012-08-08,500
2012-08-09,500
2012-08-10,600
2012-08-11,650.16835016835
2012-08-12,686.195286195286
2012-08-13,700
2012-08-14,700
2012-08-15,700
2012-08-16,700
2012-08-17,450
2012-08-18,473.4375
2012-08-19,525
2012-08-20,576.5625
2012-08-21,600
2012-08-22,560
2012-08-23,540
2012-08-24,550
2012-08-25,550
2012-08-26,575
2012-08-27,600
2012-08-28,500
2012-08-29,600
2012-08-30,450
2012-08-31,400
2012-09-01,500
2012-09-02,567.307692307692
2012-09-03,600
2012-09-04,400
2012-09-05,430
2012-09-06,550
2012-09-07,350
2012-09-08,388.888888888889
2012-09-09,461.111111111111
2012-09-10,500
2012-09-11,500
2012-09-12,500
2012-09-13,350
2012-09-14,400
2012-09-15,400
2012-09-16,500
2012-09-17,600
2012-09-18,580
2012-09-19,585.185185185185
2012-09-20,594.814814814815
2012-09-21,600
2012-09-22,500
2012-09-23,500
2012-09-24,500
2012-09-25,500
2012-09-26,500
2012-09-27,420
2012-09-28,420
2012-09-29,420
2012-09-30,460
2012-10-01,500
2012-10-02,500
2012-10-03,500
2012-10-04,500
2012-10-05,500
2012-10-06,519.444444444445
2012-10-07,555.555555555556
2012-10-08,575
2012-10-09,500
2012-10-10,500
2012-10-11,500
2012-10-12,500
2012-10-13,507.8125
2012-10-14,525
2012-10-15,542.1875
2012-10-16,550
2012-10-17,500
2012-10-18,500
2012-10-19,500
2012-10-20,500
2012-10-21,600
2012-10-22,700
2012-10-23,700
2012-10-24,700
2012-10-25,700
2012-10-26,900
2012-10-27,889.6
2012-10-28,864.8
2012-10-29,835.2
2012-10-30,810.4
2012-10-31,800
2012-11-01,800
2012-11-02,800
2012-11-03,800
2012-11-04,800
2012-11-05,800
2012-11-06,800
2012-11-07,800
2012-11-08,740
2012-11-09,700
2012-11-10,666.229838709677
2012-11-11,633.870967741936
2012-11-12,609.576612903226
2012-11-13,600
2012-11-14,650
2012-11-15,700
2012-11-16,700
2012-11-17,700
2012-11-18,765.384615384616
2012-11-19,900
2012-11-20,1100
2012-11-21,1100
2012-11-22,700
2012-11-23,800
2012-11-24,774.074074074074
2012-11-25,725.925925925926
2012-11-26,700
2012-11-27,900
2012-11-28,1000
2012-11-29,1000
2012-11-30,900
2012-12-01,925.925925925926
2012-12-02,974.074074074074
2012-12-03,1000
2012-12-04,1000
2012-12-05,800
2012-12-06,1000
2012-12-07,1000
2012-12-08,1025.92592592593
2012-12-09,1074.07407407407
2012-12-10,1100
2012-12-11,1100
2012-12-12,1100
2012-12-13,1100
2012-12-14,1100
2012-12-15,1100
2012-12-16,1000
2012-12-17,900
2012-12-18,1100
2012-12-19,900
2012-12-20,900
2012-12-21,900
2012-12-22,900
2012-12-23,900
2012-12-24,900
2012-12-25,1000
2012-12-26,1100
2012-12-27,1100
2012-12-28,1100
2012-12-29,850
2012-12-30,875
2012-12-31,900
2013-01-01,900
2013-01-02,900
2013-01-03,900
2013-01-04,900
2013-01-05,900
2013-01-06,900
2013-01-07,900
2013-01-08,900
2013-01-09,900
2013-01-10,900
2013-01-11,900
2013-01-12,900
2013-01-13,900
2013-01-14,900
2013-01-15,900
2013-01-16,900
2013-01-17,900
2013-01-18,900
2013-01-19,900
2013-01-20,1000
2013-01-21,1100
2013-01-22,1000
2013-01-23,1000
2013-01-24,1000
2013-01-25,1015.625
2013-01-26,1050
2013-01-27,1084.375
2013-01-28,1100
2013-01-29,1100
2013-01-30,1100
2013-01-31,1450
2013-02-01,1450
2013-02-02,1450
2013-02-03,1425
2013-02-04,1400
2013-02-05,1400
2013-02-06,1400
2013-02-07,1400
2013-02-08,1400
2013-02-09,1391.4181539052
2013-02-10,1365.05853003262
2013-02-11,1320
2013-02-12,1100
2013-02-13,900
2013-02-14,1050
2013-02-15,1050
2013-02-16,1050
2013-02-17,1000
2013-02-18,950
2013-02-19,1000
2013-02-20,1062.5
2013-02-21,1100
2013-02-22,1000
2013-02-23,1000
2013-02-24,1000
2013-02-25,1000
2013-02-26,1000
2013-02-27,800
2013-02-28,800
2013-03-01,800
2013-03-02,800
2013-03-03,750
2013-03-04,700
2013-03-05,800
2013-03-06,700
2013-03-07,800
2013-03-08,700
2013-03-09,713.804713804714
2013-03-10,749.83164983165
2013-03-11,800
2013-03-12,900
2013-03-13,900
2013-03-14,800
2013-03-15,800
2013-03-16,800
2013-03-17,816.346153846154
2013-03-18,850
2013-03-19,900
2013-03-20,800
2013-03-21,800
2013-03-22,800
2013-03-23,800
2013-03-24,750
2013-03-25,700
2013-03-26,800
2013-03-27,800
2013-03-28,800
2013-03-29,800
2013-03-30,800
2013-03-31,800
2013-04-01,800
2013-04-02,820
2013-04-03,800
2013-04-04,800
2013-04-05,800
2013-04-06,800
2013-04-07,800
2013-04-08,800
2013-04-09,750
2013-04-10,700
2013-04-11,700
2013-04-12,700
2013-04-13,700
2013-04-14,700
2013-04-15,700
2013-04-16,800
2013-04-17,700
2013-04-18,700
2013-04-19,700
2013-04-20,800
2013-04-21,783.333333333333
2013-04-22,750
2013-04-23,691.666666666667
2013-04-24,650
2013-04-25,740
2013-04-26,700
2013-04-27,700
2013-04-28,750
2013-04-29,800
2013-04-30,700
2013-05-01,700
2013-05-02,700
2013-05-03,850
2013-05-04,850
2013-05-05,775
2013-05-06,700
2013-05-07,750
2013-05-08,800
2013-05-09,700
2013-05-10,700
2013-05-11,684.375
2013-05-12,650
2013-05-13,615.625
2013-05-14,600
2013-05-15,700
2013-05-16,500
2013-05-17,700
2013-05-18,700
2013-05-19,725
2013-05-20,750
2013-05-21,700
2013-05-22,700
2013-05-23,700
2013-05-24,700
2013-05-25,700
2013-05-26,750
2013-05-27,800
2013-05-28,800
2013-05-29,700
2013-05-30,700
2013-05-31,950
2013-06-01,800
2013-06-02,828.571428571429
2013-06-03,900
2013-06-04,1100
2013-06-05,1000
2013-06-06,1000
2013-06-07,1000
2013-06-08,1000
2013-06-09,1000
2013-06-10,1000
2013-06-11,1000
2013-06-12,700
2013-06-13,800
2013-06-14,800
2013-06-15,900
2013-06-16,938.88093289689
2013-06-17,975
2013-06-18,1050
2013-06-19,1100
2013-06-20,1100
2013-06-21,900
2013-06-22,1100
2013-06-23,1050
2013-06-24,1000
2013-06-25,1075
2013-06-26,1300
2013-06-27,1300
2013-06-28,1400
2013-06-29,1400
2013-06-30,1350
2013-07-01,1300
2013-07-02,1400
2013-07-03,1600
2013-07-04,1350
2013-07-05,1400
2013-07-06,1400
2013-07-07,1375
2013-07-08,1350
2013-07-09,1400
2013-07-10,1400
2013-07-11,1600
2013-07-12,1600
2013-07-13,1677.77777777778
2013-07-14,1822.22222222222
2013-07-15,1900
2013-07-16,1700
2013-07-17,1700
2013-07-18,1700
2013-07-19,1800
2013-07-20,1800
2013-07-21,1750
2013-07-22,1700
2013-07-23,1700
2013-07-24,1800
2013-07-25,1600
2013-07-26,1700
2013-07-27,1800
2013-07-28,1750
2013-07-29,1700
2013-07-30,1700
2013-07-31,1700
2013-08-01,1400
2013-08-02,1400
2013-08-03,1900
2013-08-04,1900
2013-08-05,1900
2013-08-06,1899.84658310312
2013-08-07,1899.27655174025
2013-08-08,1898.12523490303
2013-08-09,1896.22796158313
2013-08-10,1893.4200607722
2013-08-11,1889.53686146189
2013-08-12,1884.41369264385
2013-08-13,1877.88588330973
2013-08-14,1869.78876245119
2013-08-15,1859.95765905988
2013-08-16,1848.22790212745
2013-08-17,1834.43482064556
2013-08-18,1818.41374360586
2013-08-19,1800
2013-08-20,1200
2013-08-21,1950
2013-08-22,1600
2013-08-23,1604.76389760759
2013-08-24,1618.52549347841
2013-08-25,1640.48964218456
2013-08-26,1669.86119829811
2013-08-27,1705.84501639116
2013-08-28,1747.64595103578
2013-08-29,1794.46885680407
2013-08-30,1845.51858826812
2013-08-31,1900
2013-09-01,2013.98305084746
2013-09-02,2100
2013-09-03,2100
2013-09-04,2098.31588529813
2013-09-05,2093.62767410105
2013-09-06,2086.48156577151
2013-09-07,2077.42375967228
2013-09-08,2067.00045516614
2013-09-09,2055.75785161584
2013-09-10,2044.24214838416
2013-09-11,2032.99954483386
2013-09-12,2022.57624032772
2013-09-13,2013.51843422849
2013-09-14,2006.37232589895
2013-09-15,2001.68411470187
2013-09-16,2000
2013-09-17,2000
2013-09-18,2500
2013-09-19,2500
2013-09-20,1900
2013-09-21,1404.03637170104
2013-09-22,979.795963628299
2013-09-23,800
2013-09-24,800
2013-09-25,800
2013-09-26,750
2013-09-27,800
2013-09-28,850
2013-09-29,939.673913043478
2013-09-30,1000
2013-10-01,1000
2013-10-02,1050
2013-10-03,1100
2013-10-04,1050
2013-10-05,1000
2013-10-06,1013.4765625
2013-10-07,1051.5625
2013-10-08,1110.7421875
2013-10-09,1187.5
2013-10-10,1278.3203125
2013-10-11,1379.6875
2013-10-12,1488.0859375
2013-10-13,1600
2013-10-14,1711.9140625
2013-10-15,1820.3125
2013-10-16,1921.6796875
2013-10-17,2012.5
2013-10-18,2089.2578125
2013-10-19,2148.4375
2013-10-20,2186.5234375
2013-10-21,2200
2013-10-22,2100
2013-10-23,2200
2013-10-24,2500
2013-10-25,2498.96831893962
2013-10-26,2495.91239162809
2013-10-27,2490.89089186977
2013-10-28,2483.96249346905
2013-10-29,2475.18587023031
2013-10-30,2464.61969595793
2013-10-31,2452.3226444563
2013-11-01,2438.3533895298
2013-11-02,2422.7706049828
2013-11-03,2405.6329646197
2013-11-04,2386.99914224486
2013-11-05,2366.92781166268
2013-11-06,2345.47764667753
2013-11-07,2322.70732109379
2013-11-08,2298.67550871585
2013-11-09,2273.44088334809
2013-11-10,2247.0621187949
2013-11-11,2219.59788886064
2013-11-12,2191.1068673497
2013-11-13,2161.64772806647
2013-11-14,2131.27914481533
2013-11-15,2100.05979140066
2013-11-16,2068.04834162683
2013-11-17,2035.30346929823
2013-11-18,2001.88384821925
2013-11-19,1967.84815219426
2013-11-20,1933.25505502765
2013-11-21,1898.16323052379
2013-11-22,1862.63135248707
2013-11-23,1826.71809472187
2013-11-24,1790.48213103258
2013-11-25,1753.98213522356
2013-11-26,1717.27678109921
2013-11-27,1680.42474246391
2013-11-28,1643.48469312203
2013-11-29,1606.51530687797
2013-11-30,1569.57525753609
2013-12-01,1532.72321890079
2013-12-02,1496.01786477644
2013-12-03,1459.51786896742
2013-12-04,1423.28190527813
2013-12-05,1387.36864751293
2013-12-06,1351.83676947621
2013-12-07,1316.74494497235
2013-12-08,1282.15184780574
2013-12-09,1248.11615178075
2013-12-10,1214.69653070177
2013-12-11,1181.95165837317
2013-12-12,1149.94020859934
2013-12-13,1118.72085518467
2013-12-14,1088.35227193353
2013-12-15,1058.8931326503
2013-12-16,1030.40211113936
2013-12-17,1002.9378812051
2013-12-18,976.559116651905
2013-12-19,951.324491284146
2013-12-20,927.292678906209
2013-12-21,904.522353322474
2013-12-22,883.072188337324
2013-12-23,863.00085775514
2013-12-24,844.367035380304
2013-12-25,827.229395017197
2013-12-26,811.646610470201
2013-12-27,797.677355543697
2013-12-28,785.380304042066
2013-12-29,774.814129769691
2013-12-30,766.037506530953
2013-12-31,759.109108130234
2014-01-01,754.087608371914
2014-01-02,751.031681060375
2014-01-03,750
2014-01-04,800
2014-01-05,800
2014-01-06,800
2014-01-07,500
2014-01-08,500
2014-01-09,600
2014-01-10,600
2014-01-11,600
2014-01-12,600
2014-01-13,600
2014-01-14,600
2014-01-15,600
2014-01-16,600
2014-01-17,575
2014-01-18,600
2014-01-19,600
2014-01-20,600
2014-01-21,600
2014-01-22,600
2014-01-23,500
2014-01-24,500
2014-01-25,500
2014-01-26,500
2014-01-27,500
2014-01-28,400
2014-01-29,500
2014-01-30,500
2014-01-31,500
2014-02-01,500
2014-02-02,500
2014-02-03,500
2014-02-04,500
2014-02-05,500
2014-02-06,450
2014-02-07,400
2014-02-08,400
2014-02-09,400
2014-02-10,400
2014-02-11,500
2014-02-12,400
2014-02-13,300
2014-02-14,350
2014-02-15,350
2014-02-16,375
2014-02-17,400
2014-02-18,400
2014-02-19,500
2014-02-20,400
2014-02-21,400
2014-02-22,500
2014-02-23,500
2014-02-24,500
2014-02-25,500
2014-02-26,500
2014-02-27,500
2014-02-28,500
2014-03-01,450
2014-03-02,450
2014-03-03,450
2014-03-04,500
2014-03-05,500
2014-03-06,600
2014-03-07,380
2014-03-08,375
2014-03-09,375
2014-03-10,375
2014-03-11,600
2014-03-12,500
2014-03-13,600
2014-03-14,600
2014-03-15,500
2014-03-16,432.692307692308
2014-03-17,400
2014-03-18,400
2014-03-19,400
2014-03-20,400
2014-03-21,400
2014-03-22,400
2014-03-23,400
2014-03-24,400
2014-03-25,400
2014-03-26,400
2014-03-27,400
2014-03-28,400
2014-03-29,400
2014-03-30,431.559000861327
2014-03-31,498.673557278208
2014-04-01,560
2014-04-02,600
2014-04-03,600
2014-04-04,720
2014-04-05,700
2014-04-06,643.181818181818
2014-04-07,600
2014-04-08,600
2014-04-09,650
2014-04-10,650
2014-04-11,450
2014-04-12,450
2014-04-13,450
2014-04-14,450
2014-04-15,450
2014-04-16,650
2014-04-17,650
2014-04-18,650
2014-04-19,650
2014-04-20,475
2014-04-21,300
2014-04-22,300
2014-04-23,400
2014-04-24,350
2014-04-25,350
2014-04-26,400
2014-04-27,300
2014-04-28,200
2014-04-29,300
2014-04-30,200
2014-05-01,303.703703703704
2014-05-02,496.296296296296
2014-05-03,600
2014-05-04,600
2014-05-05,600
2014-05-06,675
2014-05-07,700
2014-05-08,800
2014-05-09,750
2014-05-10,724.915824915825
2014-05-11,706.902356902357
2014-05-12,700
2014-05-13,700
2014-05-14,800
2014-05-15,800
2014-05-16,700
2014-05-17,900
2014-05-18,937.162162162162
2014-05-19,950
2014-05-20,950
2014-05-21,950
2014-05-22,950
2014-05-23,950
2014-05-24,850
2014-05-25,850
2014-05-26,850
2014-05-27,900
2014-05-28,900
2014-05-29,975
2014-05-30,1100
2014-05-31,1100
2014-06-01,1025
2014-06-02,950
2014-06-03,1100
2014-06-04,1100
2014-06-05,1100
2014-06-06,1200
2014-06-07,1070.37037037037
2014-06-08,829.62962962963
2014-06-09,700
2014-06-10,700
2014-06-11,700
2014-06-12,1300
2014-06-13,1250
2014-06-14,1088.99782135076
2014-06-15,863.943355119826
2014-06-16,750
2014-06-17,750
2014-06-18,750
2014-06-19,700
2014-06-20,650
2014-06-21,750
2014-06-22,725
2014-06-23,700
2014-06-24,750
2014-06-25,750
2014-06-26,800
2014-06-27,800
2014-06-28,1000
2014-06-29,1054.12087912088
2014-06-30,1100
2014-07-01,1200
2014-07-02,1350
2014-07-03,1500
2014-07-04,1500
2014-07-05,1300
2014-07-06,1420.65217391304
2014-07-07,1600
2014-07-08,1700
2014-07-09,1700
2014-07-10,1500
2014-07-11,1500
2014-07-12,1525.92592592593
2014-07-13,1574.07407407407
2014-07-14,1600
2014-07-15,1600
2014-07-16,1600
2014-07-17,1800
2014-07-18,1800
2014-07-19,1800
2014-07-20,1650
2014-07-21,1500
2014-07-22,1700
2014-07-23,1600
2014-07-24,1300
2014-07-25,1300
2014-07-26,1300
2014-07-27,1275
2014-07-28,1250
2014-07-29,1375
2014-07-30,1500
2014-07-31,1300
2014-08-01,1300
2014-08-02,1300
2014-08-03,1250
2014-08-04,1200
2014-08-05,1200
2014-08-06,1000
2014-08-07,800
2014-08-08,800
2014-08-09,851.851851851852
2014-08-10,948.148148148148
2014-08-11,1000
2014-08-12,1000
2014-08-13,1200
2014-08-14,1200
2014-08-15,1200
2014-08-16,1200
2014-08-17,1200
2014-08-18,1200
2014-08-19,1300
2014-08-20,1100
2014-08-21,900
2014-08-22,1000
2014-08-23,974.074074074074
2014-08-24,925.925925925926
2014-08-25,900
2014-08-26,1000
2014-08-27,1200
2014-08-28,1200
2014-08-29,1200
2014-08-30,1200
2014-08-31,1200
2014-09-01,1200
2014-09-02,1400
2014-09-03,1200
2014-09-04,1200
2014-09-05,800
2014-09-06,1300
2014-09-07,1000
2014-09-08,700
2014-09-09,1200
2014-09-10,1300
2014-09-11,700
2014-09-12,1000
2014-09-13,1191.37493658042
2014-09-14,1340.13191273465
2014-09-15,1400
2014-09-16,900
2014-09-17,900
2014-09-18,900
2014-09-19,900
2014-09-20,800
2014-09-21,832.692307692308
2014-09-22,900
2014-09-23,1000
2014-09-24,1125
2014-09-25,1200
2014-09-26,1100
2014-09-27,1000
2014-09-28,1037.5
2014-09-29,1100
2014-09-30,1150
2014-10-01,1206.12244897959
2014-10-02,1270.40816326531
2014-10-03,1336.73469387755
2014-10-04,1398.97959183673
2014-10-05,1451.02040816327
2014-10-06,1486.73469387755
2014-10-07,1500
2014-10-08,1500
2014-10-09,1500
2014-10-10,1300
2014-10-11,1300
2014-10-12,1300
2014-10-13,1300
2014-10-14,1300
2014-10-15,1400
2014-10-16,700
2014-10-17,700
2014-10-18,800
2014-10-19,800
2014-10-20,800
2014-10-21,750
2014-10-22,750
2014-10-23,750
2014-10-24,700
2014-10-25,650
2014-10-26,925
2014-10-27,1200
2014-10-28,1200
2014-10-29,700
2014-10-30,700
2014-10-31,1100
2014-11-01,1184.27895981088
2014-11-02,1233.8061465721
2014-11-03,1250
2014-11-04,1250
2014-11-05,1250
2014-11-06,1250
2014-11-07,1150
2014-11-08,1150
2014-11-09,1150
2014-11-10,1150
2014-11-11,1150
2014-11-12,1050
2014-11-13,1000
2014-11-14,1000
2014-11-15,1000
2014-11-16,1075
2014-11-17,1150
2014-11-18,1150
2014-11-19,1150
2014-11-20,1150
2014-11-21,1150
2014-11-22,1150
2014-11-23,1150
2014-11-24,1150
2014-11-25,1150
2014-11-26,1150
2014-11-27,1150
2014-11-28,1150
2014-11-29,1150
2014-11-30,1100
2014-12-01,1050
2014-12-02,1050
2014-12-03,850
2014-12-04,800
2014-12-05,800
2014-12-06,800
2014-12-07,950
2014-12-08,1100
2014-12-09,1100
2014-12-10,1100
2014-12-11,1100
2014-12-12,1100
2014-12-13,1177.77777777778
2014-12-14,1322.22222222222
2014-12-15,1400
2014-12-16,1400
2014-12-17,1400
2014-12-18,1500
2014-12-19,1500
2014-12-20,1500
2014-12-21,1500
2014-12-22,1500
2014-12-23,1500
2014-12-24,1200
2014-12-25,1275
2014-12-26,1350
2014-12-27,1250
2014-12-28,1097.56097560976
2014-12-29,1000
2014-12-30,1000
2014-12-31,1000
2015-01-01,500
2015-01-02,500
2015-01-03,600
2015-01-04,600
2015-01-05,600
2015-01-06,600
2015-01-07,600
2015-01-08,600
2015-01-09,1250
2015-01-10,1055.55555555556
2015-01-11,694.444444444444
2015-01-12,500
2015-01-13,600
2015-01-14,700
2015-01-15,650
2015-01-16,600
2015-01-17,600
2015-01-18,632.692307692308
2015-01-19,700
2015-01-20,800
2015-01-21,800
2015-01-22,800
2015-01-23,800
2015-01-24,800
2015-01-25,800
2015-01-26,800
2015-01-27,800
2015-01-28,850
2015-01-29,850
2015-01-30,900
2015-01-31,800
2015-02-01,764.285714285714
2015-02-02,750
2015-02-03,750
2015-02-04,750
2015-02-05,750
2015-02-06,850
2015-02-07,1000
2015-02-08,950
2015-02-09,900
2015-02-10,1000
2015-02-11,1000
2015-02-12,900
2015-02-13,900
2015-02-14,925.925925925926
2015-02-15,974.074074074074
2015-02-16,1000
2015-02-17,900
2015-02-18,800
2015-02-19,800
2015-02-20,800
2015-02-21,900
2015-02-22,900
2015-02-23,900
2015-02-24,1000
2015-02-25,1000
2015-02-26,1000
2015-02-27,1000
2015-02-28,1000
2015-03-01,1000
2015-03-02,1000
2015-03-03,1000
2015-03-04,800
2015-03-05,800
2015-03-06,800
2015-03-07,1000
2015-03-08,1193.54838709677
2015-03-09,1300
2015-03-10,1000
2015-03-11,1000
2015-03-12,900
2015-03-13,1000
2015-03-14,974.074074074074
2015-03-15,925.925925925926
2015-03-16,900
2015-03-17,900
2015-03-18,900
2015-03-19,900
2015-03-20,800
2015-03-21,800
2015-03-22,800
2015-03-23,800
2015-03-24,800
2015-03-25,700
2015-03-26,700
2015-03-27,700
2015-03-28,700
2015-03-29,737.5
2015-03-30,800
2015-03-31,850
2015-04-01,700
2015-04-02,712.962962962963
2015-04-03,737.037037037037
2015-04-04,750
2015-04-05,725
2015-04-06,700
2015-04-07,700
2015-04-08,700
2015-04-09,700
2015-04-10,700
2015-04-11,716.916916916917
2015-04-12,756.056056056056
2015-04-13,800
2015-04-14,860.135135135135
2015-04-15,900
2015-04-16,800
2015-04-17,900
2015-04-18,900
2015-04-19,800
2015-04-20,700
2015-04-21,725
2015-04-22,750
2015-04-23,750
2015-04-24,900
2015-04-25,800
2015-04-26,732.692307692308
2015-04-27,700
2015-04-28,700
2015-04-29,750
2015-04-30,750
2015-05-01,750
2015-05-02,750
2015-05-03,737.037037037037
2015-05-04,712.962962962963
2015-05-05,700
2015-05-06,700
2015-05-07,750
2015-05-08,750
2015-05-09,762.962962962963
2015-05-10,787.037037037037
2015-05-11,800
2015-05-12,750
2015-05-13,700
2015-05-14,700
2015-05-15,600
2015-05-16,600
2015-05-17,550
2015-05-18,500
2015-05-19,500
2015-05-20,500
2015-05-21,600
2015-05-22,600
2015-05-23,600
2015-05-24,600
2015-05-25,600
2015-05-26,500
2015-05-27,500
2015-05-28,500
2015-05-29,600
2015-05-30,800
2015-05-31,800
2015-06-01,800
2015-06-02,862.5
2015-06-03,1000
2015-06-04,1137.5
2015-06-05,1200
2015-06-06,1200
2015-06-07,1300
2015-06-08,1400
2015-06-09,1300
2015-06-10,1300
2015-06-11,1100
2015-06-12,1100
2015-06-13,1100
2015-06-14,1100
2015-06-15,1100
2015-06-16,1100
2015-06-17,1100
2015-06-18,1100
2015-06-19,1100
2015-06-20,1100
2015-06-21,1100
2015-06-22,1100
2015-06-23,1100
2015-06-24,1100
2015-06-25,1100
2015-06-26,1050
2015-06-27,1000
2015-06-28,1032.69230769231
2015-06-29,1100
2015-06-30,1200
2015-07-01,1050
2015-07-02,1100
2015-07-03,1050
2015-07-04,1050
2015-07-05,1050
2015-07-06,1050
2015-07-07,1050
2015-07-08,1050
2015-07-09,1000
2015-07-10,1050
2015-07-11,1098.25367647059
2015-07-12,1147.05882352941
2015-07-13,1184.83455882353
2015-07-14,1200
2015-07-15,1200
2015-07-16,1200
2015-07-17,1300
2015-07-18,1300
2015-07-19,1300
2015-07-20,1300
2015-07-21,1300
2015-07-22,1429.62962962963
2015-07-23,1670.37037037037
2015-07-24,1800
2015-07-25,1800
2015-07-26,1800
2015-07-27,1800
2015-07-28,1800
2015-07-29,2200
2015-07-30,2200
2015-07-31,2000
2015-08-01,1859.47712418301
2015-08-02,1746.40522875817
2015-08-03,1700
2015-08-04,1700
2015-08-05,1700
2015-08-06,1800
2015-08-07,1700
2015-08-08,1700
2015-08-09,1700
2015-08-10,1700
2015-08-11,1800
2015-08-12,1700
2015-08-13,1700
2015-08-14,2000
2015-08-15,2000
2015-08-16,2000
2015-08-17,2000
2015-08-18,2000
2015-08-19,2000
2015-08-20,2300
2015-08-21,2200
2015-08-22,2200
2015-08-23,2200
2015-08-24,2200
2015-08-25,1800
2015-08-26,1800
2015-08-27,1800
2015-08-28,1800
2015-08-29,1800
2015-08-30,1600
2015-08-31,1400
2015-09-01,1400
2015-09-02,1400
2015-09-03,1400
2015-09-04,1400
2015-09-05,1400
2015-09-06,1400
2015-09-07,1400
2015-09-08,1400
2015-09-09,1400
2015-09-10,1400
2015-09-11,1500
2015-09-12,1500
2015-09-13,1500
2015-09-14,1500
2015-09-15,1500
2015-09-16,1500
2015-09-17,1500
2015-09-18,1500
2015-09-19,1500
2015-09-20,1500
2015-09-21,1500
2015-09-22,1500
2015-09-23,1400
2015-09-24,1400
2015-09-25,1400
2015-09-26,1400
2015-09-27,1400
2015-09-28,1400
2015-09-29,1400
2015-09-30,1400
2015-10-01,1400
2015-10-02,1400
2015-10-03,1400
2015-10-04,1400
2015-10-05,1400
2015-10-06,1400
2015-10-07,1400
2015-10-08,1000
2015-10-09,1000
2015-10-10,968.75
2015-10-11,900
2015-10-12,831.25
2015-10-13,800
2015-10-14,800
2015-10-15,750
2015-10-16,750
2015-10-17,450
2015-10-18,450
2015-10-19,450
2015-10-20,450
2015-10-21,450
2015-10-22,450
2015-10-23,450
2015-10-24,450
2015-10-25,450
2015-10-26,450
2015-10-27,450
2015-10-28,450
2015-10-29,450
2015-10-30,350
2015-10-31,350
2015-11-01,350
2015-11-02,350
2015-11-03,350
2015-11-04,350
2015-11-05,350
2015-11-06,350
2015-11-07,350
2015-11-08,350
2015-11-09,350
2015-11-10,350
2015-11-11,350
2015-11-12,400
2015-11-13,450
2015-11-14,450
2015-11-15,450
2015-11-16,450
2015-11-17,450
2015-11-18,450
2015-11-19,450
2015-11-20,350
2015-11-21,350
2015-11-22,350
2015-11-23,350
2015-11-24,350
2015-11-25,350
2015-11-26,350
2015-11-27,350
2015-11-28,350
2015-11-29,350
2015-11-30,350
2015-12-01,350
2015-12-02,350
2015-12-03,350
2015-12-04,350
2015-12-05,350
2015-12-06,350
2015-12-07,350
2015-12-08,350
2015-12-09,350
2015-12-10,350
2015-12-11,350
2015-12-12,350
2015-12-13,350
2015-12-14,350
2015-12-15,350
2015-12-16,350
2015-12-17,350
2015-12-18,350
2015-12-19,350
2015-12-20,350
2015-12-21,350
2015-12-22,350
2015-12-23,350
2015-12-24,350
2015-12-25,350
2015-12-26,350
2015-12-27,350
2015-12-28,350
2015-12-29,350
2015-12-30,350
2015-12-31,350
2016-01-01,350
2016-01-02,350
2016-01-03,350
2016-01-04,350
2016-01-05,400
2016-01-06,400
2016-01-07,400
2016-01-08,350
2016-01-09,305.683269476373
2016-01-10,266.730523627075
2016-01-11,250
2016-01-12,250
2016-01-13,250
2016-01-14,250
2016-01-15,250
2016-01-16,250
2016-01-17,225
2016-01-18,200
2016-01-19,200
2016-01-20,250
2016-01-21,250
2016-01-22,350
2016-01-23,350
2016-01-24,350
2016-01-25,350
2016-01-26,350
2016-01-27,350
2016-01-28,350
2016-01-29,350
2016-01-30,350
2016-01-31,350
2016-02-01,350
2016-02-02,350
2016-02-03,350
2016-02-04,350
2016-02-05,350
2016-02-06,350
2016-02-07,350
2016-02-08,350
2016-02-09,350
2016-02-10,337.037037037037
2016-02-11,312.962962962963
2016-02-12,300
2016-02-13,300
2016-02-14,300
2016-02-15,300
2016-02-16,400
2016-02-17,350
2016-02-18,350
2016-02-19,350
2016-02-20,350
2016-02-21,350
2016-02-22,350
2016-02-23,350
2016-02-24,350
2016-02-25,350
2016-02-26,350
2016-02-27,300
2016-02-28,300
2016-02-29,300
2016-03-01,300
2016-03-02,300
2016-03-03,300
2016-03-04,350
2016-03-05,350
2016-03-06,350
2016-03-07,350
2016-03-08,350
2016-03-09,350
2016-03-10,350
2016-03-11,350
2016-03-12,324.074074074074
2016-03-13,275.925925925926
2016-03-14,250
2016-03-15,250
2016-03-16,250
2016-03-17,250
2016-03-18,200
2016-03-19,250
2016-03-20,250
2016-03-21,250
2016-03-22,250
2016-03-23,250
2016-03-24,250
2016-03-25,250
2016-03-26,250
2016-03-27,250
2016-03-28,250
2016-03-29,250
2016-03-30,250
2016-03-31,250
2016-04-01,250
2016-04-02,250
2016-04-03,250
2016-04-04,250
2016-04-05,250
2016-04-06,250
2016-04-07,250
2016-04-08,250
2016-04-09,250
2016-04-10,250
2016-04-11,250
2016-04-12,250
2016-04-13,250
2016-04-14,250
2016-04-15,250
2016-04-16,250
2016-04-17,250
2016-04-18,250
2016-04-19,250
2016-04-20,250
2016-04-21,250
2016-04-22,250
2016-04-23,250
2016-04-24,250
2016-04-25,250
2016-04-26,250
2016-04-27,300
2016-04-28,300
2016-04-29,300
2016-04-30,300
2016-05-01,300
2016-05-02,300
2016-05-03,275
2016-05-04,250
2016-05-05,250
2016-05-06,250
2016-05-07,250
2016-05-08,250
2016-05-09,250
2016-05-10,250
2016-05-11,250
2016-05-12,250
2016-05-13,250
2016-05-14,250
2016-05-15,250
2016-05-16,250
2016-05-17,250
2016-05-18,250
2016-05-19,250
2016-05-20,250
2016-05-21,250
2016-05-22,250
2016-05-23,250
2016-05-24,250
2016-05-25,200
2016-05-26,200
2016-05-27,200
2016-05-28,250
2016-05-29,225
2016-05-30,200
2016-05-31,250
2016-06-01,200
2016-06-02,200
2016-06-03,200
2016-06-04,200
2016-06-05,200
2016-06-06,200
2016-06-07,200
2016-06-08,250
2016-06-09,250
2016-06-10,250
2016-06-11,250
2016-06-12,250
2016-06-13,250
2016-06-14,250
2016-06-15,250
2016-06-16,250
2016-06-17,250
2016-06-18,250
2016-06-19,250
2016-06-20,250
2016-06-21,250
2016-06-22,250
2016-06-23,250
2016-06-24,250
2016-06-25,250
2016-06-26,250
2016-06-27,250
2016-06-28,250
2016-06-29,300
2016-06-30,300
2016-07-01,300
2016-07-02,300
2016-07-03,325
2016-07-04,350
2016-07-05,350
2016-07-06,350
2016-07-07,350
2016-07-08,350
2016-07-09,350
2016-07-10,350
2016-07-11,350
2016-07-12,350
2016-07-13,350
2016-07-14,300
2016-07-15,300
2016-07-16,300
2016-07-17,300
2016-07-18,300
2016-07-19,300
2016-07-20,300
2016-07-21,300
2016-07-22,350
2016-07-23,350
2016-07-24,350
2016-07-25,350
2016-07-26,350
2016-07-27,350
2016-07-28,350
2016-07-29,350
2016-07-30,350
2016-07-31,325
2016-08-01,300
2016-08-02,300
2016-08-03,300
2016-08-04,300
2016-08-05,300
2016-08-06,300
2016-08-07,300
2016-08-08,300
2016-08-09,300
2016-08-10,300
2016-08-11,300
2016-08-12,300
2016-08-13,300
2016-08-14,300
2016-08-15,300
2016-08-16,300
2016-08-17,300
2016-08-18,300
2016-08-19,250
2016-08-20,300
2016-08-21,317.857142857143
2016-08-22,325
2016-08-23,300
2016-08-24,300
2016-08-25,300
2016-08-26,300
2016-08-27,350
2016-08-28,350
2016-08-29,350
2016-08-30,300
2016-08-31,300
2016-09-01,300
2016-09-02,300
2016-09-03,300
2016-09-04,312.962962962963
2016-09-05,337.037037037037
2016-09-06,350
2016-09-07,350
2016-09-08,350
2016-09-09,350
2016-09-10,350
2016-09-11,350
2016-09-12,350
2016-09-13,325
2016-09-14,300
2016-09-15,300
2016-09-16,300
2016-09-17,300
2016-09-18,300
2016-09-19,300
2016-09-20,300
2016-09-21,250
2016-09-22,250
2016-09-23,200
2016-09-24,200
2016-09-25,200
2016-09-26,200
2016-09-27,200
2016-09-28,200
2016-09-29,200
2016-09-30,200
2016-10-01,200
2016-10-02,200
2016-10-03,200
2016-10-04,200
2016-10-05,200
2016-10-06,200
2016-10-07,200
2016-10-08,203.703703703704
2016-10-09,212.962962962963
2016-10-10,225
2016-10-11,237.037037037037
2016-10-12,246.296296296296
2016-10-13,250
2016-10-14,250
2016-10-15,269.444444444444
2016-10-16,305.555555555556
2016-10-17,325
2016-10-18,300
2016-10-19,320
2016-10-20,300
2016-10-21,300
2016-10-22,250
2016-10-23,250
2016-10-24,250
2016-10-25,250
2016-10-26,300
2016-10-27,300
2016-10-28,300
2016-10-29,300
2016-10-30,300
2016-10-31,300
2016-11-01,300
2016-11-02,300
2016-11-03,300
2016-11-04,300
2016-11-05,325
2016-11-06,312.5
2016-11-07,300
2016-11-08,300
2016-11-09,300
2016-11-10,300
2016-11-11,300
2016-11-12,300
2016-11-13,300
2016-11-14,300
2016-11-15,300
2016-11-16,250
2016-11-17,250
2016-11-18,250
2016-11-19,250
2016-11-20,300
2016-11-21,350
2016-11-22,350
2016-11-23,350
2016-11-24,350
2016-11-25,350
2016-11-26,350
2016-11-27,350
2016-11-28,350
2016-11-29,350
2016-11-30,300
2016-12-01,250
2016-12-02,250
2016-12-03,250
2016-12-04,237.5
2016-12-05,225
2016-12-06,225
2016-12-07,225
2016-12-08,225
2016-12-09,250
2016-12-10,250
2016-12-11,250
2016-12-12,250
2016-12-13,250
2016-12-14,250
2016-12-15,250
2016-12-16,250
2016-12-17,350
2016-12-18,385.714285714286
2016-12-19,400
2016-12-20,400
2016-12-21,350
2016-12-22,350
2016-12-23,350
2016-12-24,350
2016-12-25,400
2016-12-26,450
2016-12-27,300
2016-12-28,300
2016-12-29,300
2016-12-30,300
2016-12-31,300
2017-01-01,325
2017-01-02,350
2017-01-03,350
2017-01-04,350
2017-01-05,350
2017-01-06,350
2017-01-07,350
2017-01-08,350
2017-01-09,350
2017-01-10,350
2017-01-11,350
2017-01-12,350
2017-01-13,300
2017-01-14,300
2017-01-15,300
2017-01-16,300
2017-01-17,300
2017-01-18,300
2017-01-19,300
2017-01-20,294.8
2017-01-21,282.4
2017-01-22,267.6
2017-01-23,255.2
2017-01-24,250
2017-01-25,250
2017-01-26,250
2017-01-27,250
2017-01-28,250
2017-01-29,250
2017-01-30,250
2017-01-31,250
2017-02-01,250
2017-02-02,250
2017-02-03,250
2017-02-04,250
2017-02-05,362.5
2017-02-06,475
2017-02-07,475
2017-02-08,475
2017-02-09,475
2017-02-10,475
2017-02-11,475
2017-02-12,475
2017-02-13,475
2017-02-14,500
2017-02-15,500
2017-02-16,500
2017-02-17,500
2017-02-18,600
2017-02-19,600
2017-02-20,600
2017-02-21,600
2017-02-22,600
2017-02-23,600
2017-02-24,600
2017-02-25,600
2017-02-26,600
2017-02-27,600
2017-02-28,600
2017-03-01,600
2017-03-02,600
2017-03-03,600
2017-03-04,600
2017-03-05,525
2017-03-06,450
2017-03-07,500
2017-03-08,500
2017-03-09,450
2017-03-10,650
2017-03-11,650
2017-03-12,650
2017-03-13,650
2017-03-14,650
2017-03-15,650
2017-03-16,650
2017-03-17,650
2017-03-18,650
2017-03-19,650
2017-03-20,650
2017-03-21,650
2017-03-22,650
2017-03-23,650
2017-03-24,650
2017-03-25,650
2017-03-26,650
2017-03-27,650
2017-03-28,650
2017-03-29,650
2017-03-30,650
2017-03-31,700
2017-04-01,700
2017-04-02,700
2017-04-03,700
2017-04-04,700
2017-04-05,700
2017-04-06,450
2017-04-07,700
2017-04-08,693.518518518519
2017-04-09,681.481481481482
2017-04-10,675
2017-04-11,675
2017-04-12,650
2017-04-13,650
2017-04-14,550
2017-04-15,450
2017-04-16,512.5
2017-04-17,575
2017-04-18,575
2017-04-19,575
2017-04-20,575
2017-04-21,575
2017-04-22,575
2017-04-23,562.5
2017-04-24,550
2017-04-25,550
2017-04-26,550
2017-04-27,550
2017-04-28,550
2017-04-29,550
2017-04-30,550
2017-05-01,550
2017-05-02,550
2017-05-03,550
2017-05-04,400
2017-05-05,400
2017-05-06,550
2017-05-07,550
2017-05-08,550
2017-05-09,450
2017-05-10,450
2017-05-11,450
2017-05-12,450
2017-05-13,450
2017-05-14,450
2017-05-15,450
2017-05-16,450
2017-05-17,450
2017-05-18,550
2017-05-19,675
2017-05-20,675
2017-05-21,693.75
2017-05-22,725
2017-05-23,750
2017-05-24,725
2017-05-25,750
2017-05-26,750
2017-05-27,725
2017-05-28,628.343023255814
2017-05-29,550
2017-05-30,600
2017-05-31,600
2017-06-01,750
2017-06-02,750
2017-06-03,750
2017-06-04,750
2017-06-05,750
2017-06-06,750
2017-06-07,750
2017-06-08,750
2017-06-09,750
2017-06-10,750
2017-06-11,750
2017-06-12,750
2017-06-13,450
2017-06-14,450
2017-06-15,750
2017-06-16,750
2017-06-17,750
2017-06-18,700
2017-06-19,650
2017-06-20,750
2017-06-21,650
2017-06-22,650
2017-06-23,650
2017-06-24,650
2017-06-25,650
2017-06-26,650
2017-06-27,650
2017-06-28,650
2017-06-29,650
2017-06-30,650
2017-07-01,700
2017-07-02,675
2017-07-03,650
2017-07-04,650
2017-07-05,650
2017-07-06,650
2017-07-07,650
2017-07-08,650
2017-07-09,650
2017-07-10,650
2017-07-11,650
2017-07-12,650
2017-07-13,650
2017-07-14,650
2017-07-15,650
2017-07-16,650
2017-07-17,650
2017-07-18,725
2017-07-19,725
2017-07-20,725
2017-07-21,725
2017-07-22,725
2017-07-23,732.142857142857
2017-07-24,750
2017-07-25,800
2017-07-26,800
2017-07-27,825
2017-07-28,950
2017-07-29,1300
2017-07-30,1300
2017-07-31,1300
2017-08-01,1300
2017-08-02,1500
2017-08-03,1900
2017-08-04,1900
2017-08-05,1800
2017-08-06,1850
2017-08-07,1900
2017-08-08,1900
2017-08-09,2150
2017-08-10,2150
2017-08-11,2400
2017-08-12,2344.44444444445
2017-08-13,2222.22222222222
2017-08-14,2100
2017-08-15,1975
2017-08-16,1900
2017-08-17,1900
2017-08-18,1900
2017-08-19,1900
2017-08-20,1900
2017-08-21,1900
2017-08-22,2250
2017-08-23,2250
2017-08-24,2250
2017-08-25,2050
2017-08-26,1850
2017-08-27,1850
2017-08-28,1850
2017-08-29,1900
2017-08-30,1700
2017-08-31,1900
2017-09-01,1900
2017-09-02,1900
2017-09-03,1900
2017-09-04,1900
2017-09-05,1900
2017-09-06,1900
2017-09-07,1750
2017-09-08,732.5419921875
2017-09-09,732.763427734375
2017-09-10,730.012451171875
2017-09-11,730.8798828125
2017-09-12,737.692687988281
2017-09-13,741.529846191406
2017-09-14,743.016296386719
2017-09-15,735.548583984375
2017-09-16,737.252075195313
2017-09-17,736.010864257813
2017-09-18,733.647216796875
2017-09-19,738.992065429688
2017-09-20,729.165466308594
2017-09-21,739.174499511719
2017-09-22,734.462707519531
2017-09-23,726.809387207031
2017-09-24,738.027587890625
2017-09-25,731.716857910156
2017-09-26,736.710266113281
2017-09-27,739.721801757813
2017-09-28,742.262817382813
2017-09-29,751.871337890625
2017-09-30,743.609069824219
2017-10-01,741.561279296875
2017-10-02,745.397827148438
2017-10-03,751.117492675781
2017-10-04,752.282897949219
2017-10-05,743.798583984375
2017-10-06,750.578186035156
2017-10-07,749.332214355469
2017-10-08,784.101135253906
2017-10-09,795.138122558594
2017-10-10,803.446105957031
2017-10-11,801.783874511719
2017-10-12,804.828369140625
2017-10-13,808.433166503906
2017-10-14,817.682922363281
2017-10-15,805.007019042969
2017-10-16,796.816711425781
2017-10-17,812.22509765625
2017-10-18,817.552856445312
2017-10-19,815.602966308594
2017-10-20,807.478759765625
2017-10-21,818.547485351563
2017-10-22,815.401733398438
2017-10-23,812.190979003906
2017-10-24,818.591369628906
2017-10-25,817.387390136719
2017-10-26,824.316589355469
2017-10-27,819.481994628906
2017-10-28,840.265747070313
2017-10-29,839.499328613281
2017-10-30,827.039611816406
2017-10-31,825.052062988281
2017-11-01,816.553466796875
2017-11-02,826.161987304688
2017-11-03,821.444702148438
2017-11-04,807.1396484375
2017-11-05,824.063537597656
2017-11-06,822.683044433594
2017-11-07,746.714599609375
2017-11-08,755.700622558594
2017-11-09,755.230224609375
2017-11-10,760.288635253906
2017-11-11,762.822204589844
2017-11-12,772.276306152344
2017-11-13,775.3505859375
2017-11-14,762.319519042969
2017-11-15,764.332458496094
2017-11-16,771.315612792969
2017-11-17,767.816650390625
2017-11-18,768.712097167969
2017-11-19,761.725158691406
2017-11-20,776.401428222656
2017-11-21,772.720642089844
2017-11-22,771.897888183594
2017-11-23,772.203796386719
2017-11-24,775.393737792969
2017-11-25,778.247009277344
2017-11-26,781.812561035156
2017-11-27,788.270141601562
2017-11-28,790.568725585938
2017-11-29,787.252075195313
2017-11-30,783.009887695313
2017-12-01,782.722595214844
2017-12-02,783.360412597656
2017-12-03,787.035095214844
2017-12-04,772.931457519531
2017-12-05,790.8056640625
2017-12-06,783.06298828125
2017-12-07,715.607604980469
2017-12-08,725.519470214844
2017-12-09,726.683959960937
2017-12-10,746.268127441406
2017-12-11,755.187561035156
2017-12-12,749.874572753906
2017-12-13,754.73583984375
2017-12-14,739.799438476563
2017-12-15,750.320434570313
2017-12-16,745.965576171875
2017-12-17,752.605407714844
2017-12-18,746.691284179687
2017-12-19,752.750061035156
2017-12-20,770.237426757813
2017-12-21,749.653381347656
2017-12-22,756.6376953125
2017-12-23,753.045288085938
2017-12-24,763.237548828125
2017-12-25,771.596557617188
2017-12-26,760.022338867188
2017-12-27,771.652893066406
2017-12-28,780.856201171875
2017-12-29,784.514099121094
2017-12-30,772.922973632813
2017-12-31,771.869506835938
2018-01-01,768.851623535156
2018-01-02,789.581298828125
2018-01-03,764.037841796875
2018-01-04,774.15185546875
2018-01-05,774.692138671875
2018-01-06,747.201416015625
2018-01-07,756.467529296875
2018-01-08,746.356750488281
2018-01-09,750.085876464844
2018-01-10,764.432067871094
2018-01-11,760.550659179688
2018-01-12,770.736022949219
2018-01-13,775.143859863281
2018-01-14,744.901245117188
2018-01-15,781.412109375
2018-01-16,764.476440429688
2018-01-17,768.0537109375
2018-01-18,745.374816894531
2018-01-19,746.996276855469
2018-01-20,774.35107421875
2018-01-21,765.219177246094
2018-01-22,753.490966796875
2018-01-23,778.361511230469
2018-01-24,769.644470214844
2018-01-25,757.166076660156
2018-01-26,774.143371582031
2018-01-27,784.459045410156
2018-01-28,767.897705078125
2018-01-29,758.230407714844
2018-01-30,772.838500976563
2018-01-31,779.167175292969
2018-02-01,778.509216308594
2018-02-02,761.798217773438
2018-02-03,773.9326171875
2018-02-04,764.169921875
2018-02-05,754.098266601563
2018-02-06,740.433898925781
2018-02-07,770.296508789063
2018-02-08,808.263244628906
2018-02-09,818.554565429688
2018-02-10,768.948364257813
2018-02-11,764.84375
2018-02-12,791.79931640625
2018-02-13,757.189697265625
2018-02-14,751.31396484375
2018-02-15,782.448974609375
2018-02-16,799.390991210938
2018-02-17,771.41015625
2018-02-18,829.716186523438
2018-02-19,795.716369628906
2018-02-20,838.999267578125
2018-02-21,778.934875488281
2018-02-22,790.966857910156
2018-02-23,805.771301269531
2018-02-24,822.704284667969
2018-02-25,814.113525390625
2018-02-26,819.562438964844
2018-02-27,848.117309570313
2018-02-28,843.003234863281
2018-03-01,817.084350585938
2018-03-02,838.898681640625
2018-03-03,833.983215332031
2018-03-04,791.882568359375
2018-03-05,853.489135742188
2018-03-06,865.709655761719
2018-03-07,748.7216796875
2018-03-08,752.329650878906
2018-03-09,745.469604492188
2018-03-10,755.986267089844
2018-03-11,761.664123535156
2018-03-12,764.944030761719
2018-03-13,768.436889648438
2018-03-14,759.854614257813
2018-03-15,758.631896972656
2018-03-16,759.249328613281
2018-03-17,752.675537109375
2018-03-18,766.166076660156
2018-03-19,749.019165039063
2018-03-20,769.650390625
2018-03-21,757.309997558594
2018-03-22,753.317443847656
2018-03-23,751.158081054688
2018-03-24,745.552185058594
2018-03-25,758.105224609375
2018-03-26,765.1630859375
2018-03-27,767.843444824219
2018-03-28,769.934387207031
2018-03-29,758.844482421875
2018-03-30,751.537902832031
2018-03-31,768.782653808594
2018-04-01,762.820739746094
2018-04-02,768.094482421875
2018-04-03,761.93603515625
2018-04-04,765.169067382813
2018-04-05,758.433044433594
2018-04-06,983.110290527344
2018-04-07,808.332275390625
2018-04-08,706.38134765625
2018-04-09,680.854553222656
2018-04-10,861.975219726562
2018-04-11,787.883361816406
2018-04-12,882.862976074219
2018-04-13,828.44873046875
2018-04-14,858.848205566406
2018-04-15,1048.99938964844
2018-04-16,1001.71990966797
2018-04-17,888.034606933594
2018-04-18,694.433288574219
2018-04-19,784.848083496094
2018-04-20,897.443603515625
2018-04-21,921.809509277344
2018-04-22,796.408752441406
2018-04-23,638.169189453125
2018-04-24,868.786315917969
2018-04-25,890.278442382813
2018-04-26,741.890441894531
2018-04-27,766.632934570313
2018-04-28,835.855590820312
2018-04-29,760.849853515625
2018-04-30,691.964782714844
2018-05-01,712.448608398438
2018-05-02,750.224487304688
2018-05-03,833.592102050781
2018-05-04,862.711364746094
2018-05-05,772.236999511719
2018-05-06,771.16650390625
2018-05-07,770.557250976563
2018-05-08,773.879577636719
2018-05-09,781.888854980469
2018-05-10,789.537841796875
2018-05-11,785.899230957031
2018-05-12,790.737976074219
2018-05-13,780.938293457031
2018-05-14,768.019226074219
2018-05-15,783.442626953125
2018-05-16,782.080993652344
2018-05-17,784.111450195313
2018-05-18,778.717163085938
2018-05-19,797.321655273437
2018-05-20,777.626586914063
2018-05-21,789.577575683594
2018-05-22,779.1162109375
2018-05-23,779.556396484375
2018-05-24,789.724304199219
2018-05-25,791.764892578125
2018-05-26,787.574890136719
2018-05-27,808.326110839844
2018-05-28,782.377075195313
2018-05-29,790.55078125
2018-05-30,799.416137695313
2018-05-31,795.594482421875
2018-06-01,777.964660644531
2018-06-02,785.183288574219
2018-06-03,803.365478515625
2018-06-04,796.225769042969
2018-06-05,734.8779296875
2018-06-06,743.486022949219
2018-06-07,745.720275878906
2018-06-08,749.603820800781
2018-06-09,755.764526367188
2018-06-10,754.553771972656
2018-06-11,757.721069335938
2018-06-12,743.799743652344
2018-06-13,748.249633789063
2018-06-14,753.981689453125
2018-06-15,748.612121582031
2018-06-16,743.046447753906
2018-06-17,742.322143554688
2018-06-18,747.366333007813
2018-06-19,744.407897949219
2018-06-20,738.248718261719
2018-06-21,739.889953613281
2018-06-22,749.367614746094
2018-06-23,761.264465332031
2018-06-24,763.038818359375
2018-06-25,768.530944824219
2018-06-26,776.092956542969
2018-06-27,765.722412109375
2018-06-28,754.07470703125
2018-06-29,761.22607421875
2018-06-30,756.629699707031
2018-07-01,761.357543945313
2018-07-02,751.275207519531
2018-07-03,766.486083984375
2018-07-04,757.058288574219
2018-07-05,772.875183105469
2018-07-06,782.087768554688
2018-07-07,784.97998046875
2018-07-08,790.586669921875
2018-07-09,802.347839355469
2018-07-10,822.253540039062
2018-07-11,826.519775390625
2018-07-12,824.768005371094
2018-07-13,818.856567382812
2018-07-14,824.914001464844
2018-07-15,828.101684570312
2018-07-16,843.181091308594
2018-07-17,837.535034179687
2018-07-18,838.587036132813
2018-07-19,821.099731445313
2018-07-20,821.247314453125
2018-07-21,816.449096679687
2018-07-22,823.820983886719
2018-07-23,822.928894042969
2018-07-24,838.810913085938
2018-07-25,836.371276855469
2018-07-26,841.493591308594
2018-07-27,828.298034667969
2018-07-28,828.438781738281
2018-07-29,840.426696777344
2018-07-30,838.840148925781
2018-07-31,845.46337890625
2018-08-01,843.371765136719
2018-08-02,859.055847167969
2018-08-03,847.048095703125
2018-08-04,817.807067871094
2018-08-05,813.590454101563
2018-08-06,806.37353515625
2018-08-07,829.737060546875
2018-08-08,833.1806640625
2018-08-09,831.573669433594
2018-08-10,854.242065429687
2018-08-11,833.91748046875
2018-08-12,846.660583496094
2018-08-13,838.411315917969
2018-08-14,846.104431152344
2018-08-15,862.01708984375
2018-08-16,862.602966308594
2018-08-17,868.333251953125
2018-08-18,835.267822265625
2018-08-19,839.029113769531
2018-08-20,848.679138183594
2018-08-21,858.113525390625
2018-08-22,866.631958007813
2018-08-23,883.132873535156
2018-08-24,877.115295410156
2018-08-25,884.189270019531
2018-08-26,868.479553222656
2018-08-27,864.993469238281
2018-08-28,868.15234375
2018-08-29,867.81298828125
2018-08-30,871.418518066406
2018-08-31,865.475524902344
2018-09-01,856.669555664062
2018-09-02,867.782348632812
2018-09-03,796.797119140625
2018-09-04,802.012451171875
2018-09-05,797.253356933594
2018-09-06,813.302917480469
2018-09-07,813.373840332031
2018-09-08,821.175170898438
2018-09-09,834.932006835938
2018-09-10,822.001098632813
2018-09-11,812.122741699219
2018-09-12,817.800415039063
2018-09-13,824.6357421875
2018-09-14,830.421630859375
2018-09-15,828.07763671875
2018-09-16,829.888427734375
2018-09-17,815.561706542969
2018-09-18,813.313659667969
2018-09-19,823.249450683594
2018-09-20,813.398254394531
2018-09-21,825.77685546875
2018-09-22,836.7998046875
2018-09-23,836.315063476562
2018-09-24,837.750793457031
2018-09-25,836.683410644531
2018-09-26,822.802978515625
2018-09-27,834.882263183594
2018-09-28,835.522644042969
2018-09-29,835.047668457031
2018-09-30,824.563110351563
2018-10-01,828.960144042969
2018-10-02,823.18798828125
2018-10-03,850
2018-10-04,850
2018-10-05,850
2018-10-06,850
2018-10-07,850
2018-10-08,850
2018-10-09,850
2018-10-10,850
2018-10-11,850
2018-10-12,850
2018-10-13,905.555555555556
2018-10-14,1027.77777777778
2018-10-15,1150
2018-10-16,1250
2018-10-17,1250
2018-10-18,1250
2018-10-19,1250
2018-10-20,1250
2018-10-21,1250
2018-10-22,1250
2018-10-23,1250
2018-10-24,1237.03703703704
2018-10-25,1212.96296296296
2018-10-26,1200
2018-10-27,1200
2018-10-28,1225
2018-10-29,1250
2018-10-30,1250
2018-10-31,1250
2018-11-01,1250
2018-11-02,1250
2018-11-03,1250
2018-11-04,1250
2018-11-05,1250
2018-11-06,1250
2018-11-07,1250
2018-11-08,1250
2018-11-09,1250
2018-11-10,1244.8
2018-11-11,1232.4
2018-11-12,1217.6
2018-11-13,1205.2
2018-11-14,1200
2018-11-15,1200
2018-11-16,1200
2018-11-17,1200
2018-11-18,1000
2018-11-19,800
2018-11-20,800
2018-11-21,775
2018-11-22,750
2018-11-23,750
2018-11-24,750
2018-11-25,750
2018-11-26,750
2018-11-27,750
2018-11-28,750
2018-11-29,750
2018-11-30,750
2018-12-01,750
2018-12-02,750
2018-12-03,750
2018-12-04,750
2018-12-05,750
2018-12-06,600
2018-12-07,600
2018-12-08,600
2018-12-09,600
2018-12-10,600
2018-12-11,600
2018-12-12,600
2018-12-13,600
2018-12-14,600
2018-12-15,600
2018-12-16,600
2018-12-17,600
2018-12-18,600
2018-12-19,600
2018-12-20,600
2018-12-21,600
2018-12-22,650
2018-12-23,650
2018-12-24,650
2018-12-25,575
2018-12-26,500
2018-12-27,700
2018-12-28,700
2018-12-29,700
2018-12-30,700
2018-12-31,700
