2006-01-01,16,0.0
2006-01-02,16,538
2006-01-03,16,538
2006-01-04,16,550
2006-01-05,16,550
2006-01-06,16,0.0
2006-01-07,16,0.0
2006-01-08,16,0.0
2006-01-09,16,0.0
2006-01-10,16,0.0
2006-01-11,16,0.0
2006-01-12,16,0.0
2006-01-13,16,0.0
2006-01-14,16,0.0
2006-01-15,16,0.0
2006-01-16,16,0.0
2006-01-17,16,0.0
2006-01-18,16,0.0
2006-01-19,16,0.0
2006-01-20,16,0.0
2006-01-21,16,0.0
2006-01-22,16,0.0
2006-01-23,16,0.0
2006-01-24,16,0.0
2006-01-25,16,0.0
2006-01-26,16,0.0
2006-01-27,16,0.0
2006-01-28,16,0.0
2006-01-29,16,0.0
2006-01-30,16,0.0
2006-01-31,16,0.0
2006-02-01,16,0.0
2006-02-02,16,0.0
2006-02-03,16,0.0
2006-02-04,16,0.0
2006-02-05,16,0.0
2006-02-06,16,300
2006-02-07,16,300
2006-02-08,16,300
2006-02-09,16,325
2006-02-10,16,350
2006-02-11,16,300
2006-02-12,16,0.0
2006-02-13,16,300
2006-02-14,16,0.0
2006-02-15,16,0.0
2006-02-16,16,300
2006-02-17,16,350
2006-02-18,16,450
2006-02-19,16,0.0
2006-02-20,16,0.0
2006-02-21,16,0.0
2006-02-22,16,0.0
2006-02-23,16,0.0
2006-02-24,16,0.0
2006-02-25,16,425
2006-02-26,16,0.0
2006-02-27,16,425
2006-02-28,16,0.0
2006-03-01,16,400
2006-03-02,16,400
2006-03-03,16,363
2006-03-04,16,363
2006-03-05,16,0.0
2006-03-06,16,350
2006-03-07,16,350
2006-03-08,16,350
2006-03-09,16,375
2006-03-10,16,375
2006-03-11,16,375
2006-03-12,16,0.0
2006-03-13,16,0.0
2006-03-14,16,338
2006-03-15,16,0.0
2006-03-16,16,350
2006-03-17,16,338
2006-03-18,16,0.0
2006-03-19,16,0.0
2006-03-20,16,350
2006-03-21,16,350
2006-03-22,16,350
2006-03-23,16,350
2006-03-24,16,350
2006-03-25,16,350
2006-03-26,16,0.0
2006-03-27,16,350
2006-03-28,16,350
2006-03-29,16,363
2006-03-30,16,363
2006-03-31,16,363
2006-04-01,16,375
2006-04-02,16,0.0
2006-04-03,16,375
2006-04-04,16,375
2006-04-05,16,375
2006-04-06,16,375
2006-04-07,16,375
2006-04-08,16,375
2006-04-09,16,0.0
2006-04-10,16,375
2006-04-11,16,375
2006-04-12,16,0.0
2006-04-13,16,375
2006-04-14,16,375
2006-04-15,16,375
2006-04-16,16,0.0
2006-04-17,16,375
2006-04-18,16,363
2006-04-19,16,350
2006-04-20,16,275
2006-04-21,16,0.0
2006-04-22,16,0.0
2006-04-23,16,0.0
2006-04-24,16,0.0
2006-04-25,16,350
2006-04-26,16,350
2006-04-27,16,350
2006-04-28,16,300
2006-04-29,16,350
2006-04-30,16,0.0
2006-05-01,16,350
2006-05-02,16,350
2006-05-03,16,350
2006-05-04,16,0.0
2006-05-05,16,0.0
2006-05-06,16,338
2006-05-07,16,0.0
2006-05-08,16,363
2006-05-09,16,350
2006-05-10,16,338
2006-05-11,16,350
2006-05-12,16,350
2006-05-13,16,325
2006-05-14,16,0.0
2006-05-15,16,325
2006-05-16,16,325
2006-05-17,16,325
2006-05-18,16,325
2006-05-19,16,325
2006-05-20,16,350
2006-05-21,16,0.0
2006-05-22,16,363
2006-05-23,16,363
2006-05-24,16,0.0
2006-05-25,16,0.0
2006-05-26,16,0.0
2006-05-27,16,0.0
2006-05-28,16,0.0
2006-05-29,16,0.0
2006-05-30,16,0.0
2006-05-31,16,350
2006-06-01,16,400
2006-06-02,16,350
2006-06-03,16,350
2006-06-04,16,0.0
2006-06-05,16,0.0
2006-06-06,16,0.0
2006-06-07,16,0.0
2006-06-08,16,400
2006-06-09,16,400
2006-06-10,16,400
2006-06-11,16,400
2006-06-12,16,400
2006-06-13,16,400
2006-06-14,16,350
2006-06-15,16,400
2006-06-16,16,400
2006-06-17,16,350
2006-06-18,16,450
2006-06-19,16,325
2006-06-20,16,375
2006-06-21,16,300
2006-06-22,16,350
2006-06-23,16,350
2006-06-24,16,350
2006-06-25,16,0.0
2006-06-26,16,350
2006-06-27,16,350
2006-06-28,16,0.0
2006-06-29,16,350
2006-06-30,16,350
2006-07-01,16,350
2006-07-02,16,400
2006-07-03,16,0.0
2006-07-04,16,500
2006-07-05,16,0.0
2006-07-06,16,400
2006-07-07,16,500
2006-07-08,16,0.0
2006-07-09,16,0.0
2006-07-10,16,0.0
2006-07-11,16,300
2006-07-12,16,400
2006-07-13,16,400
2006-07-14,16,500
2006-07-15,16,500
2006-07-16,16,500
2006-07-17,16,400
2006-07-18,16,500
2006-07-19,16,400
2006-07-20,16,400
2006-07-21,16,400
2006-07-22,16,400
2006-07-23,16,400
2006-07-24,16,400
2006-07-25,16,400
2006-07-26,16,375
2006-07-27,16,300
2006-07-28,16,500
2006-07-29,16,500
2006-07-30,16,0.0
2006-07-31,16,400
2006-08-01,16,0.0
2006-08-02,16,400
2006-08-03,16,400
2006-08-04,16,375
2006-08-05,16,400
2006-08-06,16,400
2006-08-07,16,400
2006-08-08,16,400
2006-08-09,16,400
2006-08-10,16,400
2006-08-11,16,450
2006-08-12,16,400
2006-08-13,16,400
2006-08-14,16,500
2006-08-15,16,0.0
2006-08-16,16,500
2006-08-17,16,400
2006-08-18,16,400
2006-08-19,16,400
2006-08-20,16,400
2006-08-21,16,400
2006-08-22,16,400
2006-08-23,16,450
2006-08-24,16,450
2006-08-25,16,400
2006-08-26,16,400
2006-08-27,16,0.0
2006-08-28,16,400
2006-08-29,16,400
2006-08-30,16,400
2006-08-31,16,400
2006-09-01,16,450
2006-09-02,16,600
2006-09-03,16,0.0
2006-09-04,16,500
2006-09-05,16,500
2006-09-06,16,0.0
2006-09-07,16,500
2006-09-08,16,425
2006-09-09,16,450
2006-09-10,16,0.0
2006-09-11,16,575
2006-09-12,16,550
2006-09-13,16,550
2006-09-14,16,550
2006-09-15,16,0.0
2006-09-16,16,0.0
2006-09-17,16,0.0
2006-09-18,16,0.0
2006-09-19,16,0.0
2006-09-20,16,0.0
2006-09-21,16,0.0
2006-09-22,16,500
2006-09-23,16,500
2006-09-24,16,0.0
2006-09-25,16,0.0
2006-09-26,16,0.0
2006-09-27,16,0.0
2006-09-28,16,330
2006-09-29,16,335
2006-09-30,16,340
2006-10-01,16,0.0
2006-10-02,16,0.0
2006-10-03,16,0.0
2006-10-04,16,0.0
2006-10-05,16,0.0
2006-10-06,16,0.0
2006-10-07,16,340
2006-10-08,16,0.0
2006-10-09,16,0.0
2006-10-10,16,0.0
2006-10-11,16,0.0
2006-10-12,16,0.0
2006-10-13,16,0.0
2006-10-14,16,0.0
2006-10-15,16,0.0
2006-10-16,16,0.0
2006-10-17,16,0.0
2006-10-18,16,450
2006-10-19,16,0.0
2006-10-20,16,500
2006-10-21,16,475
2006-10-22,16,0.0
2006-10-23,16,0.0
2006-10-24,16,550
2006-10-25,16,600
2006-10-26,16,550
2006-10-27,16,0.0
2006-10-28,16,0.0
2006-10-29,16,0.0
2006-10-30,16,0.0
2006-10-31,16,0.0
2006-11-01,16,0.0
2006-11-02,16,0.0
2006-11-03,16,0.0
2006-11-04,16,0.0
2006-11-05,16,0.0
2006-11-06,16,0.0
2006-11-07,16,0.0
2006-11-08,16,0.0
2006-11-09,16,0.0
2006-11-10,16,0.0
2006-11-11,16,0.0
2006-11-12,16,0.0
2006-11-13,16,0.0
2006-11-14,16,0.0
2006-11-15,16,0.0
2006-11-16,16,0.0
2006-11-17,16,0.0
2006-11-18,16,0.0
2006-11-19,16,0.0
2006-11-20,16,0.0
2006-11-21,16,0.0
2006-11-22,16,0.0
2006-11-23,16,0.0
2006-11-24,16,0.0
2006-11-25,16,0.0
2006-11-26,16,0.0
2006-11-27,16,0.0
2006-11-28,16,0.0
2006-11-29,16,0.0
2006-11-30,16,0.0
2006-12-01,16,0.0
2006-12-02,16,0.0
2006-12-03,16,0.0
2006-12-04,16,0.0
2006-12-05,16,0.0
2006-12-06,16,0.0
2006-12-07,16,0.0
2006-12-08,16,0.0
2006-12-09,16,550
2006-12-10,16,0.0
2006-12-11,16,550
2006-12-12,16,0.0
2006-12-13,16,0.0
2006-12-14,16,0.0
2006-12-15,16,0.0
2006-12-16,16,0.0
2006-12-17,16,500
2006-12-18,16,675
2006-12-19,16,500
2006-12-20,16,0.0
2006-12-21,16,450
2006-12-22,16,0.0
2006-12-23,16,675
2006-12-24,16,0.0
2006-12-25,16,675
2006-12-26,16,700
2006-12-27,16,710
2006-12-28,16,650
2006-12-29,16,650
2006-12-30,16,0.0
2006-12-31,16,0.0
2007-01-01,16,700
2007-01-02,16,800
2007-01-03,16,830
2007-01-04,16,860
2007-01-05,16,1000
2007-01-06,16,0.0
2007-01-07,16,0.0
2007-01-08,16,0.0
2007-01-09,16,1000
2007-01-10,16,925
2007-01-11,16,0.0
2007-01-12,16,0.0
2007-01-13,16,0.0
2007-01-14,16,0.0
2007-01-15,16,0.0
2007-01-16,16,0.0
2007-01-17,16,0.0
2007-01-18,16,0.0
2007-01-19,16,0.0
2007-01-20,16,1025
2007-01-21,16,0.0
2007-01-22,16,925
2007-01-23,16,800
2007-01-24,16,1100
2007-01-25,16,900
2007-01-26,16,0.0
2007-01-27,16,900
2007-01-28,16,0.0
2007-01-29,16,0.0
2007-01-30,16,0.0
2007-01-31,16,0.0
2007-02-01,16,935
2007-02-02,16,800
2007-02-03,16,0.0
2007-02-04,16,0.0
2007-02-05,16,1040
2007-02-06,16,1250
2007-02-07,16,1250
2007-02-08,16,1150
2007-02-09,16,1100
2007-02-10,16,0.0
2007-02-11,16,0.0
2007-02-12,16,0.0
2007-02-13,16,0.0
2007-02-14,16,1050
2007-02-15,16,1025
2007-02-16,16,950
2007-02-17,16,925
2007-02-18,16,0.0
2007-02-19,16,975
2007-02-20,16,1000
2007-02-21,16,0.0
2007-02-22,16,880
2007-02-23,16,850
2007-02-24,16,900
2007-02-25,16,0.0
2007-02-26,16,900
2007-02-27,16,750
2007-02-28,16,950
2007-03-01,16,650
2007-03-02,16,500
2007-03-03,16,0.0
2007-03-04,16,0.0
2007-03-05,16,0.0
2007-03-06,16,0.0
2007-03-07,16,0.0
2007-03-08,16,0.0
2007-03-09,16,750
2007-03-10,16,900
2007-03-11,16,0.0
2007-03-12,16,1000
2007-03-13,16,800
2007-03-14,16,850
2007-03-15,16,750
2007-03-16,16,750
2007-03-17,16,750
2007-03-18,16,0.0
2007-03-19,16,750
2007-03-20,16,750
2007-03-21,16,750
2007-03-22,16,753
2007-03-23,16,725
2007-03-24,16,725
2007-03-25,16,0.0
2007-03-26,16,700
2007-03-27,16,700
2007-03-28,16,700
2007-03-29,16,750
2007-03-30,16,650
2007-03-31,16,0.0
2007-04-01,16,0.0
2007-04-02,16,650
2007-04-03,16,525
2007-04-04,16,0.0
2007-04-05,16,0.0
2007-04-06,16,650
2007-04-07,16,650
2007-04-08,16,0.0
2007-04-09,16,650
2007-04-10,16,650
2007-04-11,16,0.0
2007-04-12,16,600
2007-04-13,16,0.0
2007-04-14,16,0.0
2007-04-15,16,0.0
2007-04-16,16,0.0
2007-04-17,16,550
2007-04-18,16,550
2007-04-19,16,0.0
2007-04-20,16,0.0
2007-04-21,16,550
2007-04-22,16,0.0
2007-04-23,16,535
2007-04-24,16,550
2007-04-25,16,535
2007-04-26,16,575
2007-04-27,16,575
2007-04-28,16,575
2007-04-29,16,0.0
2007-04-30,16,600
2007-05-01,16,600
2007-05-02,16,625
2007-05-03,16,625
2007-05-04,16,610
2007-05-05,16,575
2007-05-06,16,0.0
2007-05-07,16,575
2007-05-08,16,0.0
2007-05-09,16,480
2007-05-10,16,450
2007-05-11,16,450
2007-05-12,16,450
2007-05-13,16,0.0
2007-05-14,16,450
2007-05-15,16,450
2007-05-16,16,425
2007-05-17,16,425
2007-05-18,16,400
2007-05-19,16,375
2007-05-20,16,0.0
2007-05-21,16,400
2007-05-22,16,450
2007-05-23,16,450
2007-05-24,16,450
2007-05-25,16,425
2007-05-26,16,410
2007-05-27,16,0.0
2007-05-28,16,0.0
2007-05-29,16,0.0
2007-05-30,16,0.0
2007-05-31,16,0.0
2007-06-01,16,0.0
2007-06-02,16,0.0
2007-06-03,16,0.0
2007-06-04,16,0.0
2007-06-05,16,460
2007-06-06,16,475
2007-06-07,16,425
2007-06-08,16,500
2007-06-09,16,500
2007-06-10,16,0.0
2007-06-11,16,500
2007-06-12,16,500
2007-06-13,16,550
2007-06-14,16,510
2007-06-15,16,625
2007-06-16,16,625
2007-06-17,16,0.0
2007-06-18,16,675
2007-06-19,16,700
2007-06-20,16,725
2007-06-21,16,700
2007-06-22,16,0.0
2007-06-23,16,650
2007-06-24,16,0.0
2007-06-25,16,800
2007-06-26,16,800
2007-06-27,16,750
2007-06-28,16,750
2007-06-29,16,750
2007-06-30,16,0.0
2007-07-01,16,0.0
2007-07-02,16,700
2007-07-03,16,800
2007-07-04,16,0.0
2007-07-05,16,750
2007-07-06,16,800
2007-07-07,16,800
2007-07-08,16,800
2007-07-09,16,800
2007-07-10,16,800
2007-07-11,16,850
2007-07-12,16,800
2007-07-13,16,750
2007-07-14,16,700
2007-07-15,16,1150
2007-07-16,16,800
2007-07-17,16,750
2007-07-18,16,850
2007-07-19,16,750
2007-07-20,16,750
2007-07-21,16,850
2007-07-22,16,700
2007-07-23,16,750
2007-07-24,16,850
2007-07-25,16,1150
2007-07-26,16,825
2007-07-27,16,800
2007-07-28,16,800
2007-07-29,16,1350
2007-07-30,16,850
2007-07-31,16,825
2007-08-01,16,850
2007-08-02,16,850
2007-08-03,16,825
2007-08-04,16,850
2007-08-05,16,800
2007-08-06,16,850
2007-08-07,16,1000
2007-08-08,16,550
2007-08-09,16,1050
2007-08-10,16,950
2007-08-11,16,950
2007-08-12,16,800
2007-08-13,16,950
2007-08-14,16,1000
2007-08-15,16,800
2007-08-16,16,850
2007-08-17,16,1100
2007-08-18,16,1375
2007-08-19,16,800
2007-08-20,16,1500
2007-08-21,16,1600
2007-08-22,16,0.0
2007-08-23,16,1250
2007-08-24,16,1375
2007-08-25,16,1000
2007-08-26,16,1050
2007-08-27,16,950
2007-08-28,16,1500
2007-08-29,16,1325
2007-08-30,16,1325
2007-08-31,16,1550
2007-09-01,16,1550
2007-09-02,16,1000
2007-09-03,16,1500
2007-09-04,16,1450
2007-09-05,16,1500
2007-09-06,16,1250
2007-09-07,16,1325
2007-09-08,16,1150
2007-09-09,16,1200
2007-09-10,16,1325
2007-09-11,16,1150
2007-09-12,16,1325
2007-09-13,16,1450
2007-09-14,16,1325
2007-09-15,16,1250
2007-09-16,16,1250
2007-09-17,16,1250
2007-09-18,16,1375
2007-09-19,16,1500
2007-09-20,16,1500
2007-09-21,16,1550
2007-09-22,16,1550
2007-09-23,16,0.0
2007-09-24,16,1550
2007-09-25,16,1550
2007-09-26,16,1500
2007-09-27,16,1500
2007-09-28,16,1625
2007-09-29,16,1775
2007-09-30,16,1250
2007-10-01,16,1875
2007-10-02,16,1450
2007-10-03,16,0.0
2007-10-04,16,0.0
2007-10-05,16,1800
2007-10-06,16,1650
2007-10-07,16,1250
2007-10-08,16,1350
2007-10-09,16,1250
2007-10-10,16,1250
2007-10-11,16,1550
2007-10-12,16,1563
2007-10-13,16,1350
2007-10-14,16,1450
2007-10-15,16,1425
2007-10-16,16,1250
2007-10-17,16,1200
2007-10-18,16,1250
2007-10-19,16,1250
2007-10-20,16,1250
2007-10-21,16,1450
2007-10-22,16,1250
2007-10-23,16,1450
2007-10-24,16,1425
2007-10-25,16,1300
2007-10-26,16,1500
2007-10-27,16,1500
2007-10-28,16,450
2007-10-29,16,1175
2007-10-30,16,1150
2007-10-31,16,1050
2007-11-01,16,1000
2007-11-02,16,0.0
2007-11-03,16,1350
2007-11-04,16,0.0
2007-11-05,16,900
2007-11-06,16,1250
2007-11-07,16,900
2007-11-08,16,1000
2007-11-09,16,1000
2007-11-10,16,0.0
2007-11-11,16,0.0
2007-11-12,16,1350
2007-11-13,16,1075
2007-11-14,16,1125
2007-11-15,16,950
2007-11-16,16,1250
2007-11-17,16,1250
2007-11-18,16,1150
2007-11-19,16,850
2007-11-20,16,775
2007-11-21,16,700
2007-11-22,16,688
2007-11-23,16,650
2007-11-24,16,663
2007-11-25,16,0.0
2007-11-26,16,575
2007-11-27,16,650
2007-11-28,16,575
2007-11-29,16,563
2007-11-30,16,500
2007-12-01,16,600
2007-12-02,16,1050
2007-12-03,16,600
2007-12-04,16,500
2007-12-05,16,500
2007-12-06,16,600
2007-12-07,16,1150
2007-12-08,16,1050
2007-12-09,16,0.0
2007-12-10,16,525
2007-12-11,16,500
2007-12-12,16,500
2007-12-13,16,600
2007-12-14,16,475
2007-12-15,16,588
2007-12-16,16,0.0
2007-12-17,16,588
2007-12-18,16,0.0
2007-12-19,16,0.0
2007-12-20,16,0.0
2007-12-21,16,0.0
2007-12-22,16,0.0
2007-12-23,16,0.0
2007-12-24,16,0.0
2007-12-25,16,0.0
2007-12-26,16,0.0
2007-12-27,16,500
2007-12-28,16,0.0
2007-12-29,16,0.0
2007-12-30,16,0.0
2007-12-31,16,0.0
2008-01-01,16,0.0
2008-01-02,16,0.0
2008-01-03,16,0.0
2008-01-04,16,850
2008-01-05,16,0.0
2008-01-06,16,0.0
2008-01-07,16,0.0
2008-01-08,16,0.0
2008-01-09,16,0.0
2008-01-10,16,0.0
2008-01-11,16,0.0
2008-01-12,16,300
2008-01-13,16,0.0
2008-01-14,16,0.0
2008-01-15,16,0.0
2008-01-16,16,0.0
2008-01-17,16,0.0
2008-01-18,16,0.0
2008-01-19,16,0.0
2008-01-20,16,0.0
2008-01-21,16,0.0
2008-01-22,16,0.0
2008-01-23,16,338
2008-01-24,16,338
2008-01-25,16,400
2008-01-26,16,0.0
2008-01-27,16,0.0
2008-01-28,16,475
2008-01-29,16,375
2008-01-30,16,0.0
2008-01-31,16,350
2008-02-01,16,375
2008-02-02,16,375
2008-02-03,16,0.0
2008-02-04,16,300
2008-02-05,16,375
2008-02-06,16,275
2008-02-07,16,0.0
2008-02-08,16,525
2008-02-09,16,325
2008-02-10,16,0.0
2008-02-11,16,325
2008-02-12,16,325
2008-02-13,16,325
2008-02-14,16,300
2008-02-15,16,375
2008-02-16,16,375
2008-02-17,16,0.0
2008-02-18,16,438
2008-02-19,16,425
2008-02-20,16,400
2008-02-21,16,400
2008-02-22,16,400
2008-02-23,16,400
2008-02-24,16,0.0
2008-02-25,16,463
2008-02-26,16,400
2008-02-27,16,400
2008-02-28,16,450
2008-02-29,16,0.0
2008-03-01,16,450
2008-03-02,16,0.0
2008-03-03,16,675
2008-03-04,16,425
2008-03-05,16,425
2008-03-06,16,425
2008-03-07,16,425
2008-03-08,16,438
2008-03-09,16,0.0
2008-03-10,16,675
2008-03-11,16,425
2008-03-12,16,475
2008-03-13,16,500
2008-03-14,16,575
2008-03-15,16,475
2008-03-16,16,0.0
2008-03-17,16,575
2008-03-18,16,0.0
2008-03-19,16,550
2008-03-20,16,500
2008-03-21,16,0.0
2008-03-22,16,0.0
2008-03-23,16,0.0
2008-03-24,16,500
2008-03-25,16,563
2008-03-26,16,500
2008-03-27,16,500
2008-03-28,16,0.0
2008-03-29,16,500
2008-03-30,16,0.0
2008-03-31,16,0.0
2008-04-01,16,450
2008-04-02,16,500
2008-04-03,16,0.0
2008-04-04,16,500
2008-04-05,16,500
2008-04-06,16,0.0
2008-04-07,16,500
2008-04-08,16,500
2008-04-09,16,400
2008-04-10,16,475
2008-04-11,16,450
2008-04-12,16,450
2008-04-13,16,0.0
2008-04-14,16,450
2008-04-15,16,450
2008-04-16,16,425
2008-04-17,16,450
2008-04-18,16,425
2008-04-19,16,413
2008-04-20,16,0.0
2008-04-21,16,400
2008-04-22,16,375
2008-04-23,16,400
2008-04-24,16,400
2008-04-25,16,400
2008-04-26,16,400
2008-04-27,16,0.0
2008-04-28,16,338
2008-04-29,16,325
2008-04-30,16,400
2008-05-01,16,325
2008-05-02,16,450
2008-05-03,16,375
2008-05-04,16,0.0
2008-05-05,16,375
2008-05-06,16,375
2008-05-07,16,375
2008-05-08,16,375
2008-05-09,16,450
2008-05-10,16,450
2008-05-11,16,0.0
2008-05-12,16,450
2008-05-13,16,450
2008-05-14,16,450
2008-05-15,16,450
2008-05-16,16,425
2008-05-17,16,350
2008-05-18,16,0.0
2008-05-19,16,400
2008-05-20,16,350
2008-05-21,16,350
2008-05-22,16,425
2008-05-23,16,425
2008-05-24,16,363
2008-05-25,16,0.0
2008-05-26,16,425
2008-05-27,16,425
2008-05-28,16,438
2008-05-29,16,438
2008-05-30,16,438
2008-05-31,16,400
2008-06-01,16,0.0
2008-06-02,16,425
2008-06-03,16,450
2008-06-04,16,425
2008-06-05,16,425
2008-06-06,16,450
2008-06-07,16,425
2008-06-08,16,0.0
2008-06-09,16,475
2008-06-10,16,425
2008-06-11,16,425
2008-06-12,16,400
2008-06-13,16,450
2008-06-14,16,450
2008-06-15,16,0.0
2008-06-16,16,400
2008-06-17,16,450
2008-06-18,16,450
2008-06-19,16,450
2008-06-20,16,375
2008-06-21,16,525
2008-06-22,16,0.0
2008-06-23,16,375
2008-06-24,16,450
2008-06-25,16,475
2008-06-26,16,475
2008-06-27,16,475
2008-06-28,16,450
2008-06-29,16,0.0
2008-06-30,16,475
2008-07-01,16,450
2008-07-02,16,550
2008-07-03,16,600
2008-07-04,16,500
2008-07-05,16,500
2008-07-06,16,0.0
2008-07-07,16,500
2008-07-08,16,525
2008-07-09,16,525
2008-07-10,16,550
2008-07-11,16,750
2008-07-12,16,750
2008-07-13,16,0.0
2008-07-14,16,600
2008-07-15,16,688
2008-07-16,16,688
2008-07-17,16,750
2008-07-18,16,688
2008-07-19,16,750
2008-07-20,16,0.0
2008-07-21,16,500
2008-07-22,16,800
2008-07-23,16,600
2008-07-24,16,800
2008-07-25,16,800
2008-07-26,16,800
2008-07-27,16,0.0
2008-07-28,16,950
2008-07-29,16,750
2008-07-30,16,750
2008-07-31,16,950
2008-08-01,16,950
2008-08-02,16,600
2008-08-03,16,0.0
2008-08-04,16,750
2008-08-05,16,825
2008-08-06,16,950
2008-08-07,16,875
2008-08-08,16,950
2008-08-09,16,875
2008-08-10,16,0.0
2008-08-11,16,875
2008-08-12,16,938
2008-08-13,16,875
2008-08-14,16,650
2008-08-15,16,0.0
2008-08-16,16,850
2008-08-17,16,0.0
2008-08-18,16,850
2008-08-19,16,800
2008-08-20,16,800
2008-08-21,16,800
2008-08-22,16,800
2008-08-23,16,850
2008-08-24,16,0.0
2008-08-25,16,850
2008-08-26,16,850
2008-08-27,16,600
2008-08-28,16,850
2008-08-29,16,800
2008-08-30,16,800
2008-08-31,16,0.0
2008-09-01,16,700
2008-09-02,16,700
2008-09-03,16,700
2008-09-04,16,800
2008-09-05,16,700
2008-09-06,16,700
2008-09-07,16,0.0
2008-09-08,16,700
2008-09-09,16,650
2008-09-10,16,650
2008-09-11,16,875
2008-09-12,16,875
2008-09-13,16,875
2008-09-14,16,0.0
2008-09-15,16,875
2008-09-16,16,850
2008-09-17,16,850
2008-09-18,16,850
2008-09-19,16,825
2008-09-20,16,850
2008-09-21,16,0.0
2008-09-22,16,850
2008-09-23,16,800
2008-09-24,16,875
2008-09-25,16,850
2008-09-26,16,850
2008-09-27,16,852
2008-09-28,16,0.0
2008-09-29,16,852
2008-09-30,16,811
2008-10-01,16,811
2008-10-02,16,0.0
2008-10-03,16,811
2008-10-04,16,809
2008-10-05,16,0.0
2008-10-06,16,842
2008-10-07,16,842
2008-10-08,16,845
2008-10-09,16,845
2008-10-10,16,919
2008-10-11,16,919
2008-10-12,16,0.0
2008-10-13,16,900
2008-10-14,16,900
2008-10-15,16,857
2008-10-16,16,863
2008-10-17,16,863
2008-10-18,16,817
2008-10-19,16,0.0
2008-10-20,16,788
2008-10-21,16,0.0
2008-10-22,16,803
2008-10-23,16,784
2008-10-24,16,784
2008-10-25,16,763
2008-10-26,16,0.0
2008-10-27,16,736
2008-10-28,16,736
2008-10-29,16,0.0
2008-10-30,16,0.0
2008-10-31,16,832
2008-11-01,16,920
2008-11-02,16,0.0
2008-11-03,16,1039
2008-11-04,16,1066
2008-11-05,16,1070
2008-11-06,16,1077
2008-11-07,16,1077
2008-11-08,16,1077
2008-11-09,16,0.0
2008-11-10,16,1094
2008-11-11,16,1172
2008-11-12,16,1245
2008-11-13,16,1245
2008-11-14,16,1217
2008-11-15,16,1208
2008-11-16,16,0.0
2008-11-17,16,1071
2008-11-18,16,1004
2008-11-19,16,998
2008-11-20,16,1005
2008-11-21,16,1005
2008-11-22,16,938
2008-11-23,16,0.0
2008-11-24,16,1003
2008-11-25,16,1144
2008-11-26,16,1110
2008-11-27,16,1129
2008-11-28,16,1005
2008-11-29,16,0.0
2008-11-30,16,0.0
2008-12-01,16,930
2008-12-02,16,930
2008-12-03,16,956
2008-12-04,16,956
2008-12-05,16,923
2008-12-06,16,1045
2008-12-07,16,0.0
2008-12-08,16,1045
2008-12-09,16,1045
2008-12-10,16,1045
2008-12-11,16,1114
2008-12-12,16,1258
2008-12-13,16,1279
2008-12-14,16,0.0
2008-12-15,16,1300
2008-12-16,16,1223
2008-12-17,16,1075
2008-12-18,16,1153
2008-12-19,16,1138
2008-12-20,16,1068
2008-12-21,16,0.0
2008-12-22,16,1080
2008-12-23,16,1095
2008-12-24,16,1192
2008-12-25,16,1221
2008-12-26,16,1221
2008-12-27,16,1221
2008-12-28,16,0.0
2008-12-29,16,1221
2008-12-30,16,1229
2008-12-31,16,1313
2009-01-01,16,1240
2009-01-02,16,1233
2009-01-03,16,1265
2009-01-04,16,0.0
2009-01-05,16,1290
2009-01-06,16,1290
2009-01-07,16,1310
2009-01-08,16,1313
2009-01-09,16,1313
2009-01-10,16,1313
2009-01-11,16,0.0
2009-01-12,16,1288
2009-01-13,16,1200
2009-01-14,16,1150
2009-01-15,16,1248
2009-01-16,16,1180
2009-01-17,16,1183
2009-01-18,16,0.0
2009-01-19,16,1234
2009-01-20,16,1195
2009-01-21,16,1195
2009-01-22,16,1213
2009-01-23,16,1218
2009-01-24,16,1218
2009-01-25,16,0.0
2009-01-26,16,0.0
2009-01-27,16,1130
2009-01-28,16,1100
2009-01-29,16,1046
2009-01-30,16,1033
2009-01-31,16,925
2009-02-01,16,0.0
2009-02-02,16,894
2009-02-03,16,877
2009-02-04,16,997
2009-02-05,16,1013
2009-02-06,16,1000
2009-02-07,16,903
2009-02-08,16,0.0
2009-02-09,16,908
2009-02-10,16,908
2009-02-11,16,919
2009-02-12,16,919
2009-02-13,16,1022
2009-02-14,16,1022
2009-02-15,16,0.0
2009-02-16,16,1022
2009-02-17,16,1075
2009-02-18,16,1081
2009-02-19,16,1180
2009-02-20,16,1198
2009-02-21,16,1210
2009-02-22,16,0.0
2009-02-23,16,1203
2009-02-24,16,1230
2009-02-25,16,1144
2009-02-26,16,1144
2009-02-27,16,1144
2009-02-28,16,1069
2009-03-01,16,0.0
2009-03-02,16,1063
2009-03-03,16,1044
2009-03-04,16,1044
2009-03-05,16,1044
2009-03-06,16,1044
2009-03-07,16,938
2009-03-08,16,0.0
2009-03-09,16,919
2009-03-10,16,875
2009-03-11,16,0.0
2009-03-12,16,866
2009-03-13,16,866
2009-03-14,16,872
2009-03-15,16,0.0
2009-03-16,16,891
2009-03-17,16,891
2009-03-18,16,891
2009-03-19,16,919
2009-03-20,16,919
2009-03-21,16,878
2009-03-22,16,0.0
2009-03-23,16,788
2009-03-24,16,792
2009-03-25,16,659
2009-03-26,16,653
2009-03-27,16,666
2009-03-28,16,669
2009-03-29,16,0.0
2009-03-30,16,669
2009-03-31,16,669
2009-04-01,16,669
2009-04-02,16,725
2009-04-03,16,725
2009-04-04,16,725
2009-04-05,16,0.0
2009-04-06,16,750
2009-04-07,16,750
2009-04-08,16,750
2009-04-09,16,750
2009-04-10,16,750
2009-04-11,16,773
2009-04-12,16,0.0
2009-04-13,16,810
2009-04-14,16,810
2009-04-15,16,810
2009-04-16,16,793
2009-04-17,16,745
2009-04-18,16,713
2009-04-19,16,0.0
2009-04-20,16,713
2009-04-21,16,715
2009-04-22,16,680
2009-04-23,16,680
2009-04-24,16,680
2009-04-25,16,650
2009-04-26,16,0.0
2009-04-27,16,675
2009-04-28,16,675
2009-04-29,16,675
2009-04-30,16,675
2009-05-01,16,725
2009-05-02,16,725
2009-05-03,16,0.0
2009-05-04,16,731
2009-05-05,16,731
2009-05-06,16,731
2009-05-07,16,0.0
2009-05-08,16,725
2009-05-09,16,725
2009-05-10,16,0.0
2009-05-11,16,725
2009-05-12,16,750
2009-05-13,16,625
2009-05-14,16,625
2009-05-15,16,658
2009-05-16,16,633
2009-05-17,16,0.0
2009-05-18,16,633
2009-05-19,16,633
2009-05-20,16,633
2009-05-21,16,617
2009-05-22,16,633
2009-05-23,16,600
2009-05-24,16,0.0
2009-05-25,16,600
2009-05-26,16,633
2009-05-27,16,650
2009-05-28,16,550
2009-05-29,16,650
2009-05-30,16,650
2009-05-31,16,0.0
2009-06-01,16,0.0
2009-06-02,16,683
2009-06-03,16,750
2009-06-04,16,725
2009-06-05,16,650
2009-06-06,16,650
2009-06-07,16,0.0
2009-06-08,16,650
2009-06-09,16,667
2009-06-10,16,667
2009-06-11,16,667
2009-06-12,16,667
2009-06-13,16,667
2009-06-14,16,0.0
2009-06-15,16,675
2009-06-16,16,675
2009-06-17,16,692
2009-06-18,16,679
2009-06-19,16,700
2009-06-20,16,654
2009-06-21,16,0.0
2009-06-22,16,650
2009-06-23,16,758
2009-06-24,16,733
2009-06-25,16,775
2009-06-26,16,803
2009-06-27,16,810
2009-06-28,16,0.0
2009-06-29,16,794
2009-06-30,16,765
2009-07-01,16,765
2009-07-02,16,788
2009-07-03,16,820
2009-07-04,16,775
2009-07-05,16,0.0
2009-07-06,16,788
2009-07-07,16,769
2009-07-08,16,763
2009-07-09,16,769
2009-07-10,16,797
2009-07-11,16,781
2009-07-12,16,0.0
2009-07-13,16,781
2009-07-14,16,769
2009-07-15,16,794
2009-07-16,16,0.0
2009-07-17,16,763
2009-07-18,16,790
2009-07-19,16,0.0
2009-07-20,16,0.0
2009-07-21,16,815
2009-07-22,16,803
2009-07-23,16,785
2009-07-24,16,780
2009-07-25,16,770
2009-07-26,16,0.0
2009-07-27,16,790
2009-07-28,16,795
2009-07-29,16,810
2009-07-30,16,817
2009-07-31,16,760
2009-08-01,16,763
2009-08-02,16,0.0
2009-08-03,16,0.0
2009-08-04,16,790
2009-08-05,16,810
2009-08-06,16,810
2009-08-07,16,800
2009-08-08,16,800
2009-08-09,16,0.0
2009-08-10,16,793
2009-08-11,16,965
2009-08-12,16,883
2009-08-13,16,898
2009-08-14,16,878
2009-08-15,16,0.0
2009-08-16,16,0.0
2009-08-17,16,880
2009-08-18,16,896
2009-08-19,16,877
2009-08-20,16,850
2009-08-21,16,930
2009-08-22,16,920
2009-08-23,16,0.0
2009-08-24,16,950
2009-08-25,16,950
2009-08-26,16,920
2009-08-27,16,913
2009-08-28,16,890
2009-08-29,16,900
2009-08-30,16,0.0
2009-08-31,16,900
2009-09-01,16,870
2009-09-02,16,870
2009-09-03,16,870
2009-09-04,16,855
2009-09-05,16,855
2009-09-06,16,0.0
2009-09-07,16,855
2009-09-08,16,855
2009-09-09,16,855
2009-09-10,16,855
2009-09-11,16,855
2009-09-12,16,855
2009-09-13,16,0.0
2009-09-14,16,844
2009-09-15,16,844
2009-09-16,16,875
2009-09-17,16,875
2009-09-18,16,875
2009-09-19,16,909
2009-09-20,16,0.0
2009-09-21,16,0.0
2009-09-22,16,0.0
2009-09-23,16,0.0
2009-09-24,16,0.0
2009-09-25,16,869
2009-09-26,16,0.0
2009-09-27,16,0.0
2009-09-28,16,0.0
2009-09-29,16,888
2009-09-30,16,0.0
2009-10-01,16,1150
2009-10-02,16,0.0
2009-10-03,16,1458
2009-10-04,16,0.0
2009-10-05,16,1767
2009-10-06,16,1635
2009-10-07,16,1577
2009-10-08,16,1577
2009-10-09,16,0.0
2009-10-10,16,1569
2009-10-11,16,0.0
2009-10-12,16,1569
2009-10-13,16,1633
2009-10-14,16,1675
2009-10-15,16,1675
2009-10-16,16,1613
2009-10-17,16,1613
2009-10-18,16,0.0
2009-10-19,16,1613
2009-10-20,16,1418
2009-10-21,16,1389
2009-10-22,16,1409
2009-10-23,16,1409
2009-10-24,16,1531
2009-10-25,16,0.0
2009-10-26,16,1589
2009-10-27,16,1853
2009-10-28,16,1832
2009-10-29,16,1711
2009-10-30,16,1676
2009-10-31,16,1581
2009-11-01,16,0.0
2009-11-02,16,1400
2009-11-03,16,1551
2009-11-04,16,1551
2009-11-05,16,1511
2009-11-06,16,1347
2009-11-07,16,1311
2009-11-08,16,0.0
2009-11-09,16,1310
2009-11-10,16,1250
2009-11-11,16,1241
2009-11-12,16,1300
2009-11-13,16,1353
2009-11-14,16,1353
2009-11-15,16,0.0
2009-11-16,16,1418
2009-11-17,16,1423
2009-11-18,16,1390
2009-11-19,16,1381
2009-11-20,16,1258
2009-11-21,16,1240
2009-11-22,16,0.0
2009-11-23,16,0.0
2009-11-24,16,1230
2009-11-25,16,1230
2009-11-26,16,941
2009-11-27,16,918
2009-11-28,16,918
2009-11-29,16,0.0
2009-11-30,16,1017
2009-12-01,16,969
2009-12-02,16,1031
2009-12-03,16,0.0
2009-12-04,16,1000
2009-12-05,16,975
2009-12-06,16,0.0
2009-12-07,16,975
2009-12-08,16,1092
2009-12-09,16,1117
2009-12-10,16,1033
2009-12-11,16,1138
2009-12-12,16,1033
2009-12-13,16,0.0
2009-12-14,16,1033
2009-12-15,16,1150
2009-12-16,16,1150
2009-12-17,16,1050
2009-12-18,16,1213
2009-12-19,16,1363
2009-12-20,16,0.0
2009-12-21,16,1513
2009-12-22,16,1538
2009-12-23,16,1538
2009-12-24,16,1538
2009-12-25,16,1475
2009-12-26,16,1475
2009-12-27,16,0.0
2009-12-28,16,1385
2009-12-29,16,1385
2009-12-30,16,1385
2009-12-31,16,1385
2010-01-01,16,1385
2010-01-02,16,1421
2010-01-03,16,0.0
2010-01-04,16,1398
2010-01-05,16,1452
2010-01-06,16,1488
2010-01-07,16,1488
2010-01-08,16,1392
2010-01-09,16,1300
2010-01-10,16,0.0
2010-01-11,16,1311
2010-01-12,16,1293
2010-01-13,16,1236
2010-01-14,16,1236
2010-01-15,16,1229
2010-01-16,16,1225
2010-01-17,16,0.0
2010-01-18,16,1225
2010-01-19,16,1218
2010-01-20,16,1093
2010-01-21,16,1302
2010-01-22,16,1371
2010-01-23,16,1390
2010-01-24,16,0.0
2010-01-25,16,1371
2010-01-26,16,0.0
2010-01-27,16,1335
2010-01-28,16,1348
2010-01-29,16,1308
2010-01-30,16,1320
2010-01-31,16,0.0
2010-02-01,16,1320
2010-02-02,16,1203
2010-02-03,16,1183
2010-02-04,16,1188
2010-02-05,16,1190
2010-02-06,16,1190
2010-02-07,16,0.0
2010-02-08,16,1190
2010-02-09,16,1190
2010-02-10,16,1190
2010-02-11,16,1190
2010-02-12,16,1168
2010-02-13,16,1135
2010-02-14,16,0.0
2010-02-15,16,1060
2010-02-16,16,1073
2010-02-17,16,1065
2010-02-18,16,1125
2010-02-19,16,1060
2010-02-20,16,1058
2010-02-21,16,0.0
2010-02-22,16,1058
2010-02-23,16,1015
2010-02-24,16,1015
2010-02-25,16,870
2010-02-26,16,0.0
2010-02-27,16,718
2010-02-28,16,0.0
2010-03-01,16,0.0
2010-03-02,16,783
2010-03-03,16,825
2010-03-04,16,898
2010-03-05,16,925
2010-03-06,16,0.0
2010-03-07,16,0.0
2010-03-08,16,1050
2010-03-09,16,985
2010-03-10,16,943
2010-03-11,16,895
2010-03-12,16,984
2010-03-13,16,869
2010-03-14,16,0.0
2010-03-15,16,809
2010-03-16,16,788
2010-03-17,16,750
2010-03-18,16,744
2010-03-19,16,658
2010-03-20,16,675
2010-03-21,16,0.0
2010-03-22,16,700
2010-03-23,16,733
2010-03-24,16,733
2010-03-25,16,706
2010-03-26,16,720
2010-03-27,16,720
2010-03-28,16,0.0
2010-03-29,16,738
2010-03-30,16,798
2010-03-31,16,810
2010-04-01,16,778
2010-04-02,16,769
2010-04-03,16,780
2010-04-04,16,0.0
2010-04-05,16,778
2010-04-06,16,855
2010-04-07,16,855
2010-04-08,16,855
2010-04-09,16,830
2010-04-10,16,780
2010-04-11,16,0.0
2010-04-12,16,720
2010-04-13,16,718
2010-04-14,16,710
2010-04-15,16,710
2010-04-16,16,700
2010-04-17,16,675
2010-04-18,16,0.0
2010-04-19,16,675
2010-04-20,16,675
2010-04-21,16,656
2010-04-22,16,606
2010-04-23,16,594
2010-04-24,16,606
2010-04-25,16,0.0
2010-04-26,16,606
2010-04-27,16,606
2010-04-28,16,595
2010-04-29,16,608
2010-04-30,16,583
2010-05-01,16,583
2010-05-02,16,0.0
2010-05-03,16,559
2010-05-04,16,569
2010-05-05,16,558
2010-05-06,16,548
2010-05-07,16,544
2010-05-08,16,544
2010-05-09,16,0.0
2010-05-10,16,491
2010-05-11,16,491
2010-05-12,16,488
2010-05-13,16,484
2010-05-14,16,530
2010-05-15,16,500
2010-05-16,16,0.0
2010-05-17,16,500
2010-05-18,16,490
2010-05-19,16,480
2010-05-20,16,480
2010-05-21,16,480
2010-05-22,16,480
2010-05-23,16,0.0
2010-05-24,16,480
2010-05-25,16,480
2010-05-26,16,485
2010-05-27,16,483
2010-05-28,16,483
2010-05-29,16,456
2010-05-30,16,0.0
2010-05-31,16,463
2010-06-01,16,463
2010-06-02,16,431
2010-06-03,16,431
2010-06-04,16,431
2010-06-05,16,422
2010-06-06,16,0.0
2010-06-07,16,428
2010-06-08,16,428
2010-06-09,16,500
2010-06-10,16,519
2010-06-11,16,519
2010-06-12,16,519
2010-06-13,16,0.0
2010-06-14,16,516
2010-06-15,16,516
2010-06-16,16,475
2010-06-17,16,475
2010-06-18,16,425
2010-06-19,16,425
2010-06-20,16,0.0
2010-06-21,16,425
2010-06-22,16,425
2010-06-23,16,425
2010-06-24,16,425
2010-06-25,16,563
2010-06-26,16,568
2010-06-27,16,0.0
2010-06-28,16,670
2010-06-29,16,670
2010-06-30,16,671
2010-07-01,16,668
2010-07-02,16,668
2010-07-03,16,663
2010-07-04,16,0.0
2010-07-05,16,658
2010-07-06,16,658
2010-07-07,16,658
2010-07-08,16,658
2010-07-09,16,605
2010-07-10,16,658
2010-07-11,16,0.0
2010-07-12,16,658
2010-07-13,16,700
2010-07-14,16,700
2010-07-15,16,689
2010-07-16,16,658
2010-07-17,16,667
2010-07-18,16,0.0
2010-07-19,16,667
2010-07-20,16,677
2010-07-21,16,630
2010-07-22,16,677
2010-07-23,16,677
2010-07-24,16,663
2010-07-25,16,0.0
2010-07-26,16,658
2010-07-27,16,689
2010-07-28,16,658
2010-07-29,16,700
2010-07-30,16,735
2010-07-31,16,735
2010-08-01,16,0.0
2010-08-02,16,731
2010-08-03,16,729
2010-08-04,16,729
2010-08-05,16,0.0
2010-08-06,16,735
2010-08-07,16,735
2010-08-08,16,0.0
2010-08-09,16,744
2010-08-10,16,742
2010-08-11,16,742
2010-08-12,16,765
2010-08-13,16,765
2010-08-14,16,775
2010-08-15,16,0.0
2010-08-16,16,802
2010-08-17,16,915
2010-08-18,16,905
2010-08-19,16,905
2010-08-20,16,905
2010-08-21,16,916
2010-08-22,16,0.0
2010-08-23,16,911
2010-08-24,16,904
2010-08-25,16,896
2010-08-26,16,896
2010-08-27,16,927
2010-08-28,16,939
2010-08-29,16,0.0
2010-08-30,16,1007
2010-08-31,16,1031
2010-09-01,16,1031
2010-09-02,16,1031
2010-09-03,16,1047
2010-09-04,16,1042
2010-09-05,16,0.0
2010-09-06,16,994
2010-09-07,16,1000
2010-09-08,16,1022
2010-09-09,16,989
2010-09-10,16,959
2010-09-11,16,991
2010-09-12,16,0.0
2010-09-13,16,1025
2010-09-14,16,1103
2010-09-15,16,1103
2010-09-16,16,1206
2010-09-17,16,1314
2010-09-18,16,1447
2010-09-19,16,0.0
2010-09-20,16,1463
2010-09-21,16,1463
2010-09-22,16,1463
2010-09-23,16,1463
2010-09-24,16,1463
2010-09-25,16,1479
2010-09-26,16,0.0
2010-09-27,16,1559
2010-09-28,16,1559
2010-09-29,16,1565
2010-09-30,16,1548
2010-10-01,16,1000
2010-10-02,16,0.0
2010-10-03,16,0.0
2010-10-04,16,1000
2010-10-05,16,1539
2010-10-06,16,1539
2010-10-07,16,1000
2010-10-08,16,0.0
2010-10-09,16,1503
2010-10-10,16,0.0
2010-10-11,16,1000
2010-10-12,16,1503
2010-10-13,16,1485
2010-10-14,16,1485
2010-10-15,16,1000
2010-10-16,16,1481
2010-10-17,16,0.0
2010-10-18,16,1545
2010-10-19,16,1593
2010-10-20,16,1593
2010-10-21,16,1550
2010-10-22,16,1524
2010-10-23,16,1534
2010-10-24,16,0.0
2010-10-25,16,1496
2010-10-26,16,1488
2010-10-27,16,1473
2010-10-28,16,1473
2010-10-29,16,1473
2010-10-30,16,1449
2010-10-31,16,0.0
2010-11-01,16,1449
2010-11-02,16,1449
2010-11-03,16,1469
2010-11-04,16,1496
2010-11-05,16,1496
2010-11-06,16,0.0
2010-11-07,16,0.0
2010-11-08,16,1636
2010-11-09,16,1816
2010-11-10,16,1911
2010-11-11,16,1903
2010-11-12,16,1898
2010-11-13,16,1918
2010-11-14,16,0.0
2010-11-15,16,1863
2010-11-16,16,1863
2010-11-17,16,2033
2010-11-18,16,2026
2010-11-19,16,2084
2010-11-20,16,2065
2010-11-21,16,0.0
2010-11-22,16,2006
2010-11-23,16,1975
2010-11-24,16,1958
2010-11-25,16,1988
2010-11-26,16,1985
2010-11-27,16,1949
2010-11-28,16,0.0
2010-11-29,16,1971
2010-11-30,16,2011
2010-12-01,16,2025
2010-12-02,16,1966
2010-12-03,16,1771
2010-12-04,16,1679
2010-12-05,16,0.0
2010-12-06,16,1700
2010-12-07,16,1768
2010-12-08,16,1725
2010-12-09,16,1775
2010-12-10,16,1810
2010-12-11,16,1825
2010-12-12,16,0.0
2010-12-13,16,1790
2010-12-14,16,1835
2010-12-15,16,1955
2010-12-16,16,1955
2010-12-17,16,2525
2010-12-18,16,3175
2010-12-19,16,0.0
2010-12-20,16,3450
2010-12-21,16,3406
2010-12-22,16,2785
2010-12-23,16,2705
2010-12-24,16,2550
2010-12-25,16,2683
2010-12-26,16,0.0
2010-12-27,16,2729
2010-12-28,16,2938
2010-12-29,16,3667
2010-12-30,16,3222
2010-12-31,16,3171
2011-01-01,16,3321
2011-01-02,16,0.0
2011-01-03,16,3292
2011-01-04,16,3705
2011-01-05,16,3543
2011-01-06,16,3547
2011-01-07,16,3680
2011-01-08,16,3545
2011-01-09,16,0.0
2011-01-10,16,3175
2011-01-11,16,3304
2011-01-12,16,0.0
2011-01-13,16,3975
2011-01-14,16,3227
2011-01-15,16,2521
2011-01-16,16,0.0
2011-01-17,16,2464
2011-01-18,16,2464
2011-01-19,16,2407
2011-01-20,16,2363
2011-01-21,16,2148
2011-01-22,16,2100
2011-01-23,16,0.0
2011-01-24,16,1865
2011-01-25,16,1877
2011-01-26,16,0.0
2011-01-27,16,1396
2011-01-28,16,1314
2011-01-29,16,1379
2011-01-30,16,0.0
2011-01-31,16,1163
2011-02-01,16,1248
2011-02-02,16,1275
2011-02-03,16,1219
2011-02-04,16,1213
2011-02-05,16,1095
2011-02-06,16,0.0
2011-02-07,16,1069
2011-02-08,16,1102
2011-02-09,16,955
2011-02-10,16,988
2011-02-11,16,863
2011-02-12,16,831
2011-02-13,16,0.0
2011-02-14,16,1015
2011-02-15,16,1015
2011-02-16,16,984
2011-02-17,16,1035
2011-02-18,16,1035
2011-02-19,16,1058
2011-02-20,16,0.0
2011-02-21,16,1000
2011-02-22,16,1033
2011-02-23,16,1008
2011-02-24,16,1008
2011-02-25,16,1017
2011-02-26,16,975
2011-02-27,16,0.0
2011-02-28,16,850
2011-03-01,16,754
2011-03-02,16,754
2011-03-03,16,754
2011-03-04,16,744
2011-03-05,16,738
2011-03-06,16,0.0
2011-03-07,16,715
2011-03-08,16,760
2011-03-09,16,756
2011-03-10,16,742
2011-03-11,16,692
2011-03-12,16,677
2011-03-13,16,0.0
2011-03-14,16,655
2011-03-15,16,630
2011-03-16,16,619
2011-03-17,16,617
2011-03-18,16,617
2011-03-19,16,617
2011-03-20,16,0.0
2011-03-21,16,617
2011-03-22,16,583
2011-03-23,16,600
2011-03-24,16,645
2011-03-25,16,653
2011-03-26,16,663
2011-03-27,16,0.0
2011-03-28,16,2163
2011-03-29,16,673
2011-03-30,16,670
2011-03-31,16,668
2011-04-01,16,663
2011-04-02,16,643
2011-04-03,16,0.0
2011-04-04,16,643
2011-04-05,16,643
2011-04-06,16,643
2011-04-07,16,590
2011-04-08,16,590
2011-04-09,16,583
2011-04-10,16,0.0
2011-04-11,16,583
2011-04-12,16,588
2011-04-13,16,619
2011-04-14,16,619
2011-04-15,16,619
2011-04-16,16,647
2011-04-17,16,0.0
2011-04-18,16,625
2011-04-19,16,600
2011-04-20,16,600
2011-04-21,16,616
2011-04-22,16,592
2011-04-23,16,616
2011-04-24,16,0.0
2011-04-25,16,619
2011-04-26,16,613
2011-04-27,16,600
2011-04-28,16,519
2011-04-29,16,519
2011-04-30,16,516
2011-05-01,16,0.0
2011-05-02,16,516
2011-05-03,16,516
2011-05-04,16,516
2011-05-05,16,516
2011-05-06,16,522
2011-05-07,16,534
2011-05-08,16,0.0
2011-05-09,16,522
2011-05-10,16,519
2011-05-11,16,600
2011-05-12,16,600
2011-05-13,16,592
2011-05-14,16,592
2011-05-15,16,0.0
2011-05-16,16,579
2011-05-17,16,579
2011-05-18,16,559
2011-05-19,16,563
2011-05-20,16,563
2011-05-21,16,572
2011-05-22,16,0.0
2011-05-23,16,558
2011-05-24,16,581
2011-05-25,16,588
2011-05-26,16,469
2011-05-27,16,463
2011-05-28,16,463
2011-05-29,16,0.0
2011-05-30,16,453
2011-05-31,16,447
2011-06-01,16,675
2011-06-02,16,441
2011-06-03,16,441
2011-06-04,16,447
2011-06-05,16,0.0
2011-06-06,16,447
2011-06-07,16,441
2011-06-08,16,475
2011-06-09,16,531
2011-06-10,16,531
2011-06-11,16,531
2011-06-12,16,0.0
2011-06-13,16,544
2011-06-14,16,584
2011-06-15,16,578
2011-06-16,16,591
2011-06-17,16,638
2011-06-18,16,663
2011-06-19,16,0.0
2011-06-20,16,644
2011-06-21,16,631
2011-06-22,16,625
2011-06-23,16,638
2011-06-24,16,653
2011-06-25,16,650
2011-06-26,16,0.0
2011-06-27,16,681
2011-06-28,16,694
2011-06-29,16,725
2011-06-30,16,731
2011-07-01,16,741
2011-07-02,16,759
2011-07-03,16,0.0
2011-07-04,16,753
2011-07-05,16,783
2011-07-06,16,788
2011-07-07,16,772
2011-07-08,16,693
2011-07-09,16,693
2011-07-10,16,0.0
2011-07-11,16,705
2011-07-12,16,771
2011-07-13,16,804
2011-07-14,16,771
2011-07-15,16,796
2011-07-16,16,839
2011-07-17,16,0.0
2011-07-18,16,839
2011-07-19,16,827
2011-07-20,16,866
2011-07-21,16,821
2011-07-22,16,857
2011-07-23,16,841
2011-07-24,16,0.0
2011-07-25,16,827
2011-07-26,16,855
2011-07-27,16,911
2011-07-28,16,939
2011-07-29,16,939
2011-07-30,16,950
2011-07-31,16,0.0
2011-08-01,16,925
2011-08-02,16,916
2011-08-03,16,916
2011-08-04,16,961
2011-08-05,16,930
2011-08-06,16,963
2011-08-07,16,0.0
2011-08-08,16,963
2011-08-09,16,923
2011-08-10,16,936
2011-08-11,16,936
2011-08-12,16,1063
2011-08-13,16,1071
2011-08-14,16,0.0
2011-08-15,16,0.0
2011-08-16,16,1011
2011-08-17,16,1011
2011-08-18,16,1171
2011-08-19,16,1171
2011-08-20,16,1195
2011-08-21,16,0.0
2011-08-22,16,1234
2011-08-23,16,1205
2011-08-24,16,1290
2011-08-25,16,1198
2011-08-26,16,1270
2011-08-27,16,1273
2011-08-28,16,0.0
2011-08-29,16,1231
2011-08-30,16,1231
2011-08-31,16,1231
2011-09-01,16,1246
2011-09-02,16,1248
2011-09-03,16,1249
2011-09-04,16,0.0
2011-09-05,16,1258
2011-09-06,16,1258
2011-09-07,16,1258
2011-09-08,16,1233
2011-09-09,16,1201
2011-09-10,16,1144
2011-09-11,16,0.0
2011-09-12,16,1073
2011-09-13,16,1078
2011-09-14,16,1085
2011-09-15,16,1090
2011-09-16,16,1114
2011-09-17,16,1150
2011-09-18,16,0.0
2011-09-19,16,1203
2011-09-20,16,1243
2011-09-21,16,1243
2011-09-22,16,1241
2011-09-23,16,1230
2011-09-24,16,1229
2011-09-25,16,0.0
2011-09-26,16,1229
2011-09-27,16,1258
2011-09-28,16,1239
2011-09-29,16,1224
2011-09-30,16,1171
2011-10-01,16,1125
2011-10-02,16,0.0
2011-10-03,16,1100
2011-10-04,16,1105
2011-10-05,16,1111
2011-10-06,16,1111
2011-10-07,16,1144
2011-10-08,16,1144
2011-10-09,16,0.0
2011-10-10,16,1128
2011-10-11,16,1131
2011-10-12,16,1093
2011-10-13,16,1048
2011-10-14,16,1063
2011-10-15,16,1063
2011-10-16,16,0.0
2011-10-17,16,1076
2011-10-18,16,1086
2011-10-19,16,1069
2011-10-20,16,1082
2011-10-21,16,1040
2011-10-22,16,1025
2011-10-23,16,0.0
2011-10-24,16,1043
2011-10-25,16,1097
2011-10-26,16,1100
2011-10-27,16,0.0
2011-10-28,16,1125
2011-10-29,16,1141
2011-10-30,16,0.0
2011-10-31,16,1111
2011-11-01,16,1156
2011-11-02,16,1128
2011-11-03,16,1117
2011-11-04,16,1115
2011-11-05,16,1054
2011-11-06,16,0.0
2011-11-07,16,1054
2011-11-08,16,1049
2011-11-09,16,1033
2011-11-10,16,1003
2011-11-11,16,1014
2011-11-12,16,1014
2011-11-13,16,0.0
2011-11-14,16,952
2011-11-15,16,953
2011-11-16,16,877
2011-11-17,16,761
2011-11-18,16,698
2011-11-19,16,727
2011-11-20,16,0.0
2011-11-21,16,690
2011-11-22,16,683
2011-11-23,16,716
2011-11-24,16,741
2011-11-25,16,741
2011-11-26,16,741
2011-11-27,16,0.0
2011-11-28,16,838
2011-11-29,16,861
2011-11-30,16,820
2011-12-01,16,810
2011-12-02,16,813
2011-12-03,16,785
2011-12-04,16,0.0
2011-12-05,16,731
2011-12-06,16,700
2011-12-07,16,706
2011-12-08,16,597
2011-12-09,16,603
2011-12-10,16,616
2011-12-11,16,0.0
2011-12-12,16,616
2011-12-13,16,569
2011-12-14,16,569
2011-12-15,16,569
2011-12-16,16,569
2011-12-17,16,588
2011-12-18,16,0.0
2011-12-19,16,569
2011-12-20,16,591
2011-12-21,16,594
2011-12-22,16,603
2011-12-23,16,609
2011-12-24,16,606
2011-12-25,16,0.0
2011-12-26,16,575
2011-12-27,16,569
2011-12-28,16,513
2011-12-29,16,513
2011-12-30,16,513
2011-12-31,16,481
2012-01-01,16,0.0
2012-01-02,16,535
2012-01-03,16,0.0
2012-01-04,16,525
2012-01-05,16,525
2012-01-06,16,525
2012-01-07,16,525
2012-01-08,16,0.0
2012-01-09,16,525
2012-01-10,16,485
2012-01-11,16,470
2012-01-12,16,455
2012-01-13,16,455
2012-01-14,16,448
2012-01-15,16,0.0
2012-01-16,16,475
2012-01-17,16,500
2012-01-18,16,500
2012-01-19,16,485
2012-01-20,16,485
2012-01-21,16,485
2012-01-22,16,0.0
2012-01-23,16,490
2012-01-24,16,490
2012-01-25,16,490
2012-01-26,16,0.0
2012-01-27,16,481
2012-01-28,16,481
2012-01-29,16,0.0
2012-01-30,16,483
2012-01-31,16,475
2012-02-01,16,463
2012-02-02,16,463
2012-02-03,16,459
2012-02-04,16,484
2012-02-05,16,0.0
2012-02-06,16,494
2012-02-07,16,472
2012-02-08,16,466
2012-02-09,16,463
2012-02-10,16,456
2012-02-11,16,456
2012-02-12,16,0.0
2012-02-13,16,521
2012-02-14,16,521
2012-02-15,16,529
2012-02-16,16,567
2012-02-17,16,567
2012-02-18,16,571
2012-02-19,16,0.0
2012-02-20,16,571
2012-02-21,16,597
2012-02-22,16,597
2012-02-23,16,603
2012-02-24,16,600
2012-02-25,16,600
2012-02-26,16,0.0
2012-02-27,16,600
2012-02-28,16,619
2012-02-29,16,619
2012-03-01,16,641
2012-03-02,16,616
2012-03-03,16,616
2012-03-04,16,0.0
2012-03-05,16,641
2012-03-06,16,613
2012-03-07,16,650
2012-03-08,16,0.0
2012-03-09,16,610
2012-03-10,16,610
2012-03-11,16,0.0
2012-03-12,16,605
2012-03-13,16,590
2012-03-14,16,595
2012-03-15,16,595
2012-03-16,16,595
2012-03-17,16,595
2012-03-18,16,0.0
2012-03-19,16,595
2012-03-20,16,590
2012-03-21,16,590
2012-03-22,16,605
2012-03-23,16,595
2012-03-24,16,595
2012-03-25,16,0.0
2012-03-26,16,595
2012-03-27,16,593
2012-03-28,16,593
2012-03-29,16,593
2012-03-30,16,600
2012-03-31,16,613
2012-04-01,16,0.0
2012-04-02,16,650
2012-04-03,16,665
2012-04-04,16,665
2012-04-05,16,663
2012-04-06,16,645
2012-04-07,16,678
2012-04-08,16,0.0
2012-04-09,16,684
2012-04-10,16,638
2012-04-11,16,638
2012-04-12,16,644
2012-04-13,16,641
2012-04-14,16,631
2012-04-15,16,0.0
2012-04-16,16,609
2012-04-17,16,609
2012-04-18,16,606
2012-04-19,16,600
2012-04-20,16,600
2012-04-21,16,600
2012-04-22,16,0.0
2012-04-23,16,594
2012-04-24,16,588
2012-04-25,16,567
2012-04-26,16,581
2012-04-27,16,584
2012-04-28,16,569
2012-04-29,16,0.0
2012-04-30,16,569
2012-05-01,16,569
2012-05-02,16,569
2012-05-03,16,575
2012-05-04,16,575
2012-05-05,16,583
2012-05-06,16,0.0
2012-05-07,16,600
2012-05-08,16,600
2012-05-09,16,583
2012-05-10,16,583
2012-05-11,16,575
2012-05-12,16,583
2012-05-13,16,0.0
2012-05-14,16,592
2012-05-15,16,600
2012-05-16,16,592
2012-05-17,16,550
2012-05-18,16,525
2012-05-19,16,531
2012-05-20,16,0.0
2012-05-21,16,513
2012-05-22,16,494
2012-05-23,16,494
2012-05-24,16,494
2012-05-25,16,488
2012-05-26,16,481
2012-05-27,16,0.0
2012-05-28,16,496
2012-05-29,16,481
2012-05-30,16,481
2012-05-31,16,481
2012-06-01,16,488
2012-06-02,16,506
2012-06-03,16,0.0
2012-06-04,16,600
2012-06-05,16,600
2012-06-06,16,617
2012-06-07,16,581
2012-06-08,16,581
2012-06-09,16,581
2012-06-10,16,0.0
2012-06-11,16,569
2012-06-12,16,588
2012-06-13,16,547
2012-06-14,16,547
2012-06-15,16,550
2012-06-16,16,550
2012-06-17,16,0.0
2012-06-18,16,550
2012-06-19,16,550
2012-06-20,16,550
2012-06-21,16,550
2012-06-22,16,613
2012-06-23,16,603
2012-06-24,16,0.0
2012-06-25,16,625
2012-06-26,16,625
2012-06-27,16,619
2012-06-28,16,619
2012-06-29,16,663
2012-06-30,16,680
2012-07-01,16,0.0
2012-07-02,16,680
2012-07-03,16,680
2012-07-04,16,689
2012-07-05,16,689
2012-07-06,16,683
2012-07-07,16,673
2012-07-08,16,0.0
2012-07-09,16,677
2012-07-10,16,686
2012-07-11,16,686
2012-07-12,16,720
2012-07-13,16,716
2012-07-14,16,730
2012-07-15,16,0.0
2012-07-16,16,700
2012-07-17,16,663
2012-07-18,16,659
2012-07-19,16,646
2012-07-20,16,655
2012-07-21,16,644
2012-07-22,16,0.0
2012-07-23,16,628
2012-07-24,16,675
2012-07-25,16,683
2012-07-26,16,679
2012-07-27,16,650
2012-07-28,16,689
2012-07-29,16,0.0
2012-07-30,16,679
2012-07-31,16,704
2012-08-01,16,704
2012-08-02,16,0.0
2012-08-03,16,721
2012-08-04,16,550
2012-08-05,16,0.0
2012-08-06,16,713
2012-08-07,16,715
2012-08-08,16,715
2012-08-09,16,667
2012-08-10,16,667
2012-08-11,16,669
2012-08-12,16,0.0
2012-08-13,16,673
2012-08-14,16,700
2012-08-15,16,0.0
2012-08-16,16,700
2012-08-17,16,708
2012-08-18,16,710
2012-08-19,16,0.0
2012-08-20,16,710
2012-08-21,16,704
2012-08-22,16,713
2012-08-23,16,713
2012-08-24,16,690
2012-08-25,16,698
2012-08-26,16,0.0
2012-08-27,16,698
2012-08-28,16,717
2012-08-29,16,717
2012-08-30,16,717
2012-08-31,16,717
2012-09-01,16,715
2012-09-02,16,0.0
2012-09-03,16,715
2012-09-04,16,738
2012-09-05,16,738
2012-09-06,16,692
2012-09-07,16,683
2012-09-08,16,683
2012-09-09,16,0.0
2012-09-10,16,660
2012-09-11,16,709
2012-09-12,16,663
2012-09-13,16,682
2012-09-14,16,680
2012-09-15,16,680
2012-09-16,16,0.0
2012-09-17,16,680
2012-09-18,16,652
2012-09-19,16,680
2012-09-20,16,680
2012-09-21,16,680
2012-09-22,16,680
2012-09-23,16,0.0
2012-09-24,16,652
2012-09-25,16,688
2012-09-26,16,688
2012-09-27,16,718
2012-09-28,16,713
2012-09-29,16,709
2012-09-30,16,0.0
2012-10-01,16,709
2012-10-02,16,0.0
2012-10-03,16,716
2012-10-04,16,714
2012-10-05,16,725
2012-10-06,16,773
2012-10-07,16,0.0
2012-10-08,16,834
2012-10-09,16,993
2012-10-10,16,970
2012-10-11,16,1002
2012-10-12,16,1001
2012-10-13,16,1001
2012-10-14,16,0.0
2012-10-15,16,986
2012-10-16,16,986
2012-10-17,16,986
2012-10-18,16,1038
2012-10-19,16,1041
2012-10-20,16,1097
2012-10-21,16,0.0
2012-10-22,16,1109
2012-10-23,16,1106
2012-10-24,16,0.0
2012-10-25,16,1203
2012-10-26,16,1263
2012-10-27,16,1316
2012-10-28,16,0.0
2012-10-29,16,1221
2012-10-30,16,1283
2012-10-31,16,1257
2012-11-01,16,1280
2012-11-02,16,1276
2012-11-03,16,1215
2012-11-04,16,0.0
2012-11-05,16,1218
2012-11-06,16,1016
2012-11-07,16,1002
2012-11-08,16,944
2012-11-09,16,927
2012-11-10,16,864
2012-11-11,16,0.0
2012-11-12,16,925
2012-11-13,16,913
2012-11-14,16,0.0
2012-11-15,16,998
2012-11-16,16,1054
2012-11-17,16,1054
2012-11-18,16,0.0
2012-11-19,16,1050
2012-11-20,16,1033
2012-11-21,16,1033
2012-11-22,16,1033
2012-11-23,16,1046
2012-11-24,16,1046
2012-11-25,16,0.0
2012-11-26,16,1092
2012-11-27,16,1080
2012-11-28,16,1064
2012-11-29,16,1150
2012-11-30,16,1150
2012-12-01,16,1079
2012-12-02,16,0.0
2012-12-03,16,1175
2012-12-04,16,1175
2012-12-05,16,1175
2012-12-06,16,1175
2012-12-07,16,1214
2012-12-08,16,1207
2012-12-09,16,0.0
2012-12-10,16,1220
2012-12-11,16,1220
2012-12-12,16,1195
2012-12-13,16,1194
2012-12-14,16,1201
2012-12-15,16,1194
2012-12-16,16,0.0
2012-12-17,16,1196
2012-12-18,16,1145
2012-12-19,16,1113
2012-12-20,16,1125
2012-12-21,16,1108
2012-12-22,16,1113
2012-12-23,16,0.0
2012-12-24,16,1113
2012-12-25,16,1075
2012-12-26,16,1025
2012-12-27,16,1035
2012-12-28,16,1045
2012-12-29,16,1055
2012-12-30,16,0.0
2012-12-31,16,1195
2013-01-01,16,1173
2013-01-02,16,1235
2013-01-03,16,1250
2013-01-04,16,1190
2013-01-05,16,1190
2013-01-06,16,0.0
2013-01-07,16,1113
2013-01-08,16,1121
2013-01-09,16,1144
2013-01-10,16,1105
2013-01-11,16,1105
2013-01-12,16,1171
2013-01-13,16,0.0
2013-01-14,16,1171
2013-01-15,16,1188
2013-01-16,16,1223
2013-01-17,16,1263
2013-01-18,16,1215
2013-01-19,16,1417
2013-01-20,16,0.0
2013-01-21,16,1400
2013-01-22,16,1610
2013-01-23,16,1583
2013-01-24,16,1760
2013-01-25,16,1750
2013-01-26,16,0.0
2013-01-27,16,0.0
2013-01-28,16,1600
2013-01-29,16,1600
2013-01-30,16,1617
2013-01-31,16,1835
2013-02-01,16,1805
2013-02-02,16,1693
2013-02-03,16,0.0
2013-02-04,16,1629
2013-02-05,16,1600
2013-02-06,16,1658
2013-02-07,16,1758
2013-02-08,16,1743
2013-02-09,16,1743
2013-02-10,16,0.0
2013-02-11,16,1631
2013-02-12,16,1573
2013-02-13,16,1421
2013-02-14,16,1279
2013-02-15,16,1252
2013-02-16,16,1229
2013-02-17,16,0.0
2013-02-18,16,1233
2013-02-19,16,1328
2013-02-20,16,1360
2013-02-21,16,1335
2013-02-22,16,1305
2013-02-23,16,1263
2013-02-24,16,0.0
2013-02-25,16,1279
2013-02-26,16,1360
2013-02-27,16,1369
2013-02-28,16,1285
2013-03-01,16,1256
2013-03-02,16,1204
2013-03-03,16,0.0
2013-03-04,16,1163
2013-03-05,16,1121
2013-03-06,16,1088
2013-03-07,16,1121
2013-03-08,16,1090
2013-03-09,16,1090
2013-03-10,16,0.0
2013-03-11,16,1081
2013-03-12,16,1065
2013-03-13,16,1071
2013-03-14,16,1173
2013-03-15,16,1171
2013-03-16,16,1181
2013-03-17,16,0.0
2013-03-18,16,1188
2013-03-19,16,1175
2013-03-20,16,1180
2013-03-21,16,1180
2013-03-22,16,1180
2013-03-23,16,1185
2013-03-24,16,0.0
2013-03-25,16,1160
2013-03-26,16,1165
2013-03-27,16,0.0
2013-03-28,16,1168
2013-03-29,16,1180
2013-03-30,16,1180
2013-03-31,16,0.0
2013-04-01,16,1200
2013-04-02,16,1200
2013-04-03,16,1215
2013-04-04,16,1180
2013-04-05,16,1175
2013-04-06,16,1175
2013-04-07,16,0.0
2013-04-08,16,1095
2013-04-09,16,1095
2013-04-10,16,1020
2013-04-11,16,1015
2013-04-12,16,925
2013-04-13,16,850
2013-04-14,16,0.0
2013-04-15,16,850
2013-04-16,16,865
2013-04-17,16,945
2013-04-18,16,953
2013-04-19,16,953
2013-04-20,16,963
2013-04-21,16,0.0
2013-04-22,16,963
2013-04-23,16,933
2013-04-24,16,908
2013-04-25,16,909
2013-04-26,16,935
2013-04-27,16,935
2013-04-28,16,0.0
2013-04-29,16,935
2013-04-30,16,915
2013-05-01,16,894
2013-05-02,16,897
2013-05-03,16,903
2013-05-04,16,903
2013-05-05,16,0.0
2013-05-06,16,888
2013-05-07,16,875
2013-05-08,16,850
2013-05-09,16,850
2013-05-10,16,845
2013-05-11,16,845
2013-05-12,16,0.0
2013-05-13,16,845
2013-05-14,16,856
2013-05-15,16,856
2013-05-16,16,856
2013-05-17,16,875
2013-05-18,16,918
2013-05-19,16,0.0
2013-05-20,16,813
2013-05-21,16,863
2013-05-22,16,833
2013-05-23,16,833
2013-05-24,16,825
2013-05-25,16,825
2013-05-26,16,0.0
2013-05-27,16,853
2013-05-28,16,859
2013-05-29,16,859
2013-05-30,16,853
2013-05-31,16,853
2013-06-01,16,859
2013-06-02,16,0.0
2013-06-03,16,859
2013-06-04,16,859
2013-06-05,16,859
2013-06-06,16,875
2013-06-07,16,875
2013-06-08,16,944
2013-06-09,16,0.0
2013-06-10,16,1000
2013-06-11,16,1019
2013-06-12,16,1055
2013-06-13,16,1055
2013-06-14,16,1055
2013-06-15,16,1080
2013-06-16,16,0.0
2013-06-17,16,1175
2013-06-18,16,1300
2013-06-19,16,1300
2013-06-20,16,1429
2013-06-21,16,1433
2013-06-22,16,1493
2013-06-23,16,0.0
2013-06-24,16,1489
2013-06-25,16,1416
2013-06-26,16,1416
2013-06-27,16,1502
2013-06-28,16,1473
2013-06-29,16,1473
2013-06-30,16,0.0
2013-07-01,16,1548
2013-07-02,16,1555
2013-07-03,16,1582
2013-07-04,16,1554
2013-07-05,16,1593
2013-07-06,16,1650
2013-07-07,16,0.0
2013-07-08,16,1704
2013-07-09,16,1871
2013-07-10,16,2021
2013-07-11,16,1968
2013-07-12,16,1983
2013-07-13,16,1983
2013-07-14,16,0.0
2013-07-15,16,1992
2013-07-16,16,2000
2013-07-17,16,2116
2013-07-18,16,2225
2013-07-19,16,2188
2013-07-20,16,2064
2013-07-21,16,0.0
2013-07-22,16,2041
2013-07-23,16,2080
2013-07-24,16,2189
2013-07-25,16,2350
2013-07-26,16,2313
2013-07-27,16,2279
2013-07-28,16,0.0
2013-07-29,16,2279
2013-07-30,16,2306
2013-07-31,16,0.0
2013-08-01,16,2300
2013-08-02,16,2264
2013-08-03,16,2493
2013-08-04,16,0.0
2013-08-05,16,2746
2013-08-06,16,2746
2013-08-07,16,2900
2013-08-08,16,2943
2013-08-09,16,3175
2013-08-10,16,0.0
2013-08-11,16,0.0
2013-08-12,16,4781
2013-08-13,16,0.0
2013-08-14,16,4263
2013-08-15,16,0.0
2013-08-16,16,4302
2013-08-17,16,4113
2013-08-18,16,0.0
2013-08-19,16,3400
2013-08-20,16,3281
2013-08-21,16,0.0
2013-08-22,16,3675
2013-08-23,16,4083
2013-08-24,16,4251
2013-08-25,16,0.0
2013-08-26,16,4074
2013-08-27,16,3965
2013-08-28,16,0.0
2013-08-29,16,3573
2013-08-30,16,3328
2013-08-31,16,3375
2013-09-01,16,0.0
2013-09-02,16,3700
2013-09-03,16,4074
2013-09-04,16,3992
2013-09-05,16,0.0
2013-09-06,16,0.0
2013-09-07,16,0.0
2013-09-08,16,0.0
2013-09-09,16,0.0
2013-09-10,16,4320
2013-09-11,16,4393
2013-09-12,16,4414
2013-09-13,16,4432
2013-09-14,16,4768
2013-09-15,16,0.0
2013-09-16,16,5076
2013-09-17,16,5555
2013-09-18,16,5710
2013-09-19,16,5573
2013-09-20,16,5339
2013-09-21,16,4877
2013-09-22,16,0.0
2013-09-23,16,4205
2013-09-24,16,4408
2013-09-25,16,4275
2013-09-26,16,4236
2013-09-27,16,3952
2013-09-28,16,3992
2013-09-29,16,0.0
2013-09-30,16,3639
2013-10-01,16,3620
2013-10-02,16,0.0
2013-10-03,16,3446
2013-10-04,16,3408
2013-10-05,16,3395
2013-10-06,16,0.0
2013-10-07,16,3530
2013-10-08,16,3654
2013-10-09,16,3873
2013-10-10,16,3914
2013-10-11,16,3918
2013-10-12,16,4075
2013-10-13,16,0.0
2013-10-14,16,4143
2013-10-15,16,4166
2013-10-16,16,4305
2013-10-17,16,4461
2013-10-18,16,4811
2013-10-19,16,5142
2013-10-20,16,0.0
2013-10-21,16,5033
2013-10-22,16,5033
2013-10-23,16,5077
2013-10-24,16,0.0
2013-10-25,16,4975
2013-10-26,16,4447
2013-10-27,16,0.0
2013-10-28,16,4408
2013-10-29,16,4233
2013-10-30,16,3945
2013-10-31,16,3613
2013-11-01,16,3543
2013-11-02,16,3657
2013-11-03,16,0.0
2013-11-04,16,0.0
2013-11-05,16,4061
2013-11-06,16,4170
2013-11-07,16,4250
2013-11-08,16,4328
2013-11-09,16,4456
2013-11-10,16,0.0
2013-11-11,16,4053
2013-11-12,16,4106
2013-11-13,16,3969
2013-11-14,16,3727
2013-11-15,16,3436
2013-11-16,16,3416
2013-11-17,16,0.0
2013-11-18,16,3405
2013-11-19,16,3383
2013-11-20,16,3325
2013-11-21,16,3153
2013-11-22,16,3173
2013-11-23,16,3015
2013-11-24,16,0.0
2013-11-25,16,2897
2013-11-26,16,2647
2013-11-27,16,2615
2013-11-28,16,0.0
2013-11-29,16,2358
2013-11-30,16,2344
2013-12-01,16,0.0
2013-12-02,16,2331
2013-12-03,16,2213
2013-12-04,16,0.0
2013-12-05,16,2222
2013-12-06,16,2222
2013-12-07,16,2254
2013-12-08,16,0.0
2013-12-09,16,2243
2013-12-10,16,2007
2013-12-11,16,2007
2013-12-12,16,1993
2013-12-13,16,1808
2013-12-14,16,1808
2013-12-15,16,0.0
2013-12-16,16,1397
2013-12-17,16,1397
2013-12-18,16,1263
2013-12-19,16,1263
2013-12-20,16,1357
2013-12-21,16,1348
2013-12-22,16,0.0
2013-12-23,16,1366
2013-12-24,16,1321
2013-12-25,16,1254
2013-12-26,16,1234
2013-12-27,16,0.0
2013-12-28,16,1259
2013-12-29,16,0.0
2013-12-30,16,1264
2013-12-31,16,1264
2014-01-01,16,1271
2014-01-02,16,1271
2014-01-03,16,1289
2014-01-04,16,1300
2014-01-05,16,0.0
2014-01-06,16,1271
2014-01-07,16,1252
2014-01-08,16,1252
2014-01-09,16,1164
2014-01-10,16,1152
2014-01-11,16,1152
2014-01-12,16,0.0
2014-01-13,16,1121
2014-01-14,16,1121
2014-01-15,16,1132
2014-01-16,16,1143
2014-01-17,16,1043
2014-01-18,16,1043
2014-01-19,16,0.0
2014-01-20,16,1014
2014-01-21,16,1014
2014-01-22,16,1105
2014-01-23,16,1152
2014-01-24,16,1120
2014-01-25,16,0.0
2014-01-26,16,0.0
2014-01-27,16,1185
2014-01-28,16,1148
2014-01-29,16,1097
2014-01-30,16,1097
2014-01-31,16,1027
2014-02-01,16,1031
2014-02-02,16,0.0
2014-02-03,16,0.0
2014-02-04,16,1031
2014-02-05,16,938
2014-02-06,16,938
2014-02-07,16,905
2014-02-08,16,908
2014-02-09,16,0.0
2014-02-10,16,850
2014-02-11,16,800
2014-02-12,16,825
2014-02-13,16,825
2014-02-14,16,805
2014-02-15,16,0.0
2014-02-16,16,0.0
2014-02-17,16,780
2014-02-18,16,792
2014-02-19,16,808
2014-02-20,16,1003
2014-02-21,16,963
2014-02-22,16,978
2014-02-23,16,0.0
2014-02-24,16,1053
2014-02-25,16,1053
2014-02-26,16,1047
2014-02-27,16,1047
2014-02-28,16,1047
2014-03-01,16,1047
2014-03-02,16,0.0
2014-03-03,16,960
2014-03-04,16,965
2014-03-05,16,955
2014-03-06,16,970
2014-03-07,16,970
2014-03-08,16,950
2014-03-09,16,0.0
2014-03-10,16,977
2014-03-11,16,977
2014-03-12,16,977
2014-03-13,16,983
2014-03-14,16,919
2014-03-15,16,0.0
2014-03-16,16,0.0
2014-03-17,16,0.0
2014-03-18,16,927
2014-03-19,16,942
2014-03-20,16,913
2014-03-21,16,917
2014-03-22,16,925
2014-03-23,16,0.0
2014-03-24,16,950
2014-03-25,16,967
2014-03-26,16,992
2014-03-27,16,1027
2014-03-28,16,983
2014-03-29,16,1004
2014-03-30,16,0.0
2014-03-31,16,1035
2014-04-01,16,969
2014-04-02,16,0.0
2014-04-03,16,917
2014-04-04,16,921
2014-04-05,16,921
2014-04-06,16,0.0
2014-04-07,16,975
2014-04-08,16,1025
2014-04-09,16,1025
2014-04-10,16,0.0
2014-04-11,16,1033
2014-04-12,16,1044
2014-04-13,16,0.0
2014-04-14,16,0.0
2014-04-15,16,988
2014-04-16,16,985
2014-04-17,16,975
2014-04-18,16,975
2014-04-19,16,956
2014-04-20,16,0.0
2014-04-21,16,1000
2014-04-22,16,1081
2014-04-23,16,1085
2014-04-24,16,1156
2014-04-25,16,1156
2014-04-26,16,0.0
2014-04-27,16,0.0
2014-04-28,16,1144
2014-04-29,16,1110
2014-04-30,16,1108
2014-05-01,16,1067
2014-05-02,16,1050
2014-05-03,16,1050
2014-05-04,16,0.0
2014-05-05,16,1117
2014-05-06,16,1117
2014-05-07,16,1173
2014-05-08,16,0.0
2014-05-09,16,1173
2014-05-10,16,1204
2014-05-11,16,0.0
2014-05-12,16,1183
2014-05-13,16,1183
2014-05-14,16,1204
2014-05-15,16,1183
2014-05-16,16,1198
2014-05-17,16,1198
2014-05-18,16,0.0
2014-05-19,16,1207
2014-05-20,16,1200
2014-05-21,16,1200
2014-05-22,16,1179
2014-05-23,16,1160
2014-05-24,16,0.0
2014-05-25,16,0.0
2014-05-26,16,1085
2014-05-27,16,1085
2014-05-28,16,1085
2014-05-29,16,1094
2014-05-30,16,1094
2014-05-31,16,0.0
2014-06-01,16,0.0
2014-06-02,16,1105
2014-06-03,16,1098
2014-06-04,16,1105
2014-06-05,16,1140
2014-06-06,16,1138
2014-06-07,16,1138
2014-06-08,16,0.0
2014-06-09,16,1079
2014-06-10,16,1054
2014-06-11,16,1150
2014-06-12,16,1175
2014-06-13,16,1179
2014-06-14,16,1182
2014-06-15,16,0.0
2014-06-16,16,1233
2014-06-17,16,1245
2014-06-18,16,1252
2014-06-19,16,1252
2014-06-20,16,1248
2014-06-21,16,1342
2014-06-22,16,0.0
2014-06-23,16,1353
2014-06-24,16,1305
2014-06-25,16,1366
2014-06-26,16,1377
2014-06-27,16,1377
2014-06-28,16,1620
2014-06-29,16,0.0
2014-06-30,16,1811
2014-07-01,16,1919
2014-07-02,16,1950
2014-07-03,16,1988
2014-07-04,16,2003
2014-07-05,16,2175
2014-07-06,16,0.0
2014-07-07,16,2171
2014-07-08,16,2157
2014-07-09,16,2171
2014-07-10,16,2163
2014-07-11,16,2167
2014-07-12,16,2121
2014-07-13,16,0.0
2014-07-14,16,2151
2014-07-15,16,1939
2014-07-16,16,1939
2014-07-17,16,2017
2014-07-18,16,2017
2014-07-19,16,2049
2014-07-20,16,0.0
2014-07-21,16,1981
2014-07-22,16,0.0
2014-07-23,16,2036
2014-07-24,16,1990
2014-07-25,16,1996
2014-07-26,16,1979
2014-07-27,16,0.0
2014-07-28,16,1979
2014-07-29,16,1998
2014-07-30,16,1960
2014-07-31,16,1984
2014-08-01,16,1995
2014-08-02,16,0.0
2014-08-03,16,0.0
2014-08-04,16,1907
2014-08-05,16,1907
2014-08-06,16,1818
2014-08-07,16,1818
2014-08-08,16,1677
2014-08-09,16,1652
2014-08-10,16,0.0
2014-08-11,16,1684
2014-08-12,16,1705
2014-08-13,16,1679
2014-08-14,16,1679
2014-08-15,16,0.0
2014-08-16,16,1703
2014-08-17,16,0.0
2014-08-18,16,0.0
2014-08-19,16,1713
2014-08-20,16,0.0
2014-08-21,16,1778
2014-08-22,16,1741
2014-08-23,16,1733
2014-08-24,16,0.0
2014-08-25,16,1689
2014-08-26,16,1642
2014-08-27,16,1773
2014-08-28,16,0.0
2014-08-29,16,1681
2014-08-30,16,1708
2014-08-31,16,0.0
2014-09-01,16,1736
2014-09-02,16,1731
2014-09-03,16,1748
2014-09-04,16,1835
2014-09-05,16,1795
2014-09-06,16,1798
2014-09-07,16,0.0
2014-09-08,16,1786
2014-09-09,16,1775
2014-09-10,16,1759
2014-09-11,16,1733
2014-09-12,16,1686
2014-09-13,16,1686
2014-09-14,16,0.0
2014-09-15,16,0.0
2014-09-16,16,1713
2014-09-17,16,1706
2014-09-18,16,1730
2014-09-19,16,0.0
2014-09-20,16,1678
2014-09-21,16,0.0
2014-09-22,16,1641
2014-09-23,16,1641
2014-09-24,16,1641
2014-09-25,16,1592
2014-09-26,16,0.0
2014-09-27,16,1614
2014-09-28,16,0.0
2014-09-29,16,0.0
2014-09-30,16,0.0
2014-10-01,16,0.0
2014-10-02,16,0.0
2014-10-03,16,0.0
2014-10-04,16,1548
2014-10-05,16,0.0
2014-10-06,16,1548
2014-10-07,16,1527
2014-10-08,16,1565
2014-10-09,16,1606
2014-10-10,16,1681
2014-10-11,16,1794
2014-10-12,16,0.0
2014-10-13,16,1870
2014-10-14,16,1927
2014-10-15,16,1860
2014-10-16,16,0.0
2014-10-17,16,1662
2014-10-18,16,1662
2014-10-19,16,0.0
2014-10-20,16,0.0
2014-10-21,16,1557
2014-10-22,16,1540
2014-10-23,16,0.0
2014-10-24,16,0.0
2014-10-25,16,1507
2014-10-26,16,0.0
2014-10-27,16,1504
2014-10-28,16,1565
2014-10-29,16,1597
2014-10-30,16,1613
2014-10-31,16,0.0
2014-11-01,16,1642
2014-11-02,16,0.0
2014-11-03,16,1659
2014-11-04,16,0.0
2014-11-05,16,1684
2014-11-06,16,1684
2014-11-07,16,1684
2014-11-08,16,1717
2014-11-09,16,0.0
2014-11-10,16,1643
2014-11-11,16,0.0
2014-11-12,16,1425
2014-11-13,16,1516
2014-11-14,16,1468
2014-11-15,16,1468
2014-11-16,16,0.0
2014-11-17,16,1468
2014-11-18,16,1425
2014-11-19,16,1396
2014-11-20,16,1375
2014-11-21,16,1345
2014-11-22,16,1439
2014-11-23,16,0.0
2014-11-24,16,1514
2014-11-25,16,1375
2014-11-26,16,1344
2014-11-27,16,1509
2014-11-28,16,1509
2014-11-29,16,1509
2014-11-30,16,0.0
2014-12-01,16,1500
2014-12-02,16,1530
2014-12-03,16,1475
2014-12-04,16,1378
2014-12-05,16,1378
2014-12-06,16,1421
2014-12-07,16,0.0
2014-12-08,16,1421
2014-12-09,16,1552
2014-12-10,16,0.0
2014-12-11,16,1525
2014-12-12,16,1654
2014-12-13,16,1719
2014-12-14,16,0.0
2014-12-15,16,1714
2014-12-16,16,1714
2014-12-17,16,1728
2014-12-18,16,1755
2014-12-19,16,1755
2014-12-20,16,1722
2014-12-21,16,0.0
2014-12-22,16,1722
2014-12-23,16,1719
2014-12-24,16,1731
2014-12-25,16,1694
2014-12-26,16,1717
2014-12-27,16,1717
2014-12-28,16,0.0
2014-12-29,16,1613
2014-12-30,16,1541
2014-12-31,16,1484
2015-01-01,16,1471
2015-01-02,16,1470
2015-01-03,16,0.0
2015-01-04,16,0.0
2015-01-05,16,0.0
2015-01-06,16,1393
2015-01-07,16,1386
2015-01-08,16,1344
2015-01-09,16,1390
2015-01-10,16,1388
2015-01-11,16,0.0
2015-01-12,16,1359
2015-01-13,16,1269
2015-01-14,16,1294
2015-01-15,16,1222
2015-01-16,16,1197
2015-01-17,16,1197
2015-01-18,16,0.0
2015-01-19,16,1211
2015-01-20,16,1244
2015-01-21,16,1361
2015-01-22,16,1361
2015-01-23,16,1364
2015-01-24,16,1383
2015-01-25,16,0.0
2015-01-26,16,0.0
2015-01-27,16,1381
2015-01-28,16,1381
2015-01-29,16,1383
2015-01-30,16,1452
2015-01-31,16,1464
2015-02-01,16,0.0
2015-02-02,16,1438
2015-02-03,16,1472
2015-02-04,16,1486
2015-02-05,16,1536
2015-02-06,16,1536
2015-02-07,16,0.0
2015-02-08,16,0.0
2015-02-09,16,1521
2015-02-10,16,0.0
2015-02-11,16,0.0
2015-02-12,16,1567
2015-02-13,16,1556
2015-02-14,16,1556
2015-02-15,16,0.0
2015-02-16,16,1556
2015-02-17,16,0.0
2015-02-18,16,1671
2015-02-19,16,1556
2015-02-20,16,1595
2015-02-21,16,1590
2015-02-22,16,0.0
2015-02-23,16,1540
2015-02-24,16,0.0
2015-02-25,16,1573
2015-02-26,16,1567
2015-02-27,16,1546
2015-02-28,16,1546
2015-03-01,16,0.0
2015-03-02,16,1554
2015-03-03,16,0.0
2015-03-04,16,1577
2015-03-05,16,1577
2015-03-06,16,0.0
2015-03-07,16,1563
2015-03-08,16,0.0
2015-03-09,16,1556
2015-03-10,16,1553
2015-03-11,16,1503
2015-03-12,16,1527
2015-03-13,16,1503
2015-03-14,16,1519
2015-03-15,16,0.0
2015-03-16,16,1517
2015-03-17,16,1508
2015-03-18,16,1483
2015-03-19,16,1460
2015-03-20,16,1433
2015-03-21,16,1435
2015-03-22,16,0.0
2015-03-23,16,1329
2015-03-24,16,1179
2015-03-25,16,1179
2015-03-26,16,1135
2015-03-27,16,1145
2015-03-28,16,1150
2015-03-29,16,0.0
2015-03-30,16,1150
2015-03-31,16,1150
2015-04-01,16,1218
2015-04-02,16,1215
2015-04-03,16,1218
2015-04-04,16,1238
2015-04-05,16,0.0
2015-04-06,16,1265
2015-04-07,16,1273
2015-04-08,16,1293
2015-04-09,16,1283
2015-04-10,16,1305
2015-04-11,16,1340
2015-04-12,16,0.0
2015-04-13,16,1358
2015-04-14,16,1358
2015-04-15,16,1355
2015-04-16,16,1395
2015-04-17,16,1380
2015-04-18,16,1370
2015-04-19,16,0.0
2015-04-20,16,1380
2015-04-21,16,0.0
2015-04-22,16,1385
2015-04-23,16,1385
2015-04-24,16,1385
2015-04-25,16,1395
2015-04-26,16,0.0
2015-04-27,16,1395
2015-04-28,16,0.0
2015-04-29,16,1379
2015-04-30,16,1379
2015-05-01,16,1363
2015-05-02,16,1363
2015-05-03,16,0.0
2015-05-04,16,0.0
2015-05-05,16,1329
2015-05-06,16,1352
2015-05-07,16,1393
2015-05-08,16,1393
2015-05-09,16,1393
2015-05-10,16,0.0
2015-05-11,16,1370
2015-05-12,16,1370
2015-05-13,16,1363
2015-05-14,16,1284
2015-05-15,16,1238
2015-05-16,16,1238
2015-05-17,16,0.0
2015-05-18,16,1276
2015-05-19,16,1269
2015-05-20,16,1231
2015-05-21,16,1201
2015-05-22,16,1204
2015-05-23,16,1225
2015-05-24,16,0.0
2015-05-25,16,1235
2015-05-26,16,1238
2015-05-27,16,1256
2015-05-28,16,1319
2015-05-29,16,1335
2015-05-30,16,1371
2015-05-31,16,0.0
2015-06-01,16,1396
2015-06-02,16,1419
2015-06-03,16,1379
2015-06-04,16,1403
2015-06-05,16,1519
2015-06-06,16,1645
2015-06-07,16,0.0
2015-06-08,16,1665
2015-06-09,16,1636
2015-06-10,16,1636
2015-06-11,16,1648
2015-06-12,16,1589
2015-06-13,16,1565
2015-06-14,16,0.0
2015-06-15,16,1572
2015-06-16,16,1534
2015-06-17,16,1622
2015-06-18,16,1622
2015-06-19,16,1581
2015-06-20,16,1628
2015-06-21,16,0.0
2015-06-22,16,1608
2015-06-23,16,1600
2015-06-24,16,1597
2015-06-25,16,1594
2015-06-26,16,1504
2015-06-27,16,1454
2015-06-28,16,0.0
2015-06-29,16,1616
2015-06-30,16,1619
2015-07-01,16,1666
2015-07-02,16,1642
2015-07-03,16,1642
2015-07-04,16,1623
2015-07-05,16,0.0
2015-07-06,16,1454
2015-07-07,16,1545
2015-07-08,16,1625
2015-07-09,16,1680
2015-07-10,16,1688
2015-07-11,16,1652
2015-07-12,16,0.0
2015-07-13,16,1600
2015-07-14,16,1629
2015-07-15,16,1739
2015-07-16,16,0.0
2015-07-17,16,0.0
2015-07-18,16,1797
2015-07-19,16,0.0
2015-07-20,16,1797
2015-07-21,16,0.0
2015-07-22,16,2031
2015-07-23,16,2109
2015-07-24,16,2153
2015-07-25,16,2116
2015-07-26,16,0.0
2015-07-27,16,2236
2015-07-28,16,0.0
2015-07-29,16,0.0
2015-07-30,16,2686
2015-07-31,16,2478
2015-08-01,16,2278
2015-08-02,16,0.0
2015-08-03,16,2525
2015-08-04,16,0.0
2015-08-05,16,2865
2015-08-06,16,2794
2015-08-07,16,2667
2015-08-08,16,2637
2015-08-09,16,0.0
2015-08-10,16,2637
2015-08-11,16,2732
2015-08-12,16,2818
2015-08-13,16,2980
2015-08-14,16,3060
2015-08-15,16,0.0
2015-08-16,16,0.0
2015-08-17,16,3773
2015-08-18,16,3963
2015-08-19,16,3973
2015-08-20,16,3946
2015-08-21,16,4188
2015-08-22,16,4334
2015-08-23,16,0.0
2015-08-24,16,4537
2015-08-25,16,4335
2015-08-26,16,4126
2015-08-27,16,4095
2015-08-28,16,4209
2015-08-29,16,4092
2015-08-30,16,0.0
2015-08-31,16,3855
2015-09-01,16,3892
2015-09-02,16,3839
2015-09-03,16,3754
2015-09-04,16,3633
2015-09-05,16,3777
2015-09-06,16,0.0
2015-09-07,16,3596
2015-09-08,16,3591
2015-09-09,16,3910
2015-09-10,16,3938
2015-09-11,16,4045
2015-09-12,16,4193
2015-09-13,16,0.0
2015-09-14,16,4257
2015-09-15,16,4186
2015-09-16,16,4209
2015-09-17,16,4320
2015-09-18,16,4317
2015-09-19,16,4096
2015-09-20,16,0.0
2015-09-21,16,3826
2015-09-22,16,3790
2015-09-23,16,3703
2015-09-24,16,3558
2015-09-25,16,3361
2015-09-26,16,3294
2015-09-27,16,0.0
2015-09-28,16,3085
2015-09-29,16,2996
2015-09-30,16,2755
2015-10-01,16,2898
2015-10-02,16,0.0
2015-10-03,16,2940
2015-10-04,16,0.0
2015-10-05,16,3392
2015-10-06,16,3484
2015-10-07,16,3375
2015-10-08,16,3364
2015-10-09,16,3203
2015-10-10,16,3030
2015-10-11,16,0.0
2015-10-12,16,2874
2015-10-13,16,2715
2015-10-14,16,2560
2015-10-15,16,2616
2015-10-16,16,2645
2015-10-17,16,2728
2015-10-18,16,0.0
2015-10-19,16,2673
2015-10-20,16,2673
2015-10-21,16,2614
2015-10-22,16,2579
2015-10-23,16,0.0
2015-10-24,16,2643
2015-10-25,16,0.0
2015-10-26,16,2833
2015-10-27,16,3063
2015-10-28,16,3323
2015-10-29,16,3021
2015-10-30,16,2841
2015-10-31,16,2652
2015-11-01,16,0.0
2015-11-02,16,2591
2015-11-03,16,2620
2015-11-04,16,2625
2015-11-05,16,2398
2015-11-06,16,2083
2015-11-07,16,2083
2015-11-08,16,0.0
2015-11-09,16,1927
2015-11-10,16,2209
2015-11-11,16,2380
2015-11-12,16,0.0
2015-11-13,16,2330
2015-11-14,16,2270
2015-11-15,16,0.0
2015-11-16,16,2303
2015-11-17,16,2226
2015-11-18,16,2226
2015-11-19,16,2064
2015-11-20,16,2000
2015-11-21,16,1975
2015-11-22,16,0.0
2015-11-23,16,1775
2015-11-24,16,1777
2015-11-25,16,1761
2015-11-26,16,1754
2015-11-27,16,1754
2015-11-28,16,1698
2015-11-29,16,0.0
2015-11-30,16,1698
2015-12-01,16,1539
2015-12-02,16,1445
2015-12-03,16,0.0
2015-12-04,16,1411
2015-12-05,16,1411
2015-12-06,16,0.0
2015-12-07,16,1339
2015-12-08,16,1261
2015-12-09,16,1271
2015-12-10,16,1191
2015-12-11,16,1191
2015-12-12,16,0.0
2015-12-13,16,0.0
2015-12-14,16,1093
2015-12-15,16,0.0
2015-12-16,16,1227
2015-12-17,16,0.0
2015-12-18,16,1214
2015-12-19,16,1064
2015-12-20,16,0.0
2015-12-21,16,1067
2015-12-22,16,1121
2015-12-23,16,1138
2015-12-24,16,1131
2015-12-25,16,1150
2015-12-26,16,1094
2015-12-27,16,0.0
2015-12-28,16,0.0
2015-12-29,16,1307
2015-12-30,16,1307
2015-12-31,16,1304
2016-01-01,16,1298
2016-01-02,16,1252
2016-01-03,16,0.0
2016-01-04,16,1257
2016-01-05,16,1264
2016-01-06,16,1293
2016-01-07,16,1282
2016-01-08,16,1282
2016-01-09,16,1171
2016-01-10,16,0.0
2016-01-11,16,1130
2016-01-12,16,1123
2016-01-13,16,1102
2016-01-14,16,1089
2016-01-15,16,1096
2016-01-16,16,1093
2016-01-17,16,0.0
2016-01-18,16,1093
2016-01-19,16,0.0
2016-01-20,16,0.0
2016-01-21,16,1139
2016-01-22,16,1089
2016-01-23,16,1089
2016-01-24,16,0.0
2016-01-25,16,0.0
2016-01-26,16,0.0
2016-01-27,16,0.0
2016-01-28,16,1077
2016-01-29,16,1089
2016-01-30,16,0.0
2016-01-31,16,0.0
2016-02-01,16,0.0
2016-02-02,16,0.0
2016-02-03,16,996
2016-02-04,16,968
2016-02-05,16,916
2016-02-06,16,904
2016-02-07,16,0.0
2016-02-08,16,830
2016-02-09,16,0.0
2016-02-10,16,830
2016-02-11,16,834
2016-02-12,16,820
2016-02-13,16,850
2016-02-14,16,0.0
2016-02-15,16,805
2016-02-16,16,879
2016-02-17,16,896
2016-02-18,16,907
2016-02-19,16,0.0
2016-02-20,16,907
2016-02-21,16,0.0
2016-02-22,16,946
2016-02-23,16,946
2016-02-24,16,963
2016-02-25,16,932
2016-02-26,16,0.0
2016-02-27,16,932
2016-02-28,16,0.0
2016-02-29,16,914
2016-03-01,16,907
2016-03-02,16,0.0
2016-03-03,16,889
2016-03-04,16,916
2016-03-05,16,0.0
2016-03-06,16,0.0
2016-03-07,16,932
2016-03-08,16,932
2016-03-09,16,957
2016-03-10,16,936
2016-03-11,16,939
2016-03-12,16,982
2016-03-13,16,0.0
2016-03-14,16,979
2016-03-15,16,971
2016-03-16,16,0.0
2016-03-17,16,0.0
2016-03-18,16,952
2016-03-19,16,952
2016-03-20,16,0.0
2016-03-21,16,919
2016-03-22,16,919
2016-03-23,16,0.0
2016-03-24,16,0.0
2016-03-25,16,919
2016-03-26,16,919
2016-03-27,16,0.0
2016-03-28,16,973
2016-03-29,16,0.0
2016-03-30,16,0.0
2016-03-31,16,973
2016-04-01,16,948
2016-04-02,16,948
2016-04-03,16,0.0
2016-04-04,16,883
2016-04-05,16,858
2016-04-06,16,858
2016-04-07,16,0.0
2016-04-08,16,813
2016-04-09,16,813
2016-04-10,16,0.0
2016-04-11,16,0.0
2016-04-12,16,806
2016-04-13,16,786
2016-04-14,16,0.0
2016-04-15,16,0.0
2016-04-16,16,0.0
2016-04-17,16,0.0
2016-04-18,16,804
2016-04-19,16,783
2016-04-20,16,783
2016-04-21,16,822
2016-04-22,16,822
2016-04-23,16,822
2016-04-24,16,0.0
2016-04-25,16,783
2016-04-26,16,783
2016-04-27,16,783
2016-04-28,16,783
2016-04-29,16,779
2016-04-30,16,768
2016-05-01,16,0.0
2016-05-02,16,721
2016-05-03,16,721
2016-05-04,16,0.0
2016-05-05,16,721
2016-05-06,16,688
2016-05-07,16,688
2016-05-08,16,0.0
2016-05-09,16,758
2016-05-10,16,736
2016-05-11,16,736
2016-05-12,16,736
2016-05-13,16,702
2016-05-14,16,702
2016-05-15,16,0.0
2016-05-16,16,686
2016-05-17,16,698
2016-05-18,16,698
2016-05-19,16,698
2016-05-20,16,698
2016-05-21,16,698
2016-05-22,16,0.0
2016-05-23,16,619
2016-05-24,16,617
2016-05-25,16,617
2016-05-26,16,617
2016-05-27,16,633
2016-05-28,16,666
2016-05-29,16,0.0
2016-05-30,16,666
2016-05-31,16,689
2016-06-01,16,689
2016-06-02,16,689
2016-06-03,16,689
2016-06-04,16,697
2016-06-05,16,0.0
2016-06-06,16,697
2016-06-07,16,686
2016-06-08,16,686
2016-06-09,16,628
2016-06-10,16,628
2016-06-11,16,628
2016-06-12,16,0.0
2016-06-13,16,733
2016-06-14,16,778
2016-06-15,16,778
2016-06-16,16,778
2016-06-17,16,778
2016-06-18,16,743
2016-06-19,16,0.0
2016-06-20,16,738
2016-06-21,16,619
2016-06-22,16,619
2016-06-23,16,0.0
2016-06-24,16,650
2016-06-25,16,0.0
2016-06-26,16,0.0
2016-06-27,16,650
2016-06-28,16,697
2016-06-29,16,733
2016-06-30,16,738
2016-07-01,16,738
2016-07-02,16,738
2016-07-03,16,0.0
2016-07-04,16,723
2016-07-05,16,733
2016-07-06,16,733
2016-07-07,16,733
2016-07-08,16,723
2016-07-09,16,723
2016-07-10,16,0.0
2016-07-11,16,798
2016-07-12,16,798
2016-07-13,16,844
2016-07-14,16,833
2016-07-15,16,775
2016-07-16,16,775
2016-07-17,16,0.0
2016-07-18,16,769
2016-07-19,16,738
2016-07-20,16,744
2016-07-21,16,744
2016-07-22,16,738
2016-07-23,16,738
2016-07-24,16,0.0
2016-07-25,16,747
2016-07-26,16,858
2016-07-27,16,827
2016-07-28,16,821
2016-07-29,16,821
2016-07-30,16,839
2016-07-31,16,0.0
2016-08-01,16,777
2016-08-02,16,777
2016-08-03,16,816
2016-08-04,16,816
2016-08-05,16,882
2016-08-06,16,882
2016-08-07,16,0.0
2016-08-08,16,789
2016-08-09,16,789
2016-08-10,16,789
2016-08-11,16,789
2016-08-12,16,732
2016-08-13,16,732
2016-08-14,16,0.0
2016-08-15,16,0.0
2016-08-16,16,739
2016-08-17,16,739
2016-08-18,16,739
2016-08-19,16,739
2016-08-20,16,729
2016-08-21,16,0.0
2016-08-22,16,729
2016-08-23,16,729
2016-08-24,16,0.0
2016-08-25,16,779
2016-08-26,16,739
2016-08-27,16,709
2016-08-28,16,0.0
2016-08-29,16,730
2016-08-30,16,766
2016-08-31,16,671
2016-09-01,16,686
2016-09-02,16,707
2016-09-03,16,707
2016-09-04,16,0.0
2016-09-05,16,704
2016-09-06,16,704
2016-09-07,16,675
2016-09-08,16,675
2016-09-09,16,675
2016-09-10,16,661
2016-09-11,16,0.0
2016-09-12,16,686
2016-09-13,16,636
2016-09-14,16,0.0
2016-09-15,16,654
2016-09-16,16,638
2016-09-17,16,606
2016-09-18,16,0.0
2016-09-19,16,603
2016-09-20,16,619
2016-09-21,16,0.0
2016-09-22,16,606
2016-09-23,16,606
2016-09-24,16,606
2016-09-25,16,0.0
2016-09-26,16,647
2016-09-27,16,647
2016-09-28,16,617
2016-09-29,16,555
2016-09-30,16,555
2016-10-01,16,555
2016-10-02,16,0.0
2016-10-03,16,594
2016-10-04,16,594
2016-10-05,16,594
2016-10-06,16,601
2016-10-07,16,731
2016-10-08,16,649
2016-10-09,16,0.0
2016-10-10,16,731
2016-10-11,16,731
2016-10-12,16,723
2016-10-13,16,785
2016-10-14,16,785
2016-10-15,16,803
2016-10-16,16,0.0
2016-10-17,16,760
2016-10-18,16,766
2016-10-19,16,766
2016-10-20,16,727
2016-10-21,16,727
2016-10-22,16,647
2016-10-23,16,0.0
2016-10-24,16,631
2016-10-25,16,620
2016-10-26,16,691
2016-10-27,16,693
2016-10-28,16,714
2016-10-29,16,728
2016-10-30,16,0.0
2016-10-31,16,728
2016-11-01,16,695
2016-11-02,16,695
2016-11-03,16,695
2016-11-04,16,693
2016-11-05,16,795
2016-11-06,16,0.0
2016-11-07,16,795
2016-11-08,16,839
2016-11-09,16,1032
2016-11-10,16,1025
2016-11-11,16,0.0
2016-11-12,16,948
2016-11-13,16,0.0
2016-11-14,16,948
2016-11-15,16,891
2016-11-16,16,891
2016-11-17,16,902
2016-11-18,16,902
2016-11-19,16,920
2016-11-20,16,0.0
2016-11-21,16,836
2016-11-22,16,825
2016-11-23,16,848
2016-11-24,16,865
2016-11-25,16,865
2016-11-26,16,865
2016-11-27,16,0.0
2016-11-28,16,865
2016-11-29,16,852
2016-11-30,16,775
2016-12-01,16,781
2016-12-02,16,731
2016-12-03,16,738
2016-12-04,16,0.0
2016-12-05,16,754
2016-12-06,16,806
2016-12-07,16,821
2016-12-08,16,821
2016-12-09,16,821
2016-12-10,16,806
2016-12-11,16,806
2016-12-12,16,0.0
2016-12-13,16,806
2016-12-14,16,817
2016-12-15,16,835
2016-12-16,16,831
2016-12-17,16,831
2016-12-18,16,0.0
2016-12-19,16,738
2016-12-20,16,738
2016-12-21,16,727
2016-12-22,16,727
2016-12-23,16,727
2016-12-24,16,727
2016-12-25,16,0.0
2016-12-26,16,721
2016-12-27,16,721
2016-12-28,16,685
2016-12-29,16,685
2016-12-30,16,685
2016-12-31,16,685
2017-01-01,16,0.0
2017-01-02,16,688
2017-01-03,16,688
2017-01-04,16,688
2017-01-05,16,670
2017-01-06,16,817
2017-01-07,16,817
2017-01-08,16,0.0
2017-01-09,16,822
2017-01-10,16,822
2017-01-11,16,822
2017-01-12,16,822
2017-01-13,16,822
2017-01-14,16,822
2017-01-15,16,0.0
2017-01-16,16,763
2017-01-17,16,763
2017-01-18,16,763
2017-01-19,16,747
2017-01-20,16,747
2017-01-21,16,703
2017-01-22,16,0.0
2017-01-23,16,751
2017-01-24,16,751
2017-01-25,16,751
2017-01-26,16,0.0
2017-01-27,16,0.0
2017-01-28,16,735
2017-01-29,16,0.0
2017-01-30,16,735
2017-01-31,16,739
2017-02-01,16,722
2017-02-02,16,722
2017-02-03,16,713
2017-02-04,16,713
2017-02-05,16,0.0
2017-02-06,16,715
2017-02-07,16,714
2017-02-08,16,714
2017-02-09,16,714
2017-02-10,16,689
2017-02-11,16,689
2017-02-12,16,0.0
2017-02-13,16,689
2017-02-14,16,689
2017-02-15,16,689
2017-02-16,16,689
2017-02-17,16,689
2017-02-18,16,717
2017-02-19,16,0.0
2017-02-20,16,717
2017-02-21,16,708
2017-02-22,16,708
2017-02-23,16,681
2017-02-24,16,686
2017-02-25,16,692
2017-02-26,16,0.0
2017-02-27,16,689
2017-02-28,16,689
2017-03-01,16,689
2017-03-02,16,689
2017-03-03,16,731
2017-03-04,16,731
2017-03-05,16,0.0
2017-03-06,16,758
2017-03-07,16,758
2017-03-08,16,758
2017-03-09,16,758
2017-03-10,16,0.0
2017-03-11,16,814
2017-03-12,16,0.0
2017-03-13,16,0.0
2017-03-14,16,814
2017-03-15,16,814
2017-03-16,16,722
2017-03-17,16,722
2017-03-18,16,722
2017-03-19,16,0.0
2017-03-20,16,722
2017-03-21,16,722
2017-03-22,16,750
2017-03-23,16,750
2017-03-24,16,744
2017-03-25,16,744
2017-03-26,16,0.0
2017-03-27,16,744
2017-03-28,16,744
2017-03-29,16,731
2017-03-30,16,731
2017-03-31,16,731
2017-04-01,16,731
2017-04-02,16,0.0
2017-04-03,16,725
2017-04-04,16,725
2017-04-05,16,758
2017-04-06,16,758
2017-04-07,16,753
2017-04-08,16,739
2017-04-09,16,0.0
2017-04-10,16,739
2017-04-11,16,739
2017-04-12,16,739
2017-04-13,16,739
2017-04-14,16,739
2017-04-15,16,739
2017-04-16,16,0.0
2017-04-17,16,739
2017-04-18,16,739
2017-04-19,16,736
2017-04-20,16,736
2017-04-21,16,733
2017-04-22,16,733
2017-04-23,16,0.0
2017-04-24,16,733
2017-04-25,16,717
2017-04-26,16,717
2017-04-27,16,717
2017-04-28,16,717
2017-04-29,16,717
2017-04-30,16,0.0
2017-05-01,16,694
2017-05-02,16,694
2017-05-03,16,694
2017-05-04,16,694
2017-05-05,16,697
2017-05-06,16,697
2017-05-07,16,0.0
2017-05-08,16,697
2017-05-09,16,694
2017-05-10,16,693
2017-05-11,16,693
2017-05-12,16,693
2017-05-13,16,663
2017-05-14,16,0.0
2017-05-15,16,667
2017-05-16,16,689
2017-05-17,16,675
2017-05-18,16,675
2017-05-19,16,614
2017-05-20,16,614
2017-05-21,16,0.0
2017-05-22,16,619
2017-05-23,16,619
2017-05-24,16,619
2017-05-25,16,575
2017-05-26,16,0.0
2017-05-27,16,572
2017-05-28,16,0.0
2017-05-29,16,628
2017-05-30,16,628
2017-05-31,16,594
2017-06-01,16,583
2017-06-02,16,603
2017-06-03,16,603
2017-06-04,16,0.0
2017-06-05,16,617
2017-06-06,16,686
2017-06-07,16,717
2017-06-08,16,744
2017-06-09,16,750
2017-06-10,16,758
2017-06-11,16,0.0
2017-06-12,16,792
2017-06-13,16,839
2017-06-14,16,842
2017-06-15,16,811
2017-06-16,16,733
2017-06-17,16,708
2017-06-18,16,0.0
2017-06-19,16,819
2017-06-20,16,778
2017-06-21,16,761
2017-06-22,16,717
2017-06-23,16,783
2017-06-24,16,744
2017-06-25,16,0.0
2017-06-26,16,744
2017-06-27,16,744
2017-06-28,16,629
2017-06-29,16,661
2017-06-30,16,624
2017-07-01,16,624
2017-07-02,16,0.0
2017-07-03,16,635
2017-07-04,16,679
2017-07-05,16,685
2017-07-06,16,709
2017-07-07,16,725
2017-07-08,16,723
2017-07-09,16,0.0
2017-07-10,16,717
2017-07-11,16,739
2017-07-12,16,666
2017-07-13,16,669
2017-07-14,16,683
2017-07-15,16,703
2017-07-16,16,0.0
2017-07-17,16,732
2017-07-18,16,732
2017-07-19,16,794
2017-07-20,16,794
2017-07-21,16,811
2017-07-22,16,797
2017-07-23,16,0.0
2017-07-24,16,797
2017-07-25,16,801
2017-07-26,16,774
2017-07-27,16,797
2017-07-28,16,880
2017-07-29,16,889
2017-07-30,16,0.0
2017-07-31,16,1050
2017-08-01,16,1398
2017-08-02,16,0.0
2017-08-03,16,1375
2017-08-04,16,1674
2017-08-05,16,1811
2017-08-06,16,0.0
2017-08-07,16,1815
2017-08-08,16,1877
2017-08-09,16,2129
2017-08-10,16,1842
2017-08-11,16,1848
2017-08-12,16,1848
2017-08-13,16,0.0
2017-08-14,16,1822
2017-08-15,16,0.0
2017-08-16,16,1657
2017-08-17,16,1670
2017-08-18,16,1673
2017-08-19,16,1782
2017-08-20,16,0.0
2017-08-21,16,1976
2017-08-22,16,1926
2017-08-23,16,1953
2017-08-24,16,1851
2017-08-25,16,1687
2017-08-26,16,1547
2017-08-27,16,0.0
2017-08-28,16,1595
2017-08-29,16,1595
2017-08-30,16,1600
2017-08-31,16,1830
2017-09-01,16,1830
2017-09-02,16,1673
2017-09-03,16,0.0
2017-09-04,16,1615
2017-09-05,16,1632
2017-09-06,16,1625
2017-09-07,16,1625
2017-09-08,16,1650
2017-09-09,16,1650
2017-09-10,16,0.0
2017-09-11,16,1628
2017-09-12,16,1608
2017-09-13,16,1608
2017-09-14,16,1482
2017-09-15,16,1437
2017-09-16,16,1253
2017-09-17,16,0.0
2017-09-18,16,1274
2017-09-19,16,1167
2017-09-20,16,1202
2017-09-21,16,1350
2017-09-22,16,1350
2017-09-23,16,1152
2017-09-24,16,0.0
2017-09-25,16,1152
2017-09-26,16,1143
2017-09-27,16,1192
2017-09-28,16,1192
2017-09-29,16,1192
2017-09-30,16,1192
2017-10-01,16,0.0
2017-10-02,16,0.0
2017-10-03,16,1291
2017-10-04,16,1334
2017-10-05,16,1443
2017-10-06,16,1443
2017-10-07,16,1443
2017-10-08,16,0.0
2017-10-09,16,1443
2017-10-10,16,1755
2017-10-11,16,1755
2017-10-12,16,1745
2017-10-13,16,1745
2017-10-14,16,1745
2017-10-15,16,0.0
2017-10-16,16,1745
2017-10-17,16,1652
2017-10-18,16,1682
2017-10-19,16,0.0
2017-10-20,16,2050
2017-10-21,16,1682
2017-10-22,16,2093
2017-10-23,16,2093
2017-10-24,16,2093
2017-10-25,16,2093
2017-10-26,16,2093
2017-10-27,16,2093
2017-10-28,16,1962
2017-10-29,16,0.0
2017-10-30,16,2003
2017-10-31,16,2012
2017-11-01,16,2012
2017-11-02,16,2012
2017-11-03,16,2012
2017-11-04,16,2397
2017-11-05,16,0.0
2017-11-06,16,2397
2017-11-07,16,2397
2017-11-08,16,2397
2017-11-09,16,2470
2017-11-10,16,2470
2017-11-11,16,2470
2017-11-12,16,0.0
2017-11-13,16,2345
2017-11-14,16,2338
2017-11-15,16,2338
2017-11-16,16,2338
2017-11-17,16,2275
2017-11-18,16,2292
2017-11-19,16,0.0
2017-11-20,16,2258
2017-11-21,16,2381
2017-11-22,16,2371
2017-11-23,16,2613
2017-11-24,16,2690
2017-11-25,16,2758
2017-11-26,16,0.0
2017-11-27,16,0.0
2017-11-28,16,2710
2017-11-29,16,2667
2017-11-30,16,2677
2017-12-01,16,0.0
2017-12-02,16,0.0
2017-12-03,16,0.0
2017-12-04,16,0.0
2017-12-05,16,0.0
2017-12-06,16,0.0
2017-12-07,16,0.0
2017-12-08,16,0.0
2017-12-09,16,0.0
2017-12-10,16,0.0
2017-12-11,16,0.0
2017-12-12,16,0.0
2017-12-13,16,0.0
2017-12-14,16,0.0
2017-12-15,16,0.0
2017-12-16,16,0.0
2017-12-17,16,0.0
2017-12-18,16,0.0
2017-12-19,16,0.0
2017-12-20,16,0.0
2017-12-21,16,0.0
2017-12-22,16,0.0
2017-12-23,16,0.0
2017-12-24,16,0.0
2017-12-25,16,2645
2017-12-26,16,2645
2017-12-27,16,2645
2017-12-28,16,0.0
2017-12-29,16,0.0
2017-12-30,16,0.0
2017-12-31,16,0.0
2018-01-01,16,2889
2018-01-02,16,2863
2018-01-03,16,2863
2018-01-04,16,2892
2018-01-05,16,2892
2018-01-06,16,2992
2018-01-07,16,0.0
2018-01-08,16,3008
2018-01-09,16,2871
2018-01-10,16,2865
2018-01-11,16,2806
2018-01-12,16,2806
2018-01-13,16,2806
2018-01-14,16,0.0
2018-01-15,16,2806
2018-01-16,16,2817
2018-01-17,16,2755
2018-01-18,16,2755
2018-01-19,16,2755
2018-01-20,16,2767
2018-01-21,16,0.0
2018-01-22,16,2767
2018-01-23,16,2767
2018-01-24,16,2767
2018-01-25,16,2767
2018-01-26,16,0.0
2018-01-27,16,2503
2018-01-28,16,0.0
2018-01-29,16,2503
2018-01-30,16,2317
2018-01-31,16,1981
2018-02-01,16,1838
2018-02-02,16,1838
2018-02-03,16,1838
2018-02-04,16,0.0
2018-02-05,16,1838
2018-02-06,16,1838
2018-02-07,16,1838
2018-02-08,16,1825
2018-02-09,16,1814
2018-02-10,16,1814
2018-02-11,16,0.0
2018-02-12,16,1814
2018-02-13,16,1814
2018-02-14,16,1814
2018-02-15,16,1828
2018-02-16,16,1828
2018-02-17,16,1828
2018-02-18,16,0.0
2018-02-19,16,1747
2018-02-20,16,1655
2018-02-21,16,1655
2018-02-22,16,1670
2018-02-23,16,1669
2018-02-24,16,1669
2018-02-25,16,0.0
2018-02-26,16,1438
2018-02-27,16,1438
2018-02-28,16,1194
2018-03-01,16,1194
2018-03-02,16,0.0
2018-03-03,16,1090
2018-03-04,16,0.0
2018-03-05,16,1102
2018-03-06,16,1102
2018-03-07,16,1115
2018-03-08,16,1115
2018-03-09,16,1112
2018-03-10,16,1112
2018-03-11,16,0.0
2018-03-12,16,1112
2018-03-13,16,1056
2018-03-14,16,1056
2018-03-15,16,1056
2018-03-16,16,1056
2018-03-17,16,1056
2018-03-18,16,0.0
2018-03-19,16,1056
2018-03-20,16,1056
2018-03-21,16,1056
2018-03-22,16,944
2018-03-23,16,944
2018-03-24,16,944
2018-03-25,16,0.0
2018-03-26,16,944
2018-03-27,16,819
2018-03-28,16,819
2018-03-29,16,819
2018-03-30,16,819
2018-03-31,16,819
2018-04-01,16,0.0
2018-04-02,16,819
2018-04-03,16,819
2018-04-04,16,714
2018-04-05,16,714
2018-04-06,16,714
2018-04-07,16,714
2018-04-08,16,0.0
2018-04-09,16,714
2018-04-10,16,706
2018-04-11,16,706
2018-04-12,16,706
2018-04-13,16,706
2018-04-14,16,706
2018-04-15,16,0.0
2018-04-16,16,706
2018-04-17,16,706
2018-04-18,16,706
2018-04-19,16,706
2018-04-20,16,706
2018-04-21,16,0.0
2018-04-22,16,0.0
2018-04-23,16,0.0
2018-04-24,16,0.0
2018-04-25,16,706
2018-04-26,16,706
2018-04-27,16,744
2018-04-28,16,744
2018-04-29,16,0.0
2018-04-30,16,744
2018-05-01,16,744
2018-05-02,16,744
2018-05-03,16,723
2018-05-04,16,723
2018-05-05,16,0.0
2018-05-06,16,0.0
2018-05-07,16,698
2018-05-08,16,698
2018-05-09,16,698
2018-05-10,16,707
2018-05-11,16,707
2018-05-12,16,707
2018-05-13,16,0.0
2018-05-14,16,707
2018-05-15,16,707
2018-05-16,16,700
2018-05-17,16,707
2018-05-18,16,707
2018-05-19,16,707
2018-05-20,16,0.0
2018-05-21,16,707
2018-05-22,16,673
2018-05-23,16,673
2018-05-24,16,673
2018-05-25,16,723
2018-05-26,16,723
2018-05-27,16,0.0
2018-05-28,16,723
2018-05-29,16,723
2018-05-30,16,723
2018-05-31,16,723
2018-06-01,16,879
2018-06-02,16,879
2018-06-03,16,0.0
2018-06-04,16,913
2018-06-05,16,913
2018-06-06,16,913
2018-06-07,16,913
2018-06-08,16,913
2018-06-09,16,913
2018-06-10,16,0.0
2018-06-11,16,913
2018-06-12,16,913
2018-06-13,16,913
2018-06-14,16,913
2018-06-15,16,913
2018-06-16,16,913
2018-06-17,16,0.0
2018-06-18,16,879
2018-06-19,16,879
2018-06-20,16,879
2018-06-21,16,1172
2018-06-22,16,1172
2018-06-23,16,1172
2018-06-24,16,0.0
2018-06-25,16,1163
2018-06-26,16,1163
2018-06-27,16,1163
2018-06-28,16,1163
2018-06-29,16,1163
2018-06-30,16,1163
2018-07-01,16,0.0
2018-07-02,16,1163
2018-07-03,16,1163
2018-07-04,16,1163
2018-07-05,16,1163
2018-07-06,16,1163
2018-07-07,16,1163
2018-07-08,16,0.0
2018-07-09,16,1163
2018-07-10,16,1163
2018-07-11,16,1163
2018-07-12,16,1116
2018-07-13,16,1116
2018-07-14,16,1116
2018-07-15,16,0.0
2018-07-16,16,1116
2018-07-17,16,1116
2018-07-18,16,1116
2018-07-19,16,1116
2018-07-20,16,1116
2018-07-21,16,1116
2018-07-22,16,0.0
2018-07-23,16,1116
2018-07-24,16,1116
2018-07-25,16,1116
2018-07-26,16,1116
2018-07-27,16,1116
2018-07-28,16,1116
2018-07-29,16,0.0
2018-07-30,16,1116
2018-07-31,16,1163
2018-08-01,16,1163
2018-08-02,16,1163
2018-08-03,16,1163
2018-08-04,16,1163
2018-08-05,16,0.0
2018-08-06,16,1163
2018-08-07,16,1179
2018-08-08,16,1100
2018-08-09,16,1100
2018-08-10,16,1121
2018-08-11,16,1121
2018-08-12,16,0.0
2018-08-13,16,1121
2018-08-14,16,1121
2018-08-15,16,0.0
2018-08-16,16,1121
2018-08-17,16,1121
2018-08-18,16,1121
2018-08-19,16,0.0
2018-08-20,16,1104
2018-08-21,16,1104
2018-08-22,16,1104
2018-08-23,16,1104
2018-08-24,16,1104
2018-08-25,16,1104
2018-08-26,16,0.0
2018-08-27,16,1104
2018-08-28,16,1104
2018-08-29,16,1104
2018-08-30,16,1104
2018-08-31,16,1004
2018-09-01,16,1004
2018-09-02,16,0.0
2018-09-03,16,1004
2018-09-04,16,1004
2018-09-05,16,1004
2018-09-06,16,1079
2018-09-07,16,1079
2018-09-08,16,1079
2018-09-09,16,0.0
2018-09-10,16,950
2018-09-11,16,950
2018-09-12,16,968
2018-09-13,16,968
2018-09-14,16,968
2018-09-15,16,968
2018-09-16,16,0.0
2018-09-17,16,864
2018-09-18,16,864
2018-09-19,16,864
2018-09-20,16,864
2018-09-21,16,864
2018-09-22,16,864
2018-09-23,16,0.0
2018-09-24,16,864
2018-09-25,16,864
2018-09-26,16,864
2018-09-27,16,939
2018-09-28,16,939
2018-09-29,16,939
2018-09-30,16,0.0
2018-10-01,16,939
2018-10-02,16,0.0
2018-10-03,16,0.0
2018-10-04,16,0.0
2018-10-05,16,975
2018-10-06,16,0.0
2018-10-07,16,0.0
2018-10-08,16,975
2018-10-09,16,975
2018-10-10,16,972
2018-10-11,16,972
2018-10-12,16,972
2018-10-13,16,972
2018-10-14,16,0.0
2018-10-15,16,1206
2018-10-16,16,1206
2018-10-17,16,1206
2018-10-18,16,1519
2018-10-19,16,1350
2018-10-20,16,1519
2018-10-21,16,0.0
2018-10-22,16,1365
2018-10-23,16,1365
2018-10-24,16,1376
2018-10-25,16,1376
2018-10-26,16,1434
2018-10-27,16,1434
2018-10-28,16,0.0
2018-10-29,16,1290
2018-10-30,16,1240
2018-10-31,16,1013
2018-11-01,16,0.0
2018-11-02,16,1013
2018-11-03,16,1013
2018-11-04,16,0.0
2018-11-05,16,0.0
2018-11-06,16,1073
2018-11-07,16,0.0
2018-11-08,16,990
2018-11-09,16,1070
2018-11-10,16,0.0
2018-11-11,16,0.0
2018-11-12,16,1170
2018-11-13,16,1170
2018-11-14,16,1170
2018-11-15,16,0.0
2018-11-16,16,1170
2018-11-17,16,1124
2018-11-18,16,0.0
2018-11-19,16,1125
2018-11-20,16,0.0
2018-11-21,16,1124
2018-11-22,16,1125
2018-11-23,16,1124
2018-11-24,16,841
2018-11-25,16,0.0
2018-11-26,16,841
2018-11-27,16,869
2018-11-28,16,800
2018-11-29,16,800
2018-11-30,16,800
2018-12-01,16,800
2018-12-02,16,0.0
2018-12-03,16,800
2018-12-04,16,921
2018-12-05,16,921
2018-12-06,16,902
2018-12-07,16,902
2018-12-08,16,843
2018-12-09,16,0.0
2018-12-10,16,843
2018-12-11,16,820
2018-12-12,16,848
2018-12-13,16,848
2018-12-14,16,848
2018-12-15,16,748
2018-12-16,16,0.0
2018-12-17,16,748
2018-12-18,16,748
2018-12-19,16,765
2018-12-20,16,767
2018-12-21,16,767
2018-12-22,16,753
2018-12-23,16,0.0
2018-12-24,16,700
2018-12-25,16,700
2018-12-26,16,662
2018-12-27,16,662
2018-12-28,16,662
2018-12-29,16,662
2018-12-30,16,0.0
2018-12-31,16,672
2019-01-01,16,700
2019-01-02,16,728
2019-01-03,16,662
2019-01-04,16,662
2019-01-05,16,662
2019-01-06,16,0.0
2019-01-07,16,655
2019-01-08,16,0.0
2019-01-09,16,0.0
2019-01-10,16,0.0
2019-01-11,16,642
2019-01-12,16,620
2019-01-13,16,0.0
2019-01-14,16,637
2019-01-15,16,637
2019-01-16,16,637
2019-01-17,16,637
2019-01-18,16,637
2019-01-19,16,767
2019-01-20,16,0.0
2019-01-21,16,0.0
2019-01-22,16,611
2019-01-23,16,611
2019-01-24,16,0.0
2019-01-25,16,0.0
2019-01-26,16,0.0
2019-01-27,16,0.0
2019-01-28,16,0.0
2019-01-29,16,611
2019-01-30,16,0.0
2019-01-31,16,611
2019-02-01,16,665
2019-02-02,16,665
2019-02-03,16,0.0
2019-02-04,16,585
2019-02-05,16,585
2019-02-06,16,585
2019-02-07,16,585
2019-02-08,16,585
2019-02-09,16,585
2019-02-10,16,0.0
2019-02-11,16,655
2019-02-12,16,655
2019-02-13,16,655
2019-02-14,16,655
2019-02-15,16,655
2019-02-16,16,655
2019-02-17,16,0.0
2019-02-18,16,655
2019-02-19,16,655
2019-02-20,16,655
2019-02-21,16,655
2019-02-22,16,655
2019-02-23,16,655
2019-02-24,16,0.0
2019-02-25,16,655
2019-02-26,16,655
2019-02-27,16,655
2019-02-28,16,655
2019-03-01,16,655
2019-03-02,16,655
2019-03-03,16,0.0
2019-03-04,16,655
2019-03-05,16,665
2019-03-06,16,665
2019-03-07,16,665
2019-03-08,16,665
2019-03-09,16,665
2019-03-10,16,0.0
2019-03-11,16,710
2019-03-12,16,710
2019-03-13,16,710
2019-03-14,16,775
2019-03-15,16,775
2019-03-16,16,775
2019-03-17,16,0.0
2019-03-18,16,665
2019-03-19,16,665
2019-03-20,16,665
2019-03-21,16,0.0
2019-03-22,16,640
2019-03-23,16,640
2019-03-24,16,0.0
2019-03-25,16,640
2019-03-26,16,640
2019-03-27,16,640
2019-03-28,16,0.0
2019-03-29,16,640
2019-03-30,16,640
2019-03-31,16,0.0
2019-04-01,16,640
2019-04-02,16,640
2019-04-03,16,640
2019-04-04,16,640
2019-04-05,16,640
2019-04-06,16,640
2019-04-07,16,0.0
2019-04-08,16,640
2019-04-09,16,640
2019-04-10,16,640
2019-04-11,16,640
2019-04-12,16,640
2019-04-13,16,640
2019-04-14,16,0.0
2019-04-15,16,685
2019-04-16,16,685
2019-04-17,16,685
2019-04-18,16,725
2019-04-19,16,725
2019-04-20,16,725
2019-04-21,16,0.0
2019-04-22,16,725
2019-04-23,16,725
2019-04-24,16,725
2019-04-25,16,725
2019-04-26,16,725
2019-04-27,16,815
2019-04-28,16,0.0
2019-04-29,16,815
2019-04-30,16,815
2019-05-01,16,815
2019-05-02,16,815
2019-05-03,16,815
2019-05-04,16,815
2019-05-05,16,0.0
2019-05-06,16,815
2019-05-07,16,815
2019-05-08,16,815
2019-05-09,16,815
2019-05-10,16,815
2019-05-11,16,815
2019-05-12,16,0.0
2019-05-13,16,815
2019-05-14,16,775
2019-05-15,16,833
2019-05-16,16,833
2019-05-17,16,833
2019-05-18,16,833
2019-05-19,16,0.0
2019-05-20,16,833
2019-05-21,16,813
2019-05-22,16,813
2019-05-23,16,813
2019-05-24,16,813
2019-05-25,16,813
2019-05-26,16,0.0
2019-05-27,16,813
2019-05-28,16,813
2019-05-29,16,813
2019-05-30,16,813
2019-05-31,16,861
2019-06-01,16,861
2019-06-02,16,0.0
2019-06-03,16,861
2019-06-04,16,861
2019-06-05,16,861
2019-06-06,16,861
2019-06-07,16,861
2019-06-08,16,861
2019-06-09,16,0.0
2019-06-10,16,861
2019-06-11,16,929
2019-06-12,16,1008
2019-06-13,16,1008
2019-06-14,16,1008
2019-06-15,16,1008
2019-06-16,16,0.0
2019-06-17,16,1008
2019-06-18,16,1008
2019-06-19,16,1008
2019-06-20,16,1008
2019-06-21,16,1008
2019-06-22,16,1008
2019-06-23,16,0.0
2019-06-24,16,1008
2019-06-25,16,1008
2019-06-26,16,1008
2019-06-27,16,1008
2019-06-28,16,1008
2019-06-29,16,1008
2019-06-30,16,0.0
2019-07-01,16,984
2019-07-02,16,984
2019-07-03,16,984
2019-07-04,16,984
2019-07-05,16,984
2019-07-06,16,984
2019-07-07,16,0.0
2019-07-08,16,1063
2019-07-09,16,1063
2019-07-10,16,1063
2019-07-11,16,1063
2019-07-12,16,1063
2019-07-13,16,1063
2019-07-14,16,0.0
2019-07-15,16,1063
2019-07-16,16,1063
2019-07-17,16,1063
2019-07-18,16,1063
2019-07-19,16,0.0
2019-07-20,16,1063
2019-07-21,16,0.0
2019-07-22,16,1063
2019-07-23,16,1063
2019-07-24,16,1059
2019-07-25,16,1082
2019-07-26,16,1125
2019-07-27,16,0.0
2019-07-28,16,0.0
2019-07-29,16,1155
2019-07-30,16,1138
2019-07-31,16,1138
2019-08-01,16,1193
2019-08-02,16,1193
2019-08-03,16,1189
2019-08-04,16,0.0
2019-08-05,16,1211
2019-08-06,16,1211
2019-08-07,16,1211
2019-08-08,16,1211
2019-08-09,16,1225
2019-08-10,16,0.0
2019-08-11,16,1211
2019-08-12,16,1211
2019-08-13,16,1193
2019-08-14,16,1193
2019-08-15,16,0.0
2019-08-16,16,1411
2019-08-17,16,1411
2019-08-18,16,0.0
2019-08-19,16,1459
2019-08-20,16,1459
2019-08-21,16,1521
2019-08-22,16,1407
2019-08-23,16,1700
2019-08-24,16,1802
2019-08-25,16,0.0
2019-08-26,16,1889
2019-08-27,16,1889
2019-08-28,16,1945
2019-08-29,16,2093
2019-08-30,16,2075
2019-08-31,16,2075
2019-09-01,16,0.0
2019-09-02,16,1813
2019-09-03,16,1917
2019-09-04,16,1800
2019-09-05,16,1800
2019-09-06,16,1927
2019-09-07,16,2129
2019-09-08,16,0.0
2019-09-09,16,2135
2019-09-10,16,2173
2019-09-11,16,2210
2019-09-12,16,2173
2019-09-13,16,2164
2019-09-14,16,2292
2019-09-15,16,0.0
2019-09-16,16,3014
2019-09-17,16,2988
2019-09-18,16,3167
2019-09-19,16,3094
2019-09-20,16,0.0
2019-09-21,16,3663
2019-09-22,16,0.0
2019-09-23,16,3688
2019-09-24,16,3663
2019-09-25,16,3525
2019-09-26,16,3263
2019-09-27,16,3263
2019-09-28,16,3307
2019-09-29,16,0.0
2019-09-30,16,3238
2019-10-01,16,3288
2019-10-02,16,0.0
2019-10-03,16,3063
2019-10-04,16,2972
2019-10-05,16,2938
2019-10-06,16,0.0
2019-10-07,16,3143
2019-10-08,16,3391
2019-10-09,16,3344
2019-10-10,16,3297
2019-10-11,16,3056
2019-10-12,16,3000
2019-10-13,16,0.0
2019-10-14,16,2964
2019-10-15,16,2946
2019-10-16,16,2946
2019-10-17,16,2859
2019-10-18,16,2854
2019-10-19,16,2688
2019-10-20,16,0.0
2019-10-21,16,2813
2019-10-22,16,2938
2019-10-23,16,2859
2019-10-24,16,2875
2019-10-25,16,2911
2019-10-26,16,3031
2019-10-27,16,0.0
2019-10-28,16,0.0
2019-10-29,16,3156
2019-10-30,16,3375
2019-10-31,16,3375
2019-11-01,16,3607
2019-11-02,16,3972
2019-11-03,16,0.0
2019-11-04,16,0.0
2019-11-05,16,0.0
2019-11-06,16,3563
2019-11-07,16,3513
2019-11-08,16,3472
2019-11-09,16,0.0
2019-11-10,16,0.0
2019-11-11,16,0.0
2019-11-12,16,0.0
2019-11-13,16,0.0
2019-11-14,16,0.0
2019-11-15,16,0.0
2019-11-16,16,0.0
2019-11-17,16,0.0
2019-11-18,16,3766
2019-11-19,16,3766
2019-11-20,16,0.0
2019-11-21,16,0.0
2019-11-22,16,0.0
2019-11-23,16,0.0
2019-11-24,16,0.0
2019-11-25,16,0.0
2019-11-26,16,0.0
2019-11-27,16,0.0
2019-11-28,16,0.0
2019-11-29,16,0.0
2019-11-30,16,0.0
2019-12-01,16,0.0
2019-12-02,16,0.0
2019-12-03,16,0.0
2019-12-04,16,0.0
2019-12-05,16,0.0
2019-12-06,16,0.0
2019-12-07,16,0.0
2019-12-08,16,0.0
2019-12-09,16,0.0
2019-12-10,16,0.0
2019-12-11,16,0.0
2019-12-12,16,0.0
2019-12-13,16,0.0
2019-12-14,16,0.0
2019-12-15,16,0.0
2019-12-16,16,0.0
2019-12-17,16,0.0
2019-12-18,16,0.0
2019-12-19,16,0.0
2019-12-20,16,0.0
2019-12-21,16,0.0
2019-12-22,16,0.0
2019-12-23,16,0.0
2019-12-24,16,0.0
2019-12-25,16,0.0
2019-12-26,16,0.0
2019-12-27,16,0.0
2019-12-28,16,0.0
2019-12-29,16,0.0
2019-12-30,16,0.0
2019-12-31,16,0.0
