2006-01-01,7,0.0
2006-01-02,7,0.0
2006-01-03,7,1549
2006-01-04,7,2303
2006-01-05,7,1436
2006-01-06,7,2070
2006-01-07,7,2264
2006-01-08,7,0.0
2006-01-09,7,2352
2006-01-10,7,1598
2006-01-11,7,0.0
2006-01-12,7,0.0
2006-01-13,7,1584
2006-01-14,7,0.0
2006-01-15,7,0.0
2006-01-16,7,1983
2006-01-17,7,1579
2006-01-18,7,1532
2006-01-19,7,1574
2006-01-20,7,1438
2006-01-21,7,1408
2006-01-22,7,0.0
2006-01-23,7,0.0
2006-01-24,7,1462
2006-01-25,7,1360
2006-01-26,7,0.0
2006-01-27,7,2479
2006-01-28,7,0.0
2006-01-29,7,0.0
2006-01-30,7,1606
2006-01-31,7,1490
2006-02-01,7,1349
2006-02-02,7,1403
2006-02-03,7,1921
2006-02-04,7,1265
2006-02-05,7,0.0
2006-02-06,7,1456
2006-02-07,7,1029
2006-02-08,7,1198
2006-02-09,7,0.0
2006-02-10,7,1198
2006-02-11,7,0.0
2006-02-12,7,0.0
2006-02-13,7,3228
2006-02-14,7,957
2006-02-15,7,1279
2006-02-16,7,1179
2006-02-17,7,0.0
2006-02-18,7,1377
2006-02-19,7,0.0
2006-02-20,7,1920
2006-02-21,7,1303
2006-02-22,7,1301
2006-02-23,7,1506
2006-02-24,7,1173
2006-02-25,7,1414
2006-02-26,7,0.0
2006-02-27,7,1770
2006-02-28,7,1366
2006-03-01,7,985
2006-03-02,7,1065
2006-03-03,7,1096
2006-03-04,7,1294
2006-03-05,7,0.0
2006-03-06,7,1935
2006-03-07,7,1335
2006-03-08,7,915
2006-03-09,7,899
2006-03-10,7,941
2006-03-11,7,0.0
2006-03-12,7,0.0
2006-03-13,7,2312
2006-03-14,7,2298
2006-03-15,7,1075
2006-03-16,7,1219
2006-03-17,7,1562
2006-03-18,7,1594
2006-03-19,7,0.0
2006-03-20,7,1587
2006-03-21,7,1412
2006-03-22,7,1522
2006-03-23,7,1252
2006-03-24,7,1094
2006-03-25,7,1405
2006-03-26,7,0.0
2006-03-27,7,1749
2006-03-28,7,1169
2006-03-29,7,1003
2006-03-30,7,0.0
2006-03-31,7,1070
2006-04-01,7,933
2006-04-02,7,0.0
2006-04-03,7,1801
2006-04-04,7,1240
2006-04-05,7,1458
2006-04-06,7,1656
2006-04-07,7,1740
2006-04-08,7,0.0
2006-04-09,7,0.0
2006-04-10,7,3328
2006-04-11,7,0.0
2006-04-12,7,2537
2006-04-13,7,0.0
2006-04-14,7,0.0
2006-04-15,7,3666
2006-04-16,7,0.0
2006-04-17,7,1689
2006-04-18,7,1532
2006-04-19,7,1600
2006-04-20,7,1411
2006-04-21,7,1478
2006-04-22,7,1264
2006-04-23,7,0.0
2006-04-24,7,1865
2006-04-25,7,1137
2006-04-26,7,1246
2006-04-27,7,1239
2006-04-28,7,1765
2006-04-29,7,2032
2006-04-30,7,0.0
2006-05-01,7,0.0
2006-05-02,7,2804
2006-05-03,7,1663
2006-05-04,7,1418
2006-05-05,7,1524
2006-05-06,7,1732
2006-05-07,7,0.0
2006-05-08,7,1258
2006-05-09,7,7221
2006-05-10,7,1008
2006-05-11,7,773
2006-05-12,7,820
2006-05-13,7,0.0
2006-05-14,7,0.0
2006-05-15,7,2724
2006-05-16,7,1114
2006-05-17,7,1253
2006-05-18,7,956
2006-05-19,7,1083
2006-05-20,7,1493
2006-05-21,7,0.0
2006-05-22,7,2125
2006-05-23,7,1182
2006-05-24,7,1191
2006-05-25,7,0.0
2006-05-26,7,1110
2006-05-27,7,1400
2006-05-28,7,0.0
2006-05-29,7,1500
2006-05-30,7,1011
2006-05-31,7,954
2006-06-01,7,930
2006-06-02,7,907
2006-06-03,7,950
2006-06-04,7,0.0
2006-06-05,7,1176
2006-06-06,7,930
2006-06-07,7,882
2006-06-08,7,1362
2006-06-09,7,1586
2006-06-10,7,0.0
2006-06-11,7,0.0
2006-06-12,7,3832
2006-06-13,7,797
2006-06-14,7,768
2006-06-15,7,1014
2006-06-16,7,1090
2006-06-17,7,1436
2006-06-18,7,0.0
2006-06-19,7,1667
2006-06-20,7,871
2006-06-21,7,0.0
2006-06-22,7,1189
2006-06-23,7,1353
2006-06-24,7,0.0
2006-06-25,7,0.0
2006-06-26,7,0.0
2006-06-27,7,0.0
2006-06-28,7,0.0
2006-06-29,7,1321
2006-06-30,7,1213
2006-07-01,7,0.0
2006-07-02,7,0.0
2006-07-03,7,5340
2006-07-04,7,1017
2006-07-05,7,1117
2006-07-06,7,779
2006-07-07,7,1747
2006-07-08,7,0.0
2006-07-09,7,0.0
2006-07-10,7,2303
2006-07-11,7,0.0
2006-07-12,7,1248
2006-07-13,7,1167
2006-07-14,7,919
2006-07-15,7,0.0
2006-07-16,7,0.0
2006-07-17,7,1106
2006-07-18,7,861
2006-07-19,7,900
2006-07-20,7,1384
2006-07-21,7,1437
2006-07-22,7,1458
2006-07-23,7,0.0
2006-07-24,7,1124
2006-07-25,7,889
2006-07-26,7,924
2006-07-27,7,832
2006-07-28,7,982
2006-07-29,7,1035
2006-07-30,7,0.0
2006-07-31,7,1228
2006-08-01,7,998
2006-08-02,7,933
2006-08-03,7,1178
2006-08-04,7,1547
2006-08-05,7,1709
2006-08-06,7,0.0
2006-08-07,7,1641
2006-08-08,7,561
2006-08-09,7,559
2006-08-10,7,853
2006-08-11,7,946
2006-08-12,7,0.0
2006-08-13,7,0.0
2006-08-14,7,1655
2006-08-15,7,0.0
2006-08-16,7,1334
2006-08-17,7,1019
2006-08-18,7,0.0
2006-08-19,7,9617
2006-08-20,7,0.0
2006-08-21,7,2148
2006-08-22,7,1355
2006-08-23,7,1259
2006-08-24,7,1225
2006-08-25,7,1324
2006-08-26,7,968
2006-08-27,7,0.0
2006-08-28,7,1217
2006-08-29,7,768
2006-08-30,7,0.0
2006-08-31,7,753
2006-09-01,7,824
2006-09-02,7,1717
2006-09-03,7,0.0
2006-09-04,7,2436
2006-09-05,7,16976
2006-09-06,7,133
2006-09-07,7,1200
2006-09-08,7,1512
2006-09-09,7,0.0
2006-09-10,7,0.0
2006-09-11,7,3090
2006-09-12,7,1246
2006-09-13,7,720
2006-09-14,7,800
2006-09-15,7,0.0
2006-09-16,7,1463
2006-09-17,7,0.0
2006-09-18,7,2111
2006-09-19,7,1244
2006-09-20,7,1626
2006-09-21,7,0.0
2006-09-22,7,3999
2006-09-23,7,0.0
2006-09-24,7,0.0
2006-09-25,7,2672
2006-09-26,7,2325
2006-09-27,7,0.0
2006-09-28,7,0.0
2006-09-29,7,2550
2006-09-30,7,1972
2006-10-01,7,0.0
2006-10-02,7,0.0
2006-10-03,7,4238
2006-10-04,7,301
2006-10-05,7,3328
2006-10-06,7,3649
2006-10-07,7,0.0
2006-10-08,7,0.0
2006-10-09,7,4785
2006-10-10,7,4678
2006-10-11,7,3437
2006-10-12,7,3757
2006-10-13,7,3920
2006-10-14,7,0.0
2006-10-15,7,0.0
2006-10-16,7,4249
2006-10-17,7,0.0
2006-10-18,7,0.0
2006-10-19,7,0.0
2006-10-20,7,0.0
2006-10-21,7,0.0
2006-10-22,7,0.0
2006-10-23,7,0.0
2006-10-24,7,0.0
2006-10-25,7,0.0
2006-10-26,7,3228
2006-10-27,7,5001
2006-10-28,7,5518
2006-10-29,7,0.0
2006-10-30,7,6432
2006-10-31,7,7226
2006-11-01,7,0.0
2006-11-02,7,8083
2006-11-03,7,6612
2006-11-04,7,5393
2006-11-05,7,0.0
2006-11-06,7,4443
2006-11-07,7,4655
2006-11-08,7,0.0
2006-11-09,7,6541
2006-11-10,7,5643
2006-11-11,7,0.0
2006-11-12,7,0.0
2006-11-13,7,6759
2006-11-14,7,4318
2006-11-15,7,3210
2006-11-16,7,3308
2006-11-17,7,3324
2006-11-18,7,2634
2006-11-19,7,0.0
2006-11-20,7,3899
2006-11-21,7,3920
2006-11-22,7,0.0
2006-11-23,7,3474
2006-11-24,7,3352
2006-11-25,7,2603
2006-11-26,7,0.0
2006-11-27,7,3870
2006-11-28,7,2840
2006-11-29,7,2298
2006-11-30,7,0.0
2006-12-01,7,3032
2006-12-02,7,0.0
2006-12-03,7,0.0
2006-12-04,7,4015
2006-12-05,7,3010
2006-12-06,7,1896
2006-12-07,7,0.0
2006-12-08,7,0.0
2006-12-09,7,0.0
2006-12-10,7,0.0
2006-12-11,7,0.0
2006-12-12,7,0.0
2006-12-13,7,0.0
2006-12-14,7,2656
2006-12-15,7,2425
2006-12-16,7,2833
2006-12-17,7,0.0
2006-12-18,7,3152
2006-12-19,7,2622
2006-12-20,7,1796
2006-12-21,7,0.0
2006-12-22,7,0.0
2006-12-23,7,1720
2006-12-24,7,0.0
2006-12-25,7,0.0
2006-12-26,7,3691
2006-12-27,7,2222
2006-12-28,7,0.0
2006-12-29,7,0.0
2006-12-30,7,0.0
2006-12-31,7,0.0
2007-01-01,7,0.0
2007-01-02,7,3071
2007-01-03,7,1127
2007-01-04,7,1423
2007-01-05,7,0.0
2007-01-06,7,0.0
2007-01-07,7,0.0
2007-01-08,7,1466
2007-01-09,7,1190
2007-01-10,7,1250
2007-01-11,7,1464
2007-01-12,7,0.0
2007-01-13,7,0.0
2007-01-14,7,0.0
2007-01-15,7,0.0
2007-01-16,7,0.0
2007-01-17,7,0.0
2007-01-18,7,1170
2007-01-19,7,1220
2007-01-20,7,1618
2007-01-21,7,0.0
2007-01-22,7,1738
2007-01-23,7,1293
2007-01-24,7,528
2007-01-25,7,39
2007-01-26,7,0.0
2007-01-27,7,446
2007-01-28,7,0.0
2007-01-29,7,1610
2007-01-30,7,0.0
2007-01-31,7,0.0
2007-02-01,7,0.0
2007-02-02,7,0.0
2007-02-03,7,0.0
2007-02-04,7,0.0
2007-02-05,7,0.0
2007-02-06,7,0.0
2007-02-07,7,0.0
2007-02-08,7,0.0
2007-02-09,7,0.0
2007-02-10,7,0.0
2007-02-11,7,0.0
2007-02-12,7,0.0
2007-02-13,7,0.0
2007-02-14,7,1177
2007-02-15,7,1039
2007-02-16,7,0.0
2007-02-17,7,0.0
2007-02-18,7,0.0
2007-02-19,7,0.0
2007-02-20,7,532
2007-02-21,7,0.0
2007-02-22,7,0.0
2007-02-23,7,1289
2007-02-24,7,1073
2007-02-25,7,0.0
2007-02-26,7,0.0
2007-02-27,7,0.0
2007-02-28,7,0.0
2007-03-01,7,0.0
2007-03-02,7,0.0
2007-03-03,7,733
2007-03-04,7,0.0
2007-03-05,7,954
2007-03-06,7,1221
2007-03-07,7,702
2007-03-08,7,568
2007-03-09,7,821
2007-03-10,7,0.0
2007-03-11,7,0.0
2007-03-12,7,0.0
2007-03-13,7,870
2007-03-14,7,958
2007-03-15,7,0.0
2007-03-16,7,1297
2007-03-17,7,1650
2007-03-18,7,0.0
2007-03-19,7,0.0
2007-03-20,7,1262
2007-03-21,7,645
2007-03-22,7,867
2007-03-23,7,0.0
2007-03-24,7,1197
2007-03-25,7,0.0
2007-03-26,7,0.0
2007-03-27,7,438
2007-03-28,7,710
2007-03-29,7,1021
2007-03-30,7,924
2007-03-31,7,0.0
2007-04-01,7,0.0
2007-04-02,7,2048
2007-04-03,7,1098
2007-04-04,7,862
2007-04-05,7,1270
2007-04-06,7,0.0
2007-04-07,7,2304
2007-04-08,7,0.0
2007-04-09,7,0.0
2007-04-10,7,1314
2007-04-11,7,1104
2007-04-12,7,951
2007-04-13,7,744
2007-04-14,7,0.0
2007-04-15,7,0.0
2007-04-16,7,2341
2007-04-17,7,1271
2007-04-18,7,1182
2007-04-19,7,1048
2007-04-20,7,0.0
2007-04-21,7,1796
2007-04-22,7,0.0
2007-04-23,7,1336
2007-04-24,7,1056
2007-04-25,7,764
2007-04-26,7,710
2007-04-27,7,915
2007-04-28,7,947
2007-04-29,7,0.0
2007-04-30,7,2066
2007-05-01,7,0.0
2007-05-02,7,2404
2007-05-03,7,0.0
2007-05-04,7,0.0
2007-05-05,7,1001
2007-05-06,7,0.0
2007-05-07,7,1535
2007-05-08,7,1235
2007-05-09,7,1043
2007-05-10,7,1275
2007-05-11,7,1002
2007-05-12,7,0.0
2007-05-13,7,0.0
2007-05-14,7,2670
2007-05-15,7,1036
2007-05-16,7,918
2007-05-17,7,1069
2007-05-18,7,1173
2007-05-19,7,0.0
2007-05-20,7,0.0
2007-05-21,7,1852
2007-05-22,7,1028
2007-05-23,7,895
2007-05-24,7,665
2007-05-25,7,0.0
2007-05-26,7,0.0
2007-05-27,7,0.0
2007-05-28,7,1474
2007-05-29,7,605
2007-05-30,7,723
2007-05-31,7,1242
2007-06-01,7,1037
2007-06-02,7,1575
2007-06-03,7,0.0
2007-06-04,7,1617
2007-06-05,7,720
2007-06-06,7,759
2007-06-07,7,1194
2007-06-08,7,1057
2007-06-09,7,0.0
2007-06-10,7,0.0
2007-06-11,7,2885
2007-06-12,7,1025
2007-06-13,7,961
2007-06-14,7,798
2007-06-15,7,820
2007-06-16,7,857
2007-06-17,7,0.0
2007-06-18,7,2016
2007-06-19,7,1421
2007-06-20,7,1229
2007-06-21,7,1322
2007-06-22,7,627
2007-06-23,7,542
2007-06-24,7,0.0
2007-06-25,7,1413
2007-06-26,7,1514
2007-06-27,7,1109
2007-06-28,7,1151
2007-06-29,7,905
2007-06-30,7,1203
2007-07-01,7,0.0
2007-07-02,7,1470
2007-07-03,7,559
2007-07-04,7,988
2007-07-05,7,1140
2007-07-06,7,1233
2007-07-07,7,1473
2007-07-08,7,0.0
2007-07-09,7,0.0
2007-07-10,7,1726
2007-07-11,7,683
2007-07-12,7,1566
2007-07-13,7,1407
2007-07-14,7,0.0
2007-07-15,7,0.0
2007-07-16,7,2231
2007-07-17,7,623
2007-07-18,7,752
2007-07-19,7,1112
2007-07-20,7,1261
2007-07-21,7,701
2007-07-22,7,0.0
2007-07-23,7,1029
2007-07-24,7,1122
2007-07-25,7,1003
2007-07-26,7,777
2007-07-27,7,802
2007-07-28,7,828
2007-07-29,7,0.0
2007-07-30,7,1639
2007-07-31,7,2004
2007-08-01,7,760
2007-08-02,7,0.0
2007-08-03,7,0.0
2007-08-04,7,0.0
2007-08-05,7,0.0
2007-08-06,7,26
2007-08-07,7,0.0
2007-08-08,7,1163
2007-08-09,7,1198
2007-08-10,7,1288
2007-08-11,7,0.0
2007-08-12,7,0.0
2007-08-13,7,2747
2007-08-14,7,1703
2007-08-15,7,0.0
2007-08-16,7,1801
2007-08-17,7,1116
2007-08-18,7,0.0
2007-08-19,7,0.0
2007-08-20,7,1739
2007-08-21,7,1666
2007-08-22,7,1674
2007-08-23,7,1922
2007-08-24,7,725
2007-08-25,7,1297
2007-08-26,7,0.0
2007-08-27,7,2181
2007-08-28,7,1772
2007-08-29,7,1638
2007-08-30,7,2156
2007-08-31,7,2080
2007-09-01,7,2074
2007-09-02,7,0.0
2007-09-03,7,2376
2007-09-04,7,1715
2007-09-05,7,1878
2007-09-06,7,2503
2007-09-07,7,2576
2007-09-08,7,0.0
2007-09-09,7,0.0
2007-09-10,7,0.0
2007-09-11,7,2706
2007-09-12,7,2500
2007-09-13,7,3020
2007-09-14,7,2861
2007-09-15,7,0.0
2007-09-16,7,0.0
2007-09-17,7,2408
2007-09-18,7,1932
2007-09-19,7,1642
2007-09-20,7,2481
2007-09-21,7,3525
2007-09-22,7,3923
2007-09-23,7,0.0
2007-09-24,7,4178
2007-09-25,7,3972
2007-09-26,7,3329
2007-09-27,7,4797
2007-09-28,7,4487
2007-09-29,7,5770
2007-09-30,7,0.0
2007-10-01,7,6882
2007-10-02,7,0.0
2007-10-03,7,8300
2007-10-04,7,6971
2007-10-05,7,7694
2007-10-06,7,8274
2007-10-07,7,0.0
2007-10-08,7,7026
2007-10-09,7,7534
2007-10-10,7,0.0
2007-10-11,7,0.0
2007-10-12,7,17394
2007-10-13,7,0.0
2007-10-14,7,0.0
2007-10-15,7,5671
2007-10-16,7,6143
2007-10-17,7,7845
2007-10-18,7,5403
2007-10-19,7,8111
2007-10-20,7,0.0
2007-10-21,7,0.0
2007-10-22,7,6258
2007-10-23,7,4768
2007-10-24,7,5439
2007-10-25,7,4575
2007-10-26,7,4068
2007-10-27,7,4434
2007-10-28,7,0.0
2007-10-29,7,5615
2007-10-30,7,4096
2007-10-31,7,4059
2007-11-01,7,0.0
2007-11-02,7,6832
2007-11-03,7,5902
2007-11-04,7,0.0
2007-11-05,7,7535
2007-11-06,7,4201
2007-11-07,7,4396
2007-11-08,7,0.0
2007-11-09,7,3532
2007-11-10,7,0.0
2007-11-11,7,0.0
2007-11-12,7,3105
2007-11-13,7,3248
2007-11-14,7,3425
2007-11-15,7,3395
2007-11-16,7,3427
2007-11-17,7,4677
2007-11-18,7,0.0
2007-11-19,7,4723
2007-11-20,7,4515
2007-11-21,7,4240
2007-11-22,7,3635
2007-11-23,7,2557
2007-11-24,7,1560
2007-11-25,7,0.0
2007-11-26,7,3241
2007-11-27,7,3878
2007-11-28,7,4031
2007-11-29,7,4004
2007-11-30,7,3960
2007-12-01,7,3572
2007-12-02,7,0.0
2007-12-03,7,3074
2007-12-04,7,2173
2007-12-05,7,3170
2007-12-06,7,3190
2007-12-07,7,3915
2007-12-08,7,0.0
2007-12-09,7,0.0
2007-12-10,7,6500
2007-12-11,7,2070
2007-12-12,7,2556
2007-12-13,7,2798
2007-12-14,7,3180
2007-12-15,7,2640
2007-12-16,7,0.0
2007-12-17,7,3843
2007-12-18,7,4076
2007-12-19,7,2653
2007-12-20,7,2611
2007-12-21,7,0.0
2007-12-22,7,1507
2007-12-23,7,0.0
2007-12-24,7,0.0
2007-12-25,7,0.0
2007-12-26,7,0.0
2007-12-27,7,0.0
2007-12-28,7,0.0
2007-12-29,7,0.0
2007-12-30,7,0.0
2007-12-31,7,0.0
2008-01-01,7,0.0
2008-01-02,7,0.0
2008-01-03,7,0.0
2008-01-04,7,0.0
2008-01-05,7,0.0
2008-01-06,7,0.0
2008-01-07,7,2414
2008-01-08,7,1966
2008-01-09,7,1451
2008-01-10,7,1265
2008-01-11,7,0.0
2008-01-12,7,0.0
2008-01-13,7,0.0
2008-01-14,7,5230
2008-01-15,7,0.0
2008-01-16,7,1564
2008-01-17,7,1362
2008-01-18,7,1483
2008-01-19,7,0.0
2008-01-20,7,0.0
2008-01-21,7,2384
2008-01-22,7,1183
2008-01-23,7,1445
2008-01-24,7,1533
2008-01-25,7,2179
2008-01-26,7,0.0
2008-01-27,7,0.0
2008-01-28,7,2836
2008-01-29,7,1844
2008-01-30,7,0.0
2008-01-31,7,0.0
2008-02-01,7,0.0
2008-02-02,7,0.0
2008-02-03,7,0.0
2008-02-04,7,0.0
2008-02-05,7,1282
2008-02-06,7,0.0
2008-02-07,7,0.0
2008-02-08,7,0.0
2008-02-09,7,0.0
2008-02-10,7,0.0
2008-02-11,7,2830
2008-02-12,7,949
2008-02-13,7,1104
2008-02-14,7,925
2008-02-15,7,864
2008-02-16,7,1378
2008-02-17,7,0.0
2008-02-18,7,1922
2008-02-19,7,1278
2008-02-20,7,1265
2008-02-21,7,1152
2008-02-22,7,1547
2008-02-23,7,1694
2008-02-24,7,0.0
2008-02-25,7,1200
2008-02-26,7,688
2008-02-27,7,699
2008-02-28,7,946
2008-02-29,7,1087
2008-03-01,7,1514
2008-03-02,7,0.0
2008-03-03,7,1679
2008-03-04,7,1602
2008-03-05,7,0.0
2008-03-06,7,2254
2008-03-07,7,0.0
2008-03-08,7,0.0
2008-03-09,7,0.0
2008-03-10,7,0.0
2008-03-11,7,0.0
2008-03-12,7,0.0
2008-03-13,7,0.0
2008-03-14,7,0.0
2008-03-15,7,1178
2008-03-16,7,0.0
2008-03-17,7,1581
2008-03-18,7,1671
2008-03-19,7,1562
2008-03-20,7,0.0
2008-03-21,7,0.0
2008-03-22,7,0.0
2008-03-23,7,0.0
2008-03-24,7,2800
2008-03-25,7,593
2008-03-26,7,631
2008-03-27,7,1279
2008-03-28,7,1500
2008-03-29,7,1434
2008-03-30,7,0.0
2008-03-31,7,2188
2008-04-01,7,1334
2008-04-02,7,1273
2008-04-03,7,1800
2008-04-04,7,1825
2008-04-05,7,1236
2008-04-06,7,0.0
2008-04-07,7,0.0
2008-04-08,7,1800
2008-04-09,7,1000
2008-04-10,7,1395
2008-04-11,7,958
2008-04-12,7,0.0
2008-04-13,7,0.0
2008-04-14,7,0.0
2008-04-15,7,6225
2008-04-16,7,1069
2008-04-17,7,1286
2008-04-18,7,0.0
2008-04-19,7,1833
2008-04-20,7,0.0
2008-04-21,7,1247
2008-04-22,7,967
2008-04-23,7,574
2008-04-24,7,1014
2008-04-25,7,1080
2008-04-26,7,0.0
2008-04-27,7,0.0
2008-04-28,7,1761
2008-04-29,7,1460
2008-04-30,7,1033
2008-05-01,7,0.0
2008-05-02,7,0.0
2008-05-03,7,1589
2008-05-04,7,0.0
2008-05-05,7,2506
2008-05-06,7,0.0
2008-05-07,7,0.0
2008-05-08,7,0.0
2008-05-09,7,0.0
2008-05-10,7,0.0
2008-05-11,7,0.0
2008-05-12,7,0.0
2008-05-13,7,0.0
2008-05-14,7,0.0
2008-05-15,7,0.0
2008-05-16,7,1271
2008-05-17,7,1701
2008-05-18,7,0.0
2008-05-19,7,0.0
2008-05-20,7,1650
2008-05-21,7,994
2008-05-22,7,883
2008-05-23,7,741
2008-05-24,7,756
2008-05-25,7,0.0
2008-05-26,7,0.0
2008-05-27,7,1482
2008-05-28,7,0.0
2008-05-29,7,1079
2008-05-30,7,1065
2008-05-31,7,1075
2008-06-01,7,0.0
2008-06-02,7,1774
2008-06-03,7,0.0
2008-06-04,7,944
2008-06-05,7,958
2008-06-06,7,1298
2008-06-07,7,0.0
2008-06-08,7,0.0
2008-06-09,7,2849
2008-06-10,7,1409
2008-06-11,7,0.0
2008-06-12,7,994
2008-06-13,7,0.0
2008-06-14,7,0.0
2008-06-15,7,0.0
2008-06-16,7,0.0
2008-06-17,7,1368
2008-06-18,7,955
2008-06-19,7,1215
2008-06-20,7,1256
2008-06-21,7,1061
2008-06-22,7,0.0
2008-06-23,7,1255
2008-06-24,7,972
2008-06-25,7,1234
2008-06-26,7,1150
2008-06-27,7,1488
2008-06-28,7,1372
2008-06-29,7,0.0
2008-06-30,7,1412
2008-07-01,7,1336
2008-07-02,7,1491
2008-07-03,7,1361
2008-07-04,7,0.0
2008-07-05,7,0.0
2008-07-06,7,0.0
2008-07-07,7,1345
2008-07-08,7,1028
2008-07-09,7,0.0
2008-07-10,7,0.0
2008-07-11,7,1418
2008-07-12,7,0.0
2008-07-13,7,0.0
2008-07-14,7,2954
2008-07-15,7,965
2008-07-16,7,1043
2008-07-17,7,1161
2008-07-18,7,880
2008-07-19,7,760
2008-07-20,7,0.0
2008-07-21,7,1492
2008-07-22,7,1526
2008-07-23,7,1151
2008-07-24,7,1518
2008-07-25,7,1010
2008-07-26,7,1059
2008-07-27,7,0.0
2008-07-28,7,991
2008-07-29,7,0.0
2008-07-30,7,1093
2008-07-31,7,1371
2008-08-01,7,0.0
2008-08-02,7,1181
2008-08-03,7,0.0
2008-08-04,7,1179
2008-08-05,7,853
2008-08-06,7,903
2008-08-07,7,936
2008-08-08,7,1511
2008-08-09,7,0.0
2008-08-10,7,0.0
2008-08-11,7,3641
2008-08-12,7,1009
2008-08-13,7,1417
2008-08-14,7,1520
2008-08-15,7,0.0
2008-08-16,7,0.0
2008-08-17,7,0.0
2008-08-18,7,929
2008-08-19,7,775
2008-08-20,7,704
2008-08-21,7,1040
2008-08-22,7,1117
2008-08-23,7,1497
2008-08-24,7,0.0
2008-08-25,7,2262
2008-08-26,7,1663
2008-08-27,7,1614
2008-08-28,7,2056
2008-08-29,7,2186
2008-08-30,7,1723
2008-08-31,7,0.0
2008-09-01,7,1516
2008-09-02,7,1321
2008-09-03,7,0.0
2008-09-04,7,1664
2008-09-05,7,0.0
2008-09-06,7,1994
2008-09-07,7,0.0
2008-09-08,7,2339
2008-09-09,7,2312
2008-09-10,7,0.0
2008-09-11,7,0.0
2008-09-12,7,0.0
2008-09-13,7,0.0
2008-09-14,7,0.0
2008-09-15,7,0.0
2008-09-16,7,0.0
2008-09-17,7,0.0
2008-09-18,7,0.0
2008-09-19,7,0.0
2008-09-20,7,0.0
2008-09-21,7,0.0
2008-09-22,7,0.0
2008-09-23,7,0.0
2008-09-24,7,1493
2008-09-25,7,2328
2008-09-26,7,2551
2008-09-27,7,2928
2008-09-28,7,0.0
2008-09-29,7,0.0
2008-09-30,7,0.0
2008-10-01,7,451
2008-10-02,7,0.0
2008-10-03,7,6207
2008-10-04,7,0.0
2008-10-05,7,0.0
2008-10-06,7,0.0
2008-10-07,7,3980
2008-10-08,7,0.0
2008-10-09,7,0.0
2008-10-10,7,0.0
2008-10-11,7,0.0
2008-10-12,7,0.0
2008-10-13,7,10849
2008-10-14,7,7263
2008-10-15,7,0.0
2008-10-16,7,6173
2008-10-17,7,4678
2008-10-18,7,3142
2008-10-19,7,0.0
2008-10-20,7,0.0
2008-10-21,7,4990
2008-10-22,7,0.0
2008-10-23,7,3417
2008-10-24,7,0.0
2008-10-25,7,0.0
2008-10-26,7,0.0
2008-10-27,7,0.0
2008-10-28,7,5728
2008-10-29,7,0.0
2008-10-30,7,2978
2008-10-31,7,0.0
2008-11-01,7,0.0
2008-11-02,7,0.0
2008-11-03,7,6686
2008-11-04,7,5187
2008-11-05,7,4605
2008-11-06,7,0.0
2008-11-07,7,5053
2008-11-08,7,0.0
2008-11-09,7,0.0
2008-11-10,7,7349
2008-11-11,7,2758
2008-11-12,7,2663
2008-11-13,7,0.0
2008-11-14,7,0.0
2008-11-15,7,0.0
2008-11-16,7,0.0
2008-11-17,7,5114
2008-11-18,7,0.0
2008-11-19,7,0.0
2008-11-20,7,0.0
2008-11-21,7,2370
2008-11-22,7,2856
2008-11-23,7,0.0
2008-11-24,7,0.0
2008-11-25,7,3069
2008-11-26,7,0.0
2008-11-27,7,2943
2008-11-28,7,0.0
2008-11-29,7,0.0
2008-11-30,7,0.0
2008-12-01,7,1598
2008-12-02,7,2191
2008-12-03,7,2196
2008-12-04,7,2705
2008-12-05,7,0.0
2008-12-06,7,0.0
2008-12-07,7,0.0
2008-12-08,7,0.0
2008-12-09,7,0.0
2008-12-10,7,3275
2008-12-11,7,0.0
2008-12-12,7,2677
2008-12-13,7,0.0
2008-12-14,7,0.0
2008-12-15,7,0.0
2008-12-16,7,0.0
2008-12-17,7,0.0
2008-12-18,7,0.0
2008-12-19,7,0.0
2008-12-20,7,0.0
2008-12-21,7,0.0
2008-12-22,7,0.0
2008-12-23,7,0.0
2008-12-24,7,0.0
2008-12-25,7,0.0
2008-12-26,7,0.0
2008-12-27,7,0.0
2008-12-28,7,0.0
2008-12-29,7,0.0
2008-12-30,7,0.0
2008-12-31,7,0.0
2009-01-01,7,0.0
2009-01-02,7,0.0
2009-01-03,7,0.0
2009-01-04,7,0.0
2009-01-05,7,0.0
2009-01-06,7,0.0
2009-01-07,7,0.0
2009-01-08,7,0.0
2009-01-09,7,0.0
2009-01-10,7,0.0
2009-01-11,7,0.0
2009-01-12,7,0.0
2009-01-13,7,0.0
2009-01-14,7,0.0
2009-01-15,7,0.0
2009-01-16,7,0.0
2009-01-17,7,0.0
2009-01-18,7,0.0
2009-01-19,7,1884
2009-01-20,7,0.0
2009-01-21,7,0.0
2009-01-22,7,1236
2009-01-23,7,0.0
2009-01-24,7,0.0
2009-01-25,7,0.0
2009-01-26,7,0.0
2009-01-27,7,2127
2009-01-28,7,1692
2009-01-29,7,1442
2009-01-30,7,0.0
2009-01-31,7,1584
2009-02-01,7,0.0
2009-02-02,7,0.0
2009-02-03,7,0.0
2009-02-04,7,0.0
2009-02-05,7,1168
2009-02-06,7,1262
2009-02-07,7,0.0
2009-02-08,7,0.0
2009-02-09,7,0.0
2009-02-10,7,1055
2009-02-11,7,0.0
2009-02-12,7,0.0
2009-02-13,7,0.0
2009-02-14,7,0.0
2009-02-15,7,0.0
2009-02-16,7,3044
2009-02-17,7,0.0
2009-02-18,7,0.0
2009-02-19,7,0.0
2009-02-20,7,1123
2009-02-21,7,0.0
2009-02-22,7,0.0
2009-02-23,7,0.0
2009-02-24,7,1872
2009-02-25,7,963
2009-02-26,7,1245
2009-02-27,7,1001
2009-02-28,7,1540
2009-03-01,7,0.0
2009-03-02,7,1787
2009-03-03,7,1097
2009-03-04,7,1084
2009-03-05,7,1383
2009-03-06,7,0.0
2009-03-07,7,0.0
2009-03-08,7,0.0
2009-03-09,7,0.0
2009-03-10,7,0.0
2009-03-11,7,0.0
2009-03-12,7,1098
2009-03-13,7,995
2009-03-14,7,0.0
2009-03-15,7,0.0
2009-03-16,7,0.0
2009-03-17,7,1032
2009-03-18,7,1222
2009-03-19,7,1451
2009-03-20,7,993
2009-03-21,7,0.0
2009-03-22,7,0.0
2009-03-23,7,0.0
2009-03-24,7,0.0
2009-03-25,7,0.0
2009-03-26,7,0.0
2009-03-27,7,0.0
2009-03-28,7,0.0
2009-03-29,7,0.0
2009-03-30,7,907
2009-03-31,7,578
2009-04-01,7,830
2009-04-02,7,1057
2009-04-03,7,0.0
2009-04-04,7,1646
2009-04-05,7,0.0
2009-04-06,7,1666
2009-04-07,7,0.0
2009-04-08,7,2631
2009-04-09,7,0.0
2009-04-10,7,0.0
2009-04-11,7,0.0
2009-04-12,7,0.0
2009-04-13,7,0.0
2009-04-14,7,0.0
2009-04-15,7,1538
2009-04-16,7,1094
2009-04-17,7,1289
2009-04-18,7,0.0
2009-04-19,7,0.0
2009-04-20,7,1811
2009-04-21,7,0.0
2009-04-22,7,1221
2009-04-23,7,0.0
2009-04-24,7,0.0
2009-04-25,7,0.0
2009-04-26,7,0.0
2009-04-27,7,0.0
2009-04-28,7,0.0
2009-04-29,7,0.0
2009-04-30,7,0.0
2009-05-01,7,0.0
2009-05-02,7,0.0
2009-05-03,7,0.0
2009-05-04,7,1251
2009-05-05,7,879
2009-05-06,7,1280
2009-05-07,7,0.0
2009-05-08,7,1021
2009-05-09,7,0.0
2009-05-10,7,0.0
2009-05-11,7,0.0
2009-05-12,7,0.0
2009-05-13,7,0.0
2009-05-14,7,0.0
2009-05-15,7,0.0
2009-05-16,7,0.0
2009-05-17,7,0.0
2009-05-18,7,1347
2009-05-19,7,773
2009-05-20,7,1091
2009-05-21,7,0.0
2009-05-22,7,1036
2009-05-23,7,1225
2009-05-24,7,0.0
2009-05-25,7,1793
2009-05-26,7,1222
2009-05-27,7,1242
2009-05-28,7,1104
2009-05-29,7,919
2009-05-30,7,953
2009-05-31,7,0.0
2009-06-01,7,1271
2009-06-02,7,1041
2009-06-03,7,1051
2009-06-04,7,1110
2009-06-05,7,877
2009-06-06,7,0.0
2009-06-07,7,0.0
2009-06-08,7,1798
2009-06-09,7,843
2009-06-10,7,827
2009-06-11,7,0.0
2009-06-12,7,1333
2009-06-13,7,0.0
2009-06-14,7,0.0
2009-06-15,7,2881
2009-06-16,7,973
2009-06-17,7,990
2009-06-18,7,961
2009-06-19,7,0.0
2009-06-20,7,1058
2009-06-21,7,0.0
2009-06-22,7,1670
2009-06-23,7,1199
2009-06-24,7,1390
2009-06-25,7,1203
2009-06-26,7,1245
2009-06-27,7,742
2009-06-28,7,0.0
2009-06-29,7,854
2009-06-30,7,1248
2009-07-01,7,1033
2009-07-02,7,1145
2009-07-03,7,1288
2009-07-04,7,0.0
2009-07-05,7,0.0
2009-07-06,7,0.0
2009-07-07,7,1164
2009-07-08,7,1339
2009-07-09,7,0.0
2009-07-10,7,1515
2009-07-11,7,0.0
2009-07-12,7,0.0
2009-07-13,7,2698
2009-07-14,7,0.0
2009-07-15,7,1102
2009-07-16,7,978
2009-07-17,7,0.0
2009-07-18,7,0.0
2009-07-19,7,0.0
2009-07-20,7,1905
2009-07-21,7,0.0
2009-07-22,7,1205
2009-07-23,7,963
2009-07-24,7,987
2009-07-25,7,1115
2009-07-26,7,0.0
2009-07-27,7,0.0
2009-07-28,7,1302
2009-07-29,7,1052
2009-07-30,7,1531
2009-07-31,7,1222
2009-08-01,7,1627
2009-08-02,7,0.0
2009-08-03,7,1360
2009-08-04,7,1295
2009-08-05,7,1201
2009-08-06,7,1220
2009-08-07,7,1705
2009-08-08,7,0.0
2009-08-09,7,0.0
2009-08-10,7,0.0
2009-08-11,7,0.0
2009-08-12,7,1551
2009-08-13,7,1741
2009-08-14,7,2512
2009-08-15,7,0.0
2009-08-16,7,0.0
2009-08-17,7,3444
2009-08-18,7,0.0
2009-08-19,7,1891
2009-08-20,7,1789
2009-08-21,7,2139
2009-08-22,7,0.0
2009-08-23,7,0.0
2009-08-24,7,1699
2009-08-25,7,0.0
2009-08-26,7,0.0
2009-08-27,7,0.0
2009-08-28,7,0.0
2009-08-29,7,0.0
2009-08-30,7,0.0
2009-08-31,7,0.0
2009-09-01,7,0.0
2009-09-02,7,0.0
2009-09-03,7,0.0
2009-09-04,7,0.0
2009-09-05,7,0.0
2009-09-06,7,0.0
2009-09-07,7,2034
2009-09-08,7,0.0
2009-09-09,7,0.0
2009-09-10,7,0.0
2009-09-11,7,0.0
2009-09-12,7,0.0
2009-09-13,7,0.0
2009-09-14,7,0.0
2009-09-15,7,0.0
2009-09-16,7,0.0
2009-09-17,7,0.0
2009-09-18,7,0.0
2009-09-19,7,0.0
2009-09-20,7,0.0
2009-09-21,7,0.0
2009-09-22,7,0.0
2009-09-23,7,0.0
2009-09-24,7,0.0
2009-09-25,7,0.0
2009-09-26,7,0.0
2009-09-27,7,0.0
2009-09-28,7,0.0
2009-09-29,7,0.0
2009-09-30,7,0.0
2009-10-01,7,2610
2009-10-02,7,0.0
2009-10-03,7,5919
2009-10-04,7,0.0
2009-10-05,7,8329
2009-10-06,7,5868
2009-10-07,7,4174
2009-10-08,7,3860
2009-10-09,7,4003
2009-10-10,7,0.0
2009-10-11,7,0.0
2009-10-12,7,9884
2009-10-13,7,4018
2009-10-14,7,4315
2009-10-15,7,6044
2009-10-16,7,3829
2009-10-17,7,0.0
2009-10-18,7,0.0
2009-10-19,7,0.0
2009-10-20,7,3233
2009-10-21,7,2343
2009-10-22,7,4168
2009-10-23,7,5555
2009-10-24,7,4998
2009-10-25,7,0.0
2009-10-26,7,5623
2009-10-27,7,4472
2009-10-28,7,3843
2009-10-29,7,3817
2009-10-30,7,2669
2009-10-31,7,3341
2009-11-01,7,0.0
2009-11-02,7,4006
2009-11-03,7,3589
2009-11-04,7,3052
2009-11-05,7,0.0
2009-11-06,7,5518
2009-11-07,7,0.0
2009-11-08,7,0.0
2009-11-09,7,3051
2009-11-10,7,2458
2009-11-11,7,2356
2009-11-12,7,2821
2009-11-13,7,3152
2009-11-14,7,0.0
2009-11-15,7,0.0
2009-11-16,7,5519
2009-11-17,7,1842
2009-11-18,7,0.0
2009-11-19,7,2893
2009-11-20,7,3184
2009-11-21,7,3184
2009-11-22,7,0.0
2009-11-23,7,4204
2009-11-24,7,0.0
2009-11-25,7,2359
2009-11-26,7,2740
2009-11-27,7,2755
2009-11-28,7,0.0
2009-11-29,7,0.0
2009-11-30,7,3815
2009-12-01,7,3193
2009-12-02,7,3509
2009-12-03,7,3636
2009-12-04,7,2924
2009-12-05,7,2562
2009-12-06,7,0.0
2009-12-07,7,1658
2009-12-08,7,3434
2009-12-09,7,3101
2009-12-10,7,1975
2009-12-11,7,1912
2009-12-12,7,0.0
2009-12-13,7,0.0
2009-12-14,7,4444
2009-12-15,7,2397
2009-12-16,7,1894
2009-12-17,7,1151
2009-12-18,7,995
2009-12-19,7,1480
2009-12-20,7,0.0
2009-12-21,7,1865
2009-12-22,7,1876
2009-12-23,7,1604
2009-12-24,7,1321
2009-12-25,7,0.0
2009-12-26,7,3108
2009-12-27,7,0.0
2009-12-28,7,0.0
2009-12-29,7,2609
2009-12-30,7,966
2009-12-31,7,1255
2010-01-01,7,2138
2010-01-02,7,2075
2010-01-03,7,0.0
2010-01-04,7,2483
2010-01-05,7,1815
2010-01-06,7,1599
2010-01-07,7,1283
2010-01-08,7,1313
2010-01-09,7,0.0
2010-01-10,7,0.0
2010-01-11,7,4808
2010-01-12,7,2794
2010-01-13,7,1885
2010-01-14,7,0.0
2010-01-15,7,914
2010-01-16,7,413
2010-01-17,7,0.0
2010-01-18,7,1063
2010-01-19,7,1320
2010-01-20,7,1064
2010-01-21,7,1125
2010-01-22,7,641
2010-01-23,7,2864
2010-01-24,7,0.0
2010-01-25,7,2116
2010-01-26,7,0.0
2010-01-27,7,1477
2010-01-28,7,1626
2010-01-29,7,1902
2010-01-30,7,2207
2010-01-31,7,0.0
2010-02-01,7,1636
2010-02-02,7,0.0
2010-02-03,7,2434
2010-02-04,7,1155
2010-02-05,7,1556
2010-02-06,7,1446
2010-02-07,7,0.0
2010-02-08,7,1623
2010-02-09,7,1385
2010-02-10,7,929
2010-02-11,7,1224
2010-02-12,7,0.0
2010-02-13,7,0.0
2010-02-14,7,0.0
2010-02-15,7,4247
2010-02-16,7,1073
2010-02-17,7,1239
2010-02-18,7,1336
2010-02-19,7,1086
2010-02-20,7,1384
2010-02-21,7,0.0
2010-02-22,7,1665
2010-02-23,7,1040
2010-02-24,7,0.0
2010-02-25,7,0.0
2010-02-26,7,0.0
2010-02-27,7,0.0
2010-02-28,7,0.0
2010-03-01,7,0.0
2010-03-02,7,928
2010-03-03,7,916
2010-03-04,7,834
2010-03-05,7,1144
2010-03-06,7,1309
2010-03-07,7,0.0
2010-03-08,7,2167
2010-03-09,7,1942
2010-03-10,7,1780
2010-03-11,7,1660
2010-03-12,7,1583
2010-03-13,7,0.0
2010-03-14,7,0.0
2010-03-15,7,3534
2010-03-16,7,0.0
2010-03-17,7,1626
2010-03-18,7,1040
2010-03-19,7,716
2010-03-20,7,1197
2010-03-21,7,0.0
2010-03-22,7,1029
2010-03-23,7,998
2010-03-24,7,1244
2010-03-25,7,1376
2010-03-26,7,1894
2010-03-27,7,1366
2010-03-28,7,0.0
2010-03-29,7,1878
2010-03-30,7,1395
2010-03-31,7,1123
2010-04-01,7,1301
2010-04-02,7,0.0
2010-04-03,7,2886
2010-04-04,7,0.0
2010-04-05,7,1647
2010-04-06,7,1430
2010-04-07,7,1671
2010-04-08,7,0.0
2010-04-09,7,1713
2010-04-10,7,0.0
2010-04-11,7,0.0
2010-04-12,7,4506
2010-04-13,7,1460
2010-04-14,7,0.0
2010-04-15,7,2719
2010-04-16,7,1676
2010-04-17,7,1160
2010-04-18,7,0.0
2010-04-19,7,2027
2010-04-20,7,1201
2010-04-21,7,1291
2010-04-22,7,1136
2010-04-23,7,1553
2010-04-24,7,1224
2010-04-25,7,0.0
2010-04-26,7,1676
2010-04-27,7,1162
2010-04-28,7,1761
2010-04-29,7,1156
2010-04-30,7,2009
2010-05-01,7,0.0
2010-05-02,7,0.0
2010-05-03,7,3004
2010-05-04,7,1767
2010-05-05,7,1546
2010-05-06,7,1400
2010-05-07,7,1580
2010-05-08,7,0.0
2010-05-09,7,0.0
2010-05-10,7,2998
2010-05-11,7,1476
2010-05-12,7,1032
2010-05-13,7,1055
2010-05-14,7,1114
2010-05-15,7,1713
2010-05-16,7,0.0
2010-05-17,7,1310
2010-05-18,7,1020
2010-05-19,7,790
2010-05-20,7,1030
2010-05-21,7,1715
2010-05-22,7,2072
2010-05-23,7,0.0
2010-05-24,7,2414
2010-05-25,7,1246
2010-05-26,7,1360
2010-05-27,7,1265
2010-05-28,7,1622
2010-05-29,7,1561
2010-05-30,7,0.0
2010-05-31,7,1776
2010-06-01,7,1264
2010-06-02,7,1790
2010-06-03,7,1093
2010-06-04,7,1345
2010-06-05,7,1581
2010-06-06,7,0.0
2010-06-07,7,2039
2010-06-08,7,1179
2010-06-09,7,1089
2010-06-10,7,1147
2010-06-11,7,841
2010-06-12,7,0.0
2010-06-13,7,0.0
2010-06-14,7,2433
2010-06-15,7,1357
2010-06-16,7,1010
2010-06-17,7,1222
2010-06-18,7,1483
2010-06-19,7,1712
2010-06-20,7,0.0
2010-06-21,7,2351
2010-06-22,7,1473
2010-06-23,7,1638
2010-06-24,7,1381
2010-06-25,7,1150
2010-06-26,7,1496
2010-06-27,7,0.0
2010-06-28,7,960
2010-06-29,7,1119
2010-06-30,7,1243
2010-07-01,7,1392
2010-07-02,7,0.0
2010-07-03,7,1435
2010-07-04,7,0.0
2010-07-05,7,0.0
2010-07-06,7,2892
2010-07-07,7,1102
2010-07-08,7,1427
2010-07-09,7,1981
2010-07-10,7,0.0
2010-07-11,7,0.0
2010-07-12,7,3369
2010-07-13,7,1086
2010-07-14,7,1311
2010-07-15,7,887
2010-07-16,7,1276
2010-07-17,7,1368
2010-07-18,7,0.0
2010-07-19,7,1650
2010-07-20,7,1271
2010-07-21,7,1223
2010-07-22,7,1380
2010-07-23,7,1514
2010-07-24,7,1420
2010-07-25,7,0.0
2010-07-26,7,1380
2010-07-27,7,850
2010-07-28,7,820
2010-07-29,7,1180
2010-07-30,7,1666
2010-07-31,7,1818
2010-08-01,7,0.0
2010-08-02,7,2185
2010-08-03,7,1326
2010-08-04,7,1137
2010-08-05,7,1199
2010-08-06,7,1272
2010-08-07,7,1269
2010-08-08,7,0.0
2010-08-09,7,1537
2010-08-10,7,1455
2010-08-11,7,1538
2010-08-12,7,1711
2010-08-13,7,1705
2010-08-14,7,0.0
2010-08-15,7,0.0
2010-08-16,7,4430
2010-08-17,7,1836
2010-08-18,7,1891
2010-08-19,7,2024
2010-08-20,7,2072
2010-08-21,7,1521
2010-08-22,7,0.0
2010-08-23,7,2273
2010-08-24,7,1296
2010-08-25,7,1212
2010-08-26,7,1506
2010-08-27,7,1560
2010-08-28,7,1616
2010-08-29,7,0.0
2010-08-30,7,2217
2010-08-31,7,1616
2010-09-01,7,2051
2010-09-02,7,1714
2010-09-03,7,1775
2010-09-04,7,0.0
2010-09-05,7,0.0
2010-09-06,7,2396
2010-09-07,7,2214
2010-09-08,7,2234
2010-09-09,7,2609
2010-09-10,7,0.0
2010-09-11,7,0.0
2010-09-12,7,0.0
2010-09-13,7,0.0
2010-09-14,7,0.0
2010-09-15,7,0.0
2010-09-16,7,1836
2010-09-17,7,0.0
2010-09-18,7,2368
2010-09-19,7,0.0
2010-09-20,7,3899
2010-09-21,7,3309
2010-09-22,7,2933
2010-09-23,7,3281
2010-09-24,7,2442
2010-09-25,7,4716
2010-09-26,7,0.0
2010-09-27,7,4432
2010-09-28,7,2356
2010-09-29,7,1639
2010-09-30,7,2194
2010-10-01,7,489
2010-10-02,7,0.0
2010-10-03,7,0.0
2010-10-04,7,0.0
2010-10-05,7,0.0
2010-10-06,7,5467
2010-10-07,7,0.0
2010-10-08,7,8109
2010-10-09,7,0.0
2010-10-10,7,0.0
2010-10-11,7,8941
2010-10-12,7,4608
2010-10-13,7,4390
2010-10-14,7,4775
2010-10-15,7,4008
2010-10-16,7,0.0
2010-10-17,7,0.0
2010-10-18,7,5371
2010-10-19,7,0.0
2010-10-20,7,4478
2010-10-21,7,5182
2010-10-22,7,0.0
2010-10-23,7,10865
2010-10-24,7,0.0
2010-10-25,7,5753
2010-10-26,7,4216
2010-10-27,7,3193
2010-10-28,7,3394
2010-10-29,7,3161
2010-10-30,7,4449
2010-10-31,7,0.0
2010-11-01,7,0.0
2010-11-02,7,3311
2010-11-03,7,2539
2010-11-04,7,3507
2010-11-05,7,0.0
2010-11-06,7,0.0
2010-11-07,7,0.0
2010-11-08,7,3920
2010-11-09,7,1278
2010-11-10,7,1989
2010-11-11,7,2280
2010-11-12,7,0.0
2010-11-13,7,0.0
2010-11-14,7,0.0
2010-11-15,7,0.0
2010-11-16,7,0.0
2010-11-17,7,0.0
2010-11-18,7,0.0
2010-11-19,7,0.0
2010-11-20,7,0.0
2010-11-21,7,0.0
2010-11-22,7,0.0
2010-11-23,7,0.0
2010-11-24,7,0.0
2010-11-25,7,0.0
2010-11-26,7,0.0
2010-11-27,7,0.0
2010-11-28,7,0.0
2010-11-29,7,0.0
2010-11-30,7,0.0
2010-12-01,7,2629
2010-12-02,7,3025
2010-12-03,7,3223
2010-12-04,7,3820
2010-12-05,7,0.0
2010-12-06,7,3738
2010-12-07,7,3096
2010-12-08,7,2973
2010-12-09,7,3179
2010-12-10,7,2545
2010-12-11,7,0.0
2010-12-12,7,0.0
2010-12-13,7,5816
2010-12-14,7,0.0
2010-12-15,7,3021
2010-12-16,7,2332
2010-12-17,7,0.0
2010-12-18,7,2502
2010-12-19,7,0.0
2010-12-20,7,2170
2010-12-21,7,0.0
2010-12-22,7,2492
2010-12-23,7,2751
2010-12-24,7,1799
2010-12-25,7,0.0
2010-12-26,7,0.0
2010-12-27,7,2157
2010-12-28,7,1844
2010-12-29,7,1600
2010-12-30,7,1293
2010-12-31,7,1368
2011-01-01,7,1806
2011-01-02,7,0.0
2011-01-03,7,1952
2011-01-04,7,0.0
2011-01-05,7,993
2011-01-06,7,0.0
2011-01-07,7,1342
2011-01-08,7,1150
2011-01-09,7,0.0
2011-01-10,7,2730
2011-01-11,7,2046
2011-01-12,7,1615
2011-01-13,7,1656
2011-01-14,7,954
2011-01-15,7,0.0
2011-01-16,7,0.0
2011-01-17,7,1033
2011-01-18,7,1540
2011-01-19,7,1334
2011-01-20,7,1268
2011-01-21,7,1580
2011-01-22,7,1653
2011-01-23,7,0.0
2011-01-24,7,2300
2011-01-25,7,2113
2011-01-26,7,0.0
2011-01-27,7,0.0
2011-01-28,7,939
2011-01-29,7,1399
2011-01-30,7,0.0
2011-01-31,7,2227
2011-02-01,7,2048
2011-02-02,7,1540
2011-02-03,7,1525
2011-02-04,7,1634
2011-02-05,7,1577
2011-02-06,7,0.0
2011-02-07,7,1520
2011-02-08,7,1374
2011-02-09,7,1525
2011-02-10,7,1881
2011-02-11,7,2344
2011-02-12,7,0.0
2011-02-13,7,0.0
2011-02-14,7,3319
2011-02-15,7,976
2011-02-16,7,0.0
2011-02-17,7,1370
2011-02-18,7,1101
2011-02-19,7,1540
2011-02-20,7,0.0
2011-02-21,7,1965
2011-02-22,7,1550
2011-02-23,7,1509
2011-02-24,7,1746
2011-02-25,7,1384
2011-02-26,7,2043
2011-02-27,7,0.0
2011-02-28,7,10
2011-03-01,7,1853
2011-03-02,7,0.0
2011-03-03,7,3108
2011-03-04,7,2363
2011-03-05,7,1790
2011-03-06,7,0.0
2011-03-07,7,1814
2011-03-08,7,1124
2011-03-09,7,1360
2011-03-10,7,1165
2011-03-11,7,1465
2011-03-12,7,0.0
2011-03-13,7,0.0
2011-03-14,7,3433
2011-03-15,7,1183
2011-03-16,7,971
2011-03-17,7,1295
2011-03-18,7,1691
2011-03-19,7,1015
2011-03-20,7,0.0
2011-03-21,7,1968
2011-03-22,7,984
2011-03-23,7,0.0
2011-03-24,7,1043
2011-03-25,7,1213
2011-03-26,7,1361
2011-03-27,7,0.0
2011-03-28,7,1817
2011-03-29,7,1784
2011-03-30,7,1301
2011-03-31,7,1784
2011-04-01,7,1563
2011-04-02,7,1546
2011-04-03,7,0.0
2011-04-04,7,0.0
2011-04-05,7,1430
2011-04-06,7,785
2011-04-07,7,1106
2011-04-08,7,1343
2011-04-09,7,0.0
2011-04-10,7,0.0
2011-04-11,7,4742
2011-04-12,7,2113
2011-04-13,7,1642
2011-04-14,7,0.0
2011-04-15,7,3108
2011-04-16,7,0.0
2011-04-17,7,0.0
2011-04-18,7,2722
2011-04-19,7,913
2011-04-20,7,756
2011-04-21,7,1027
2011-04-22,7,0.0
2011-04-23,7,2663
2011-04-24,7,0.0
2011-04-25,7,1977
2011-04-26,7,1730
2011-04-27,7,1491
2011-04-28,7,1281
2011-04-29,7,1812
2011-04-30,7,1572
2011-05-01,7,0.0
2011-05-02,7,2025
2011-05-03,7,1280
2011-05-04,7,1171
2011-05-05,7,1241
2011-05-06,7,0.0
2011-05-07,7,2796
2011-05-08,7,0.0
2011-05-09,7,2195
2011-05-10,7,1409
2011-05-11,7,1113
2011-05-12,7,1474
2011-05-13,7,1301
2011-05-14,7,0.0
2011-05-15,7,0.0
2011-05-16,7,3685
2011-05-17,7,1351
2011-05-18,7,1252
2011-05-19,7,1748
2011-05-20,7,1192
2011-05-21,7,1640
2011-05-22,7,0.0
2011-05-23,7,1503
2011-05-24,7,1111
2011-05-25,7,962
2011-05-26,7,834
2011-05-27,7,993
2011-05-28,7,1513
2011-05-29,7,0.0
2011-05-30,7,2044
2011-05-31,7,1260
2011-06-01,7,1379
2011-06-02,7,1072
2011-06-03,7,1198
2011-06-04,7,1227
2011-06-05,7,0.0
2011-06-06,7,2309
2011-06-07,7,1578
2011-06-08,7,1578
2011-06-09,7,1014
2011-06-10,7,1374
2011-06-11,7,0.0
2011-06-12,7,0.0
2011-06-13,7,3833
2011-06-14,7,1424
2011-06-15,7,1480
2011-06-16,7,1263
2011-06-17,7,923
2011-06-18,7,1040
2011-06-19,7,0.0
2011-06-20,7,1623
2011-06-21,7,1559
2011-06-22,7,1357
2011-06-23,7,1357
2011-06-24,7,1055
2011-06-25,7,1401
2011-06-26,7,0.0
2011-06-27,7,2064
2011-06-28,7,1274
2011-06-29,7,1231
2011-06-30,7,1231
2011-07-01,7,1246
2011-07-02,7,1397
2011-07-03,7,0.0
2011-07-04,7,1624
2011-07-05,7,1292
2011-07-06,7,1272
2011-07-07,7,1571
2011-07-08,7,1215
2011-07-09,7,0.0
2011-07-10,7,0.0
2011-07-11,7,3643
2011-07-12,7,1103
2011-07-13,7,1125
2011-07-14,7,1355
2011-07-15,7,1382
2011-07-16,7,1543
2011-07-17,7,0.0
2011-07-18,7,2047
2011-07-19,7,1247
2011-07-20,7,1090
2011-07-21,7,1440
2011-07-22,7,1305
2011-07-23,7,1412
2011-07-24,7,0.0
2011-07-25,7,1568
2011-07-26,7,625
2011-07-27,7,725
2011-07-28,7,1164
2011-07-29,7,1321
2011-07-30,7,1236
2011-07-31,7,0.0
2011-08-01,7,1283
2011-08-02,7,1057
2011-08-03,7,1336
2011-08-04,7,1212
2011-08-05,7,1645
2011-08-06,7,1594
2011-08-07,7,0.0
2011-08-08,7,1802
2011-08-09,7,1059
2011-08-10,7,966
2011-08-11,7,1210
2011-08-12,7,1513
2011-08-13,7,0.0
2011-08-14,7,0.0
2011-08-15,7,0.0
2011-08-16,7,4052
2011-08-17,7,1408
2011-08-18,7,1839
2011-08-19,7,1741
2011-08-20,7,1683
2011-08-21,7,0.0
2011-08-22,7,2019
2011-08-23,7,2323
2011-08-24,7,2044
2011-08-25,7,1782
2011-08-26,7,1843
2011-08-27,7,1506
2011-08-28,7,0.0
2011-08-29,7,2965
2011-08-30,7,1918
2011-08-31,7,0.0
2011-09-01,7,0.0
2011-09-02,7,2078
2011-09-03,7,2473
2011-09-04,7,0.0
2011-09-05,7,2963
2011-09-06,7,2726
2011-09-07,7,2531
2011-09-08,7,2295
2011-09-09,7,2922
2011-09-10,7,0.0
2011-09-11,7,0.0
2011-09-12,7,3413
2011-09-13,7,1512
2011-09-14,7,1933
2011-09-15,7,2534
2011-09-16,7,0.0
2011-09-17,7,118
2011-09-18,7,0.0
2011-09-19,7,4790
2011-09-20,7,2363
2011-09-21,7,2915
2011-09-22,7,2695
2011-09-23,7,4561
2011-09-24,7,5378
2011-09-25,7,0.0
2011-09-26,7,6198
2011-09-27,7,0.0
2011-09-28,7,5851
2011-09-29,7,4325
2011-09-30,7,4335
2011-10-01,7,2437
2011-10-02,7,0.0
2011-10-03,7,3657
2011-10-04,7,3698
2011-10-05,7,0.0
2011-10-06,7,0.0
2011-10-07,7,5945
2011-10-08,7,0.0
2011-10-09,7,0.0
2011-10-10,7,8608
2011-10-11,7,0.0
2011-10-12,7,10976
2011-10-13,7,6150
2011-10-14,7,6141
2011-10-15,7,5744
2011-10-16,7,0.0
2011-10-17,7,5274
2011-10-18,7,4624
2011-10-19,7,4757
2011-10-20,7,5037
2011-10-21,7,5904
2011-10-22,7,6023
2011-10-23,7,0.0
2011-10-24,7,6578
2011-10-25,7,0.0
2011-10-26,7,3674
2011-10-27,7,0.0
2011-10-28,7,3627
2011-10-29,7,4540
2011-10-30,7,0.0
2011-10-31,7,8155
2011-11-01,7,0.0
2011-11-02,7,7450
2011-11-03,7,6521
2011-11-04,7,6330
2011-11-05,7,4922
2011-11-06,7,0.0
2011-11-07,7,0.0
2011-11-08,7,5392
2011-11-09,7,4402
2011-11-10,7,5105
2011-11-11,7,5796
2011-11-12,7,0.0
2011-11-13,7,0.0
2011-11-14,7,0.0
2011-11-15,7,0.0
2011-11-16,7,2780
2011-11-17,7,3171
2011-11-18,7,2311
2011-11-19,7,1413
2011-11-20,7,0.0
2011-11-21,7,2367
2011-11-22,7,2064
2011-11-23,7,2639
2011-11-24,7,3814
2011-11-25,7,4066
2011-11-26,7,3786
2011-11-27,7,0.0
2011-11-28,7,2416
2011-11-29,7,2455
2011-11-30,7,3473
2011-12-01,7,0.0
2011-12-02,7,5597
2011-12-03,7,4192
2011-12-04,7,0.0
2011-12-05,7,3926
2011-12-06,7,0.0
2011-12-07,7,4227
2011-12-08,7,3291
2011-12-09,7,3667
2011-12-10,7,0.0
2011-12-11,7,0.0
2011-12-12,7,7192
2011-12-13,7,2823
2011-12-14,7,2576
2011-12-15,7,2465
2011-12-16,7,2241
2011-12-17,7,2030
2011-12-18,7,0.0
2011-12-19,7,1722
2011-12-20,7,1639
2011-12-21,7,1479
2011-12-22,7,2496
2011-12-23,7,2164
2011-12-24,7,2488
2011-12-25,7,0.0
2011-12-26,7,3395
2011-12-27,7,2374
2011-12-28,7,2976
2011-12-29,7,2195
2011-12-30,7,2085
2011-12-31,7,2020
2012-01-01,7,0.0
2012-01-02,7,2774
2012-01-03,7,2797
2012-01-04,7,2827
2012-01-05,7,3037
2012-01-06,7,3424
2012-01-07,7,4019
2012-01-08,7,0.0
2012-01-09,7,2538
2012-01-10,7,1339
2012-01-11,7,1952
2012-01-12,7,2160
2012-01-13,7,1823
2012-01-14,7,0.0
2012-01-15,7,0.0
2012-01-16,7,3089
2012-01-17,7,1391
2012-01-18,7,908
2012-01-19,7,1330
2012-01-20,7,1493
2012-01-21,7,1967
2012-01-22,7,0.0
2012-01-23,7,2148
2012-01-24,7,1738
2012-01-25,7,2194
2012-01-26,7,0.0
2012-01-27,7,3307
2012-01-28,7,3043
2012-01-29,7,0.0
2012-01-30,7,3206
2012-01-31,7,1527
2012-02-01,7,2042
2012-02-02,7,1483
2012-02-03,7,1462
2012-02-04,7,1163
2012-02-05,7,0.0
2012-02-06,7,1893
2012-02-07,7,1117
2012-02-08,7,1346
2012-02-09,7,577
2012-02-10,7,1261
2012-02-11,7,0.0
2012-02-12,7,0.0
2012-02-13,7,3009
2012-02-14,7,1464
2012-02-15,7,1546
2012-02-16,7,1382
2012-02-17,7,1755
2012-02-18,7,1449
2012-02-19,7,0.0
2012-02-20,7,0.0
2012-02-21,7,2832
2012-02-22,7,1422
2012-02-23,7,1218
2012-02-24,7,1620
2012-02-25,7,1563
2012-02-26,7,0.0
2012-02-27,7,1839
2012-02-28,7,1306
2012-02-29,7,1540
2012-03-01,7,1563
2012-03-02,7,1442
2012-03-03,7,1565
2012-03-04,7,0.0
2012-03-05,7,2087
2012-03-06,7,1165
2012-03-07,7,1880
2012-03-08,7,1392
2012-03-09,7,1509
2012-03-10,7,0.0
2012-03-11,7,0.0
2012-03-12,7,3111
2012-03-13,7,1521
2012-03-14,7,1381
2012-03-15,7,1409
2012-03-16,7,1762
2012-03-17,7,1783
2012-03-18,7,0.0
2012-03-19,7,2243
2012-03-20,7,1830
2012-03-21,7,1433
2012-03-22,7,1166
2012-03-23,7,0.0
2012-03-24,7,1385
2012-03-25,7,0.0
2012-03-26,7,1064
2012-03-27,7,680
2012-03-28,7,877
2012-03-29,7,915
2012-03-30,7,1497
2012-03-31,7,2103
2012-04-01,7,0.0
2012-04-02,7,2572
2012-04-03,7,1761
2012-04-04,7,0.0
2012-04-05,7,3618
2012-04-06,7,0.0
2012-04-07,7,2847
2012-04-08,7,0.0
2012-04-09,7,1550
2012-04-10,7,1095
2012-04-11,7,1045
2012-04-12,7,1249
2012-04-13,7,2303
2012-04-14,7,0.0
2012-04-15,7,0.0
2012-04-16,7,3544
2012-04-17,7,1337
2012-04-18,7,1113
2012-04-19,7,1331
2012-04-20,7,1479
2012-04-21,7,1872
2012-04-22,7,0.0
2012-04-23,7,2179
2012-04-24,7,0.0
2012-04-25,7,2569
2012-04-26,7,809
2012-04-27,7,673
2012-04-28,7,713
2012-04-29,7,0.0
2012-04-30,7,2009
2012-05-01,7,0.0
2012-05-02,7,2347
2012-05-03,7,1377
2012-05-04,7,1164
2012-05-05,7,1717
2012-05-06,7,0.0
2012-05-07,7,2612
2012-05-08,7,1869
2012-05-09,7,1441
2012-05-10,7,2033
2012-05-11,7,2154
2012-05-12,7,0.0
2012-05-13,7,0.0
2012-05-14,7,4126
2012-05-15,7,1302
2012-05-16,7,1059
2012-05-17,7,1229
2012-05-18,7,1097
2012-05-19,7,1581
2012-05-20,7,0.0
2012-05-21,7,1600
2012-05-22,7,1095
2012-05-23,7,1285
2012-05-24,7,1461
2012-05-25,7,1259
2012-05-26,7,1942
2012-05-27,7,0.0
2012-05-28,7,1843
2012-05-29,7,1427
2012-05-30,7,1690
2012-05-31,7,0.0
2012-06-01,7,2889
2012-06-02,7,1688
2012-06-03,7,0.0
2012-06-04,7,2077
2012-06-05,7,1300
2012-06-06,7,1187
2012-06-07,7,1471
2012-06-08,7,1516
2012-06-09,7,0.0
2012-06-10,7,0.0
2012-06-11,7,4044
2012-06-12,7,1727
2012-06-13,7,1190
2012-06-14,7,1377
2012-06-15,7,1330
2012-06-16,7,1365
2012-06-17,7,0.0
2012-06-18,7,1892
2012-06-19,7,1271
2012-06-20,7,1570
2012-06-21,7,1377
2012-06-22,7,2346
2012-06-23,7,1951
2012-06-24,7,0.0
2012-06-25,7,2862
2012-06-26,7,1173
2012-06-27,7,1035
2012-06-28,7,814
2012-06-29,7,1212
2012-06-30,7,1278
2012-07-01,7,0.0
2012-07-02,7,2560
2012-07-03,7,1281
2012-07-04,7,1343
2012-07-05,7,1348
2012-07-06,7,1335
2012-07-07,7,2002
2012-07-08,7,0.0
2012-07-09,7,2472
2012-07-10,7,1528
2012-07-11,7,1734
2012-07-12,7,1785
2012-07-13,7,1568
2012-07-14,7,0.0
2012-07-15,7,0.0
2012-07-16,7,2787
2012-07-17,7,931
2012-07-18,7,1059
2012-07-19,7,1263
2012-07-20,7,1427
2012-07-21,7,1909
2012-07-22,7,0.0
2012-07-23,7,2461
2012-07-24,7,1557
2012-07-25,7,1135
2012-07-26,7,1186
2012-07-27,7,1494
2012-07-28,7,1685
2012-07-29,7,0.0
2012-07-30,7,2085
2012-07-31,7,1341
2012-08-01,7,1344
2012-08-02,7,1585
2012-08-03,7,1432
2012-08-04,7,1542
2012-08-05,7,0.0
2012-08-06,7,1544
2012-08-07,7,1151
2012-08-08,7,1248
2012-08-09,7,1280
2012-08-10,7,1441
2012-08-11,7,0.0
2012-08-12,7,0.0
2012-08-13,7,4267
2012-08-14,7,1979
2012-08-15,7,0.0
2012-08-16,7,2997
2012-08-17,7,1985
2012-08-18,7,0.0
2012-08-19,7,0.0
2012-08-20,7,0.0
2012-08-21,7,1793
2012-08-22,7,1332
2012-08-23,7,2251
2012-08-24,7,2430
2012-08-25,7,3024
2012-08-26,7,0.0
2012-08-27,7,2184
2012-08-28,7,2122
2012-08-29,7,1715
2012-08-30,7,2734
2012-08-31,7,2583
2012-09-01,7,1428
2012-09-02,7,0.0
2012-09-03,7,2524
2012-09-04,7,1717
2012-09-05,7,2543
2012-09-06,7,1604
2012-09-07,7,3006
2012-09-08,7,0.0
2012-09-09,7,0.0
2012-09-10,7,7382
2012-09-11,7,3482
2012-09-12,7,3041
2012-09-13,7,3016
2012-09-14,7,2984
2012-09-15,7,3048
2012-09-16,7,0.0
2012-09-17,7,3327
2012-09-18,7,2444
2012-09-19,7,0.0
2012-09-20,7,0.0
2012-09-21,7,3847
2012-09-22,7,2585
2012-09-23,7,0.0
2012-09-24,7,3908
2012-09-25,7,3921
2012-09-26,7,3100
2012-09-27,7,3411
2012-09-28,7,3232
2012-09-29,7,3607
2012-09-30,7,0.0
2012-10-01,7,4439
2012-10-02,7,0.0
2012-10-03,7,3693
2012-10-04,7,3176
2012-10-05,7,4042
2012-10-06,7,0.0
2012-10-07,7,0.0
2012-10-08,7,6106
2012-10-09,7,4061
2012-10-10,7,4068
2012-10-11,7,4723
2012-10-12,7,5214
2012-10-13,7,0.0
2012-10-14,7,0.0
2012-10-15,7,0.0
2012-10-16,7,15392
2012-10-17,7,3808
2012-10-18,7,3734
2012-10-19,7,4505
2012-10-20,7,4104
2012-10-21,7,0.0
2012-10-22,7,5519
2012-10-23,7,0.0
2012-10-24,7,0.0
2012-10-25,7,8791
2012-10-26,7,3033
2012-10-27,7,0.0
2012-10-28,7,0.0
2012-10-29,7,0.0
2012-10-30,7,0.0
2012-10-31,7,6173
2012-11-01,7,0.0
2012-11-02,7,1574
2012-11-03,7,4609
2012-11-04,7,0.0
2012-11-05,7,6768
2012-11-06,7,6110
2012-11-07,7,5395
2012-11-08,7,4923
2012-11-09,7,4815
2012-11-10,7,0.0
2012-11-11,7,0.0
2012-11-12,7,0.0
2012-11-13,7,9906
2012-11-14,7,0.0
2012-11-15,7,2853
2012-11-16,7,2720
2012-11-17,7,3799
2012-11-18,7,0.0
2012-11-19,7,4627
2012-11-20,7,3909
2012-11-21,7,3462
2012-11-22,7,4237
2012-11-23,7,4150
2012-11-24,7,0.0
2012-11-25,7,0.0
2012-11-26,7,2946
2012-11-27,7,2736
2012-11-28,7,2570
2012-11-29,7,2832
2012-11-30,7,2705
2012-12-01,7,0.0
2012-12-02,7,0.0
2012-12-03,7,5451
2012-12-04,7,1945
2012-12-05,7,2149
2012-12-06,7,1742
2012-12-07,7,2132
2012-12-08,7,0.0
2012-12-09,7,0.0
2012-12-10,7,4383
2012-12-11,7,1995
2012-12-12,7,1741
2012-12-13,7,1618
2012-12-14,7,1880
2012-12-15,7,1932
2012-12-16,7,0.0
2012-12-17,7,2501
2012-12-18,7,1905
2012-12-19,7,2043
2012-12-20,7,2242
2012-12-21,7,1886
2012-12-22,7,1952
2012-12-23,7,0.0
2012-12-24,7,2380
2012-12-25,7,0.0
2012-12-26,7,2681
2012-12-27,7,1849
2012-12-28,7,1912
2012-12-29,7,1667
2012-12-30,7,0.0
2012-12-31,7,1677
2013-01-01,7,1442
2013-01-02,7,1842
2013-01-03,7,1916
2013-01-04,7,2177
2013-01-05,7,2548
2013-01-06,7,0.0
2013-01-07,7,2002
2013-01-08,7,2042
2013-01-09,7,1574
2013-01-10,7,1876
2013-01-11,7,1733
2013-01-12,7,0.0
2013-01-13,7,0.0
2013-01-14,7,0.0
2013-01-15,7,3312
2013-01-16,7,1347
2013-01-17,7,1122
2013-01-18,7,1470
2013-01-19,7,1434
2013-01-20,7,0.0
2013-01-21,7,1514
2013-01-22,7,1767
2013-01-23,7,1954
2013-01-24,7,2058
2013-01-25,7,0.0
2013-01-26,7,0.0
2013-01-27,7,0.0
2013-01-28,7,3304
2013-01-29,7,1767
2013-01-30,7,1326
2013-01-31,7,1416
2013-02-01,7,1425
2013-02-02,7,1396
2013-02-03,7,0.0
2013-02-04,7,1700
2013-02-05,7,1218
2013-02-06,7,1286
2013-02-07,7,1725
2013-02-08,7,1917
2013-02-09,7,0.0
2013-02-10,7,0.0
2013-02-11,7,3796
2013-02-12,7,1279
2013-02-13,7,1416
2013-02-14,7,1582
2013-02-15,7,1340
2013-02-16,7,1384
2013-02-17,7,0.0
2013-02-18,7,1379
2013-02-19,7,1121
2013-02-20,7,0.0
2013-02-21,7,2088
2013-02-22,7,1405
2013-02-23,7,1391
2013-02-24,7,0.0
2013-02-25,7,1949
2013-02-26,7,1207
2013-02-27,7,1452
2013-02-28,7,1868
2013-03-01,7,1761
2013-03-02,7,1578
2013-03-03,7,0.0
2013-03-04,7,1542
2013-03-05,7,2470
2013-03-06,7,1159
2013-03-07,7,1143
2013-03-08,7,1499
2013-03-09,7,0.0
2013-03-10,7,0.0
2013-03-11,7,2569
2013-03-12,7,683
2013-03-13,7,1052
2013-03-14,7,1276
2013-03-15,7,1496
2013-03-16,7,1337
2013-03-17,7,0.0
2013-03-18,7,2276
2013-03-19,7,1483
2013-03-20,7,1126
2013-03-21,7,1552
2013-03-22,7,1326
2013-03-23,7,1671
2013-03-24,7,0.0
2013-03-25,7,2234
2013-03-26,7,1196
2013-03-27,7,1130
2013-03-28,7,1506
2013-03-29,7,0.0
2013-03-30,7,2885
2013-03-31,7,0.0
2013-04-01,7,1989
2013-04-02,7,1515
2013-04-03,7,1258
2013-04-04,7,1501
2013-04-05,7,1656
2013-04-06,7,1906
2013-04-07,7,0.0
2013-04-08,7,2252
2013-04-09,7,1620
2013-04-10,7,1177
2013-04-11,7,0.0
2013-04-12,7,2601
2013-04-13,7,0.0
2013-04-14,7,0.0
2013-04-15,7,3486
2013-04-16,7,1070
2013-04-17,7,1359
2013-04-18,7,1149
2013-04-19,7,1533
2013-04-20,7,998
2013-04-21,7,0.0
2013-04-22,7,1804
2013-04-23,7,0.0
2013-04-24,7,2477
2013-04-25,7,840
2013-04-26,7,1298
2013-04-27,7,992
2013-04-28,7,0.0
2013-04-29,7,2034
2013-04-30,7,1274
2013-05-01,7,0.0
2013-05-02,7,2038
2013-05-03,7,1304
2013-05-04,7,1198
2013-05-05,7,0.0
2013-05-06,7,2042
2013-05-07,7,1465
2013-05-08,7,1688
2013-05-09,7,1756
2013-05-10,7,1731
2013-05-11,7,0.0
2013-05-12,7,0.0
2013-05-13,7,0.0
2013-05-14,7,5425
2013-05-15,7,1419
2013-05-16,7,1079
2013-05-17,7,1193
2013-05-18,7,1136
2013-05-19,7,0.0
2013-05-20,7,2287
2013-05-21,7,1123
2013-05-22,7,1318
2013-05-23,7,1016
2013-05-24,7,1589
2013-05-25,7,1148
2013-05-26,7,0.0
2013-05-27,7,1536
2013-05-28,7,1316
2013-05-29,7,1210
2013-05-30,7,1117
2013-05-31,7,1278
2013-06-01,7,959
2013-06-02,7,0.0
2013-06-03,7,2401
2013-06-04,7,1176
2013-06-05,7,1345
2013-06-06,7,1412
2013-06-07,7,1031
2013-06-08,7,0.0
2013-06-09,7,0.0
2013-06-10,7,4575
2013-06-11,7,1791
2013-06-12,7,1344
2013-06-13,7,1127
2013-06-14,7,759
2013-06-15,7,1277
2013-06-16,7,0.0
2013-06-17,7,1484
2013-06-18,7,860
2013-06-19,7,1788
2013-06-20,7,1536
2013-06-21,7,1762
2013-06-22,7,1558
2013-06-23,7,0.0
2013-06-24,7,1214
2013-06-25,7,1117
2013-06-26,7,877
2013-06-27,7,1360
2013-06-28,7,1793
2013-06-29,7,1337
2013-06-30,7,0.0
2013-07-01,7,1471
2013-07-02,7,1081
2013-07-03,7,1309
2013-07-04,7,1036
2013-07-05,7,834
2013-07-06,7,908
2013-07-07,7,0.0
2013-07-08,7,2145
2013-07-09,7,1490
2013-07-10,7,2008
2013-07-11,7,1418
2013-07-12,7,1066
2013-07-13,7,0.0
2013-07-14,7,0.0
2013-07-15,7,3247
2013-07-16,7,1026
2013-07-17,7,1353
2013-07-18,7,1327
2013-07-19,7,1111
2013-07-20,7,1210
2013-07-21,7,0.0
2013-07-22,7,1648
2013-07-23,7,489
2013-07-24,7,1046
2013-07-25,7,879
2013-07-26,7,1498
2013-07-27,7,1789
2013-07-28,7,0.0
2013-07-29,7,1706
2013-07-30,7,754
2013-07-31,7,1087
2013-08-01,7,1025
2013-08-02,7,1083
2013-08-03,7,875
2013-08-04,7,0.0
2013-08-05,7,1975
2013-08-06,7,1428
2013-08-07,7,1565
2013-08-08,7,1821
2013-08-09,7,0.0
2013-08-10,7,0.0
2013-08-11,7,0.0
2013-08-12,7,4472
2013-08-13,7,2220
2013-08-14,7,1545
2013-08-15,7,0.0
2013-08-16,7,1805
2013-08-17,7,2140
2013-08-18,7,0.0
2013-08-19,7,3569
2013-08-20,7,2582
2013-08-21,7,1927
2013-08-22,7,1834
2013-08-23,7,2333
2013-08-24,7,2436
2013-08-25,7,0.0
2013-08-26,7,2057
2013-08-27,7,2237
2013-08-28,7,2085
2013-08-29,7,2223
2013-08-30,7,2597
2013-08-31,7,3275
2013-09-01,7,0.0
2013-09-02,7,3063
2013-09-03,7,2934
2013-09-04,7,2805
2013-09-05,7,3772
2013-09-06,7,4018
2013-09-07,7,5764
2013-09-08,7,0.0
2013-09-09,7,0.0
2013-09-10,7,4749
2013-09-11,7,3120
2013-09-12,7,3975
2013-09-13,7,3822
2013-09-14,7,0.0
2013-09-15,7,0.0
2013-09-16,7,12323
2013-09-17,7,5080
2013-09-18,7,5258
2013-09-19,7,6151
2013-09-20,7,7447
2013-09-21,7,5296
2013-09-22,7,0.0
2013-09-23,7,7662
2013-09-24,7,7181
2013-09-25,7,5450
2013-09-26,7,6030
2013-09-27,7,6572
2013-09-28,7,7701
2013-09-29,7,0.0
2013-09-30,7,8778
2013-10-01,7,9739
2013-10-02,7,0.0
2013-10-03,7,10473
2013-10-04,7,0.0
2013-10-05,7,14604
2013-10-06,7,0.0
2013-10-07,7,8634
2013-10-08,7,6731
2013-10-09,7,6048
2013-10-10,7,6425
2013-10-11,7,7877
2013-10-12,7,0.0
2013-10-13,7,0.0
2013-10-14,7,0.0
2013-10-15,7,12658
2013-10-16,7,0.0
2013-10-17,7,7769
2013-10-18,7,6610
2013-10-19,7,7497
2013-10-20,7,0.0
2013-10-21,7,6355
2013-10-22,7,6063
2013-10-23,7,3560
2013-10-24,7,3997
2013-10-25,7,4798
2013-10-26,7,6049
2013-10-27,7,0.0
2013-10-28,7,6090
2013-10-29,7,4325
2013-10-30,7,3530
2013-10-31,7,5839
2013-11-01,7,0.0
2013-11-02,7,5444
2013-11-03,7,1210
2013-11-04,7,1220
2013-11-05,7,2647
2013-11-06,7,2167
2013-11-07,7,3997
2013-11-08,7,5138
2013-11-09,7,5113
2013-11-10,7,0.0
2013-11-11,7,4781
2013-11-12,7,5075
2013-11-13,7,5116
2013-11-14,7,2662
2013-11-15,7,1961
2013-11-16,7,2895
2013-11-17,7,0.0
2013-11-18,7,3175
2013-11-19,7,3833
2013-11-20,7,3513
2013-11-21,7,3366
2013-11-22,7,3817
2013-11-23,7,3638
2013-11-24,7,0.0
2013-11-25,7,3173
2013-11-26,7,3089
2013-11-27,7,3180
2013-11-28,7,3348
2013-11-29,7,3788
2013-11-30,7,3354
2013-12-01,7,0.0
2013-12-02,7,2168
2013-12-03,7,2162
2013-12-04,7,2338
2013-12-05,7,2799
2013-12-06,7,3374
2013-12-07,7,3351
2013-12-08,7,0.0
2013-12-09,7,3845
2013-12-10,7,3990
2013-12-11,7,0.0
2013-12-12,7,6307
2013-12-13,7,3182
2013-12-14,7,3982
2013-12-15,7,0.0
2013-12-16,7,2922
2013-12-17,7,2261
2013-12-18,7,2603
2013-12-19,7,3771
2013-12-20,7,3610
2013-12-21,7,3774
2013-12-22,7,0.0
2013-12-23,7,3097
2013-12-24,7,0.0
2013-12-25,7,5052
2013-12-26,7,2212
2013-12-27,7,1656
2013-12-28,7,1696
2013-12-29,7,0.0
2013-12-30,7,2527
2013-12-31,7,2081
2014-01-01,7,2369
2014-01-02,7,1848
2014-01-03,7,2261
2014-01-04,7,2647
2014-01-05,7,0.0
2014-01-06,7,3584
2014-01-07,7,3070
2014-01-08,7,2964
2014-01-09,7,3011
2014-01-10,7,2626
2014-01-11,7,0.0
2014-01-12,7,0.0
2014-01-13,7,2952
2014-01-14,7,0.0
2014-01-15,7,0.0
2014-01-16,7,3408
2014-01-17,7,1999
2014-01-18,7,1974
2014-01-19,7,0.0
2014-01-20,7,3003
2014-01-21,7,2740
2014-01-22,7,2328
2014-01-23,7,2804
2014-01-24,7,2810
2014-01-25,7,2509
2014-01-26,7,0.0
2014-01-27,7,2756
2014-01-28,7,2427
2014-01-29,7,1658
2014-01-30,7,1978
2014-01-31,7,2090
2014-02-01,7,2439
2014-02-02,7,0.0
2014-02-03,7,2957
2014-02-04,7,3217
2014-02-05,7,2534
2014-02-06,7,2148
2014-02-07,7,2444
2014-02-08,7,2277
2014-02-09,7,0.0
2014-02-10,7,2826
2014-02-11,7,2228
2014-02-12,7,2014
2014-02-13,7,2182
2014-02-14,7,2224
2014-02-15,7,2877
2014-02-16,7,0.0
2014-02-17,7,2416
2014-02-18,7,2087
2014-02-19,7,1657
2014-02-20,7,1562
2014-02-21,7,1680
2014-02-22,7,2000
2014-02-23,7,0.0
2014-02-24,7,2523
2014-02-25,7,2134
2014-02-26,7,2035
2014-02-27,7,1886
2014-02-28,7,1777
2014-03-01,7,2049
2014-03-02,7,0.0
2014-03-03,7,3019
2014-03-04,7,2067
2014-03-05,7,2255
2014-03-06,7,2649
2014-03-07,7,2702
2014-03-08,7,2653
2014-03-09,7,0.0
2014-03-10,7,2914
2014-03-11,7,2273
2014-03-12,7,2232
2014-03-13,7,2552
2014-03-14,7,3253
2014-03-15,7,3556
2014-03-16,7,0.0
2014-03-17,7,2981
2014-03-18,7,2786
2014-03-19,7,2198
2014-03-20,7,2403
2014-03-21,7,2652
2014-03-22,7,1954
2014-03-23,7,0.0
2014-03-24,7,3478
2014-03-25,7,3120
2014-03-26,7,3219
2014-03-27,7,3788
2014-03-28,7,3162
2014-03-29,7,2396
2014-03-30,7,0.0
2014-03-31,7,0.0
2014-04-01,7,1409
2014-04-02,7,1380
2014-04-03,7,1618
2014-04-04,7,1986
2014-04-05,7,3436
2014-04-06,7,0.0
2014-04-07,7,4045
2014-04-08,7,3461
2014-04-09,7,2949
2014-04-10,7,2547
2014-04-11,7,3637
2014-04-12,7,2906
2014-04-13,7,0.0
2014-04-14,7,2836
2014-04-15,7,2107
2014-04-16,7,1550
2014-04-17,7,0.0
2014-04-18,7,0.0
2014-04-19,7,5128
2014-04-20,7,0.0
2014-04-21,7,3617
2014-04-22,7,3259
2014-04-23,7,3112
2014-04-24,7,2890
2014-04-25,7,2819
2014-04-26,7,3204
2014-04-27,7,0.0
2014-04-28,7,5065
2014-04-29,7,3008
2014-04-30,7,3230
2014-05-01,7,0.0
2014-05-02,7,0.0
2014-05-03,7,5846
2014-05-04,7,0.0
2014-05-05,7,3221
2014-05-06,7,2805
2014-05-07,7,2543
2014-05-08,7,2254
2014-05-09,7,2240
2014-05-10,7,0.0
2014-05-11,7,0.0
2014-05-12,7,5755
2014-05-13,7,2377
2014-05-14,7,2228
2014-05-15,7,1803
2014-05-16,7,1795
2014-05-17,7,1761
2014-05-18,7,0.0
2014-05-19,7,2589
2014-05-20,7,2013
2014-05-21,7,1882
2014-05-22,7,1972
2014-05-23,7,2143
2014-05-24,7,2741
2014-05-25,7,0.0
2014-05-26,7,2746
2014-05-27,7,1614
2014-05-28,7,1596
2014-05-29,7,1485
2014-05-30,7,1555
2014-05-31,7,1626
2014-06-01,7,0.0
2014-06-02,7,3321
2014-06-03,7,1963
2014-06-04,7,2063
2014-06-05,7,2392
2014-06-06,7,1788
2014-06-07,7,2715
2014-06-08,7,0.0
2014-06-09,7,3475
2014-06-10,7,1808
2014-06-11,7,1432
2014-06-12,7,1196
2014-06-13,7,1553
2014-06-14,7,0.0
2014-06-15,7,0.0
2014-06-16,7,4552
2014-06-17,7,1821
2014-06-18,7,1567
2014-06-19,7,1934
2014-06-20,7,1963
2014-06-21,7,2012
2014-06-22,7,0.0
2014-06-23,7,1647
2014-06-24,7,945
2014-06-25,7,1691
2014-06-26,7,2004
2014-06-27,7,1888
2014-06-28,7,1927
2014-06-29,7,0.0
2014-06-30,7,2501
2014-07-01,7,1809
2014-07-02,7,1645
2014-07-03,7,1419
2014-07-04,7,1537
2014-07-05,7,1595
2014-07-06,7,0.0
2014-07-07,7,1842
2014-07-08,7,1621
2014-07-09,7,1830
2014-07-10,7,1368
2014-07-11,7,1781
2014-07-12,7,0.0
2014-07-13,7,0.0
2014-07-14,7,3571
2014-07-15,7,1084
2014-07-16,7,1180
2014-07-17,7,1501
2014-07-18,7,1419
2014-07-19,7,1804
2014-07-20,7,0.0
2014-07-21,7,2070
2014-07-22,7,1364
2014-07-23,7,1221
2014-07-24,7,1497
2014-07-25,7,1340
2014-07-26,7,1300
2014-07-27,7,0.0
2014-07-28,7,1910
2014-07-29,7,0.0
2014-07-30,7,1637
2014-07-31,7,780
2014-08-01,7,1218
2014-08-02,7,1380
2014-08-03,7,0.0
2014-08-04,7,2648
2014-08-05,7,1879
2014-08-06,7,2196
2014-08-07,7,2334
2014-08-08,7,2363
2014-08-09,7,0.0
2014-08-10,7,0.0
2014-08-11,7,3907
2014-08-12,7,1201
2014-08-13,7,966
2014-08-14,7,1514
2014-08-15,7,0.0
2014-08-16,7,2873
2014-08-17,7,0.0
2014-08-18,7,2326
2014-08-19,7,2175
2014-08-20,7,2091
2014-08-21,7,2273
2014-08-22,7,2232
2014-08-23,7,0.0
2014-08-24,7,0.0
2014-08-25,7,5573
2014-08-26,7,2130
2014-08-27,7,1496
2014-08-28,7,1416
2014-08-29,7,0.0
2014-08-30,7,3219
2014-08-31,7,0.0
2014-09-01,7,3431
2014-09-02,7,2721
2014-09-03,7,2368
2014-09-04,7,2208
2014-09-05,7,2936
2014-09-06,7,3191
2014-09-07,7,0.0
2014-09-08,7,3259
2014-09-09,7,2722
2014-09-10,7,2928
2014-09-11,7,2566
2014-09-12,7,3831
2014-09-13,7,0.0
2014-09-14,7,0.0
2014-09-15,7,8723
2014-09-16,7,4661
2014-09-17,7,4177
2014-09-18,7,4128
2014-09-19,7,4406
2014-09-20,7,3589
2014-09-21,7,0.0
2014-09-22,7,4915
2014-09-23,7,4326
2014-09-24,7,0.0
2014-09-25,7,7327
2014-09-26,7,4253
2014-09-27,7,3951
2014-09-28,7,0.0
2014-09-29,7,3806
2014-09-30,7,3749
2014-10-01,7,3728
2014-10-02,7,0.0
2014-10-03,7,0.0
2014-10-04,7,0.0
2014-10-05,7,0.0
2014-10-06,7,0.0
2014-10-07,7,13223
2014-10-08,7,0.0
2014-10-09,7,10404
2014-10-10,7,8075
2014-10-11,7,0.0
2014-10-12,7,0.0
2014-10-13,7,15732
2014-10-14,7,6127
2014-10-15,7,5401
2014-10-16,7,6173
2014-10-17,7,7215
2014-10-18,7,7445
2014-10-19,7,0.0
2014-10-20,7,8537
2014-10-21,7,7727
2014-10-22,7,0.0
2014-10-23,7,3442
2014-10-24,7,0.0
2014-10-25,7,5304
2014-10-26,7,0.0
2014-10-27,7,3273
2014-10-28,7,5466
2014-10-29,7,8735
2014-10-30,7,9410
2014-10-31,7,9706
2014-11-01,7,0.0
2014-11-02,7,0.0
2014-11-03,7,12125
2014-11-04,7,0.0
2014-11-05,7,9173
2014-11-06,7,5326
2014-11-07,7,6129
2014-11-08,7,0.0
2014-11-09,7,0.0
2014-11-10,7,11563
2014-11-11,7,6036
2014-11-12,7,6635
2014-11-13,7,5719
2014-11-14,7,3957
2014-11-15,7,2416
2014-11-16,7,0.0
2014-11-17,7,5664
2014-11-18,7,5011
2014-11-19,7,4610
2014-11-20,7,4711
2014-11-21,7,4580
2014-11-22,7,4148
2014-11-23,7,0.0
2014-11-24,7,4863
2014-11-25,7,3878
2014-11-26,7,3930
2014-11-27,7,4220
2014-11-28,7,4132
2014-11-29,7,4711
2014-11-30,7,0.0
2014-12-01,7,4375
2014-12-02,7,4837
2014-12-03,7,4075
2014-12-04,7,3830
2014-12-05,7,4075
2014-12-06,7,3565
2014-12-07,7,0.0
2014-12-08,7,3248
2014-12-09,7,3386
2014-12-10,7,2623
2014-12-11,7,2517
2014-12-12,7,3134
2014-12-13,7,0.0
2014-12-14,7,0.0
2014-12-15,7,4704
2014-12-16,7,2136
2014-12-17,7,1980
2014-12-18,7,2009
2014-12-19,7,2412
2014-12-20,7,3484
2014-12-21,7,0.0
2014-12-22,7,3376
2014-12-23,7,1927
2014-12-24,7,2215
2014-12-25,7,0.0
2014-12-26,7,5770
2014-12-27,7,3946
2014-12-28,7,0.0
2014-12-29,7,4057
2014-12-30,7,3594
2014-12-31,7,2835
2015-01-01,7,26211
2015-01-02,7,25275
2015-01-03,7,19130
2015-01-04,7,0.0
2015-01-05,7,23013
2015-01-06,7,21759
2015-01-07,7,24211
2015-01-08,7,28615
2015-01-09,7,25978
2015-01-10,7,0.0
2015-01-11,7,0.0
2015-01-12,7,61139
2015-01-13,7,25512
2015-01-14,7,14772
2015-01-15,7,0.0
2015-01-16,7,15489
2015-01-17,7,20142
2015-01-18,7,0.0
2015-01-19,7,21926
2015-01-20,7,30881
2015-01-21,7,23631
2015-01-22,7,22211
2015-01-23,7,21532
2015-01-24,7,34150
2015-01-25,7,0.0
2015-01-26,7,0.0
2015-01-27,7,3300
2015-01-28,7,1763
2015-01-29,7,14685
2015-01-30,7,15936
2015-01-31,7,17644
2015-02-01,7,0.0
2015-02-02,7,17922
2015-02-03,7,10949
2015-02-04,7,14590
2015-02-05,7,15910
2015-02-06,7,17162
2015-02-07,7,19175
2015-02-08,7,0.0
2015-02-09,7,27568
2015-02-10,7,1676
2015-02-11,7,1337
2015-02-12,7,1346
2015-02-13,7,1542
2015-02-14,7,0.0
2015-02-15,7,0.0
2015-02-16,7,4252
2015-02-17,7,0.0
2015-02-18,7,2668
2015-02-19,7,1334
2015-02-20,7,1212
2015-02-21,7,1914
2015-02-22,7,0.0
2015-02-23,7,1939
2015-02-24,7,1779
2015-02-25,7,1711
2015-02-26,7,1841
2015-02-27,7,1712
2015-02-28,7,1981
2015-03-01,7,0.0
2015-03-02,7,2462
2015-03-03,7,1230
2015-03-04,7,1369
2015-03-05,7,1419
2015-03-06,7,1398
2015-03-07,7,1504
2015-03-08,7,0.0
2015-03-09,7,2047
2015-03-10,7,1475
2015-03-11,7,1432
2015-03-12,7,1423
2015-03-13,7,1747
2015-03-14,7,0.0
2015-03-15,7,0.0
2015-03-16,7,4789
2015-03-17,7,2655
2015-03-18,7,2186
2015-03-19,7,2058
2015-03-20,7,1931
2015-03-21,7,0.0
2015-03-22,7,0.0
2015-03-23,7,2836
2015-03-24,7,1450
2015-03-25,7,1374
2015-03-26,7,1853
2015-03-27,7,1579
2015-03-28,7,1177
2015-03-29,7,0.0
2015-03-30,7,1650
2015-03-31,7,1346
2015-04-01,7,1898
2015-04-02,7,0.0
2015-04-03,7,0.0
2015-04-04,7,6844
2015-04-05,7,0.0
2015-04-06,7,2496
2015-04-07,7,1920
2015-04-08,7,1340
2015-04-09,7,1864
2015-04-10,7,2132
2015-04-11,7,0.0
2015-04-12,7,0.0
2015-04-13,7,4862
2015-04-14,7,0.0
2015-04-15,7,3202
2015-04-16,7,1512
2015-04-17,7,1855
2015-04-18,7,764
2015-04-19,7,0.0
2015-04-20,7,2473
2015-04-21,7,0.0
2015-04-22,7,3553
2015-04-23,7,1735
2015-04-24,7,1558
2015-04-25,7,2069
2015-04-26,7,0.0
2015-04-27,7,2922
2015-04-28,7,1921
2015-04-29,7,1698
2015-04-30,7,1453
2015-05-01,7,0.0
2015-05-02,7,790
2015-05-03,7,0.0
2015-05-04,7,0.0
2015-05-05,7,1659
2015-05-06,7,1572
2015-05-07,7,1753
2015-05-08,7,1798
2015-05-09,7,0.0
2015-05-10,7,0.0
2015-05-11,7,5281
2015-05-12,7,2059
2015-05-13,7,1621
2015-05-14,7,1521
2015-05-15,7,1516
2015-05-16,7,1778
2015-05-17,7,0.0
2015-05-18,7,1992
2015-05-19,7,1507
2015-05-20,7,1620
2015-05-21,7,1907
2015-05-22,7,2057
2015-05-23,7,1806
2015-05-24,7,0.0
2015-05-25,7,2876
2015-05-26,7,1448
2015-05-27,7,1476
2015-05-28,7,1196
2015-05-29,7,912
2015-05-30,7,1169
2015-05-31,7,0.0
2015-06-01,7,2136
2015-06-02,7,0.0
2015-06-03,7,0.0
2015-06-04,7,0.0
2015-06-05,7,1702
2015-06-06,7,1759
2015-06-07,7,0.0
2015-06-08,7,2430
2015-06-09,7,1591
2015-06-10,7,1761
2015-06-11,7,2372
2015-06-12,7,2190
2015-06-13,7,0.0
2015-06-14,7,0.0
2015-06-15,7,2747
2015-06-16,7,1288
2015-06-17,7,1883
2015-06-18,7,1525
2015-06-19,7,1868
2015-06-20,7,2035
2015-06-21,7,0.0
2015-06-22,7,2459
2015-06-23,7,1581
2015-06-24,7,1843
2015-06-25,7,1474
2015-06-26,7,0.0
2015-06-27,7,2063
2015-06-28,7,0.0
2015-06-29,7,342
2015-06-30,7,1602
2015-07-01,7,1423
2015-07-02,7,1559
2015-07-03,7,1633
2015-07-04,7,1804
2015-07-05,7,0.0
2015-07-06,7,2776
2015-07-07,7,1929
2015-07-08,7,1344
2015-07-09,7,1514
2015-07-10,7,1533
2015-07-11,7,0.0
2015-07-12,7,0.0
2015-07-13,7,0.0
2015-07-14,7,1993
2015-07-15,7,1800
2015-07-16,7,1618
2015-07-17,7,1907
2015-07-18,7,0.0
2015-07-19,7,0.0
2015-07-20,7,0.0
2015-07-21,7,1650
2015-07-22,7,0.0
2015-07-23,7,0.0
2015-07-24,7,2229
2015-07-25,7,2564
2015-07-26,7,0.0
2015-07-27,7,2749
2015-07-28,7,1828
2015-07-29,7,1870
2015-07-30,7,2043
2015-07-31,7,2143
2015-08-01,7,0.0
2015-08-02,7,0.0
2015-08-03,7,2097
2015-08-04,7,2255
2015-08-05,7,2446
2015-08-06,7,2455
2015-08-07,7,2124
2015-08-08,7,0.0
2015-08-09,7,0.0
2015-08-10,7,344
2015-08-11,7,2751
2015-08-12,7,2314
2015-08-13,7,2662
2015-08-14,7,3014
2015-08-15,7,0.0
2015-08-16,7,0.0
2015-08-17,7,1621
2015-08-18,7,3442
2015-08-19,7,3390
2015-08-20,7,3619
2015-08-21,7,3795
2015-08-22,7,0.0
2015-08-23,7,0.0
2015-08-24,7,481
2015-08-25,7,3860
2015-08-26,7,3928
2015-08-27,7,3025
2015-08-28,7,4005
2015-08-29,7,3550
2015-08-30,7,0.0
2015-08-31,7,5342
2015-09-01,7,3424
2015-09-02,7,2944
2015-09-03,7,3989
2015-09-04,7,4963
2015-09-05,7,3240
2015-09-06,7,0.0
2015-09-07,7,4068
2015-09-08,7,3726
2015-09-09,7,3849
2015-09-10,7,4843
2015-09-11,7,4014
2015-09-12,7,0.0
2015-09-13,7,0.0
2015-09-14,7,10245
2015-09-15,7,7065
2015-09-16,7,5899
2015-09-17,7,0.0
2015-09-18,7,4472
2015-09-19,7,5135
2015-09-20,7,0.0
2015-09-21,7,5119
2015-09-22,7,6124
2015-09-23,7,5348
2015-09-24,7,3581
2015-09-25,7,0.0
2015-09-26,7,3161
2015-09-27,7,0.0
2015-09-28,7,8431
2015-09-29,7,6932
2015-09-30,7,8902
2015-10-01,7,5600
2015-10-02,7,0.0
2015-10-03,7,9877
2015-10-04,7,0.0
2015-10-05,7,7081
2015-10-06,7,7125
2015-10-07,7,7170
2015-10-08,7,7551
2015-10-09,7,8595
2015-10-10,7,0.0
2015-10-11,7,0.0
2015-10-12,7,0.0
2015-10-13,7,20270
2015-10-14,7,6367
2015-10-15,7,6724
2015-10-16,7,6439
2015-10-17,7,5574
2015-10-18,7,0.0
2015-10-19,7,5050
2015-10-20,7,4124
2015-10-21,7,4927
2015-10-22,7,0.0
2015-10-23,7,0.0
2015-10-24,7,0.0
2015-10-25,7,0.0
2015-10-26,7,14168
2015-10-27,7,0.0
2015-10-28,7,13371
2015-10-29,7,8202
2015-10-30,7,8508
2015-10-31,7,7299
2015-11-01,7,0.0
2015-11-02,7,7533
2015-11-03,7,4393
2015-11-04,7,3669
2015-11-05,7,3637
2015-11-06,7,4239
2015-11-07,7,4949
2015-11-08,7,0.0
2015-11-09,7,5140
2015-11-10,7,0.0
2015-11-11,7,1728
2015-11-12,7,0.0
2015-11-13,7,1384
2015-11-14,7,0.0
2015-11-15,7,0.0
2015-11-16,7,6486
2015-11-17,7,3360
2015-11-18,7,3291
2015-11-19,7,3299
2015-11-20,7,3083
2015-11-21,7,2937
2015-11-22,7,0.0
2015-11-23,7,2756
2015-11-24,7,2361
2015-11-25,7,2126
2015-11-26,7,1834
2015-11-27,7,2536
2015-11-28,7,0.0
2015-11-29,7,0.0
2015-11-30,7,6535
2015-12-01,7,3101
2015-12-02,7,2372
2015-12-03,7,2285
2015-12-04,7,1767
2015-12-05,7,1914
2015-12-06,7,0.0
2015-12-07,7,3080
2015-12-08,7,2736
2015-12-09,7,2664
2015-12-10,7,2604
2015-12-11,7,1925
2015-12-12,7,0.0
2015-12-13,7,0.0
2015-12-14,7,4051
2015-12-15,7,1808
2015-12-16,7,1844
2015-12-17,7,1695
2015-12-18,7,2344
2015-12-19,7,2363
2015-12-20,7,0.0
2015-12-21,7,2814
2015-12-22,7,2360
2015-12-23,7,2289
2015-12-24,7,0.0
2015-12-25,7,0.0
2015-12-26,7,4339
2015-12-27,7,0.0
2015-12-28,7,1749
2015-12-29,7,1164
2015-12-30,7,1106
2015-12-31,7,1294
2016-01-01,7,2465
2016-01-02,7,2307
2016-01-03,7,0.0
2016-01-04,7,3173
2016-01-05,7,1907
2016-01-06,7,1750
2016-01-07,7,2305
2016-01-08,7,2650
2016-01-09,7,0.0
2016-01-10,7,0.0
2016-01-11,7,4984
2016-01-12,7,1379
2016-01-13,7,1435
2016-01-14,7,1255
2016-01-15,7,0.0
2016-01-16,7,2563
2016-01-17,7,0.0
2016-01-18,7,2009
2016-01-19,7,1929
2016-01-20,7,1761
2016-01-21,7,1916
2016-01-22,7,2029
2016-01-23,7,1844
2016-01-24,7,0.0
2016-01-25,7,2543
2016-01-26,7,0.0
2016-01-27,7,0.0
2016-01-28,7,0.0
2016-01-29,7,0.0
2016-01-30,7,0.0
2016-01-31,7,0.0
2016-02-01,7,3246
2016-02-02,7,0.0
2016-02-03,7,0.0
2016-02-04,7,0.0
2016-02-05,7,1630
2016-02-06,7,0.0
2016-02-07,7,0.0
2016-02-08,7,2350
2016-02-09,7,1726
2016-02-10,7,0.0
2016-02-11,7,0.0
2016-02-12,7,2453
2016-02-13,7,0.0
2016-02-14,7,0.0
2016-02-15,7,3880
2016-02-16,7,1493
2016-02-17,7,1423
2016-02-18,7,1432
2016-02-19,7,1640
2016-02-20,7,1857
2016-02-21,7,0.0
2016-02-22,7,2361
2016-02-23,7,2176
2016-02-24,7,1583
2016-02-25,7,1882
2016-02-26,7,1890
2016-02-27,7,2231
2016-02-28,7,0.0
2016-02-29,7,2190
2016-03-01,7,2046
2016-03-02,7,1399
2016-03-03,7,1744
2016-03-04,7,1974
2016-03-05,7,2035
2016-03-06,7,0.0
2016-03-07,7,0.0
2016-03-08,7,3822
2016-03-09,7,1709
2016-03-10,7,1884
2016-03-11,7,2253
2016-03-12,7,0.0
2016-03-13,7,0.0
2016-03-14,7,5399
2016-03-15,7,2328
2016-03-16,7,2191
2016-03-17,7,2310
2016-03-18,7,2156
2016-03-19,7,2159
2016-03-20,7,0.0
2016-03-21,7,2055
2016-03-22,7,1874
2016-03-23,7,1494
2016-03-24,7,1234
2016-03-25,7,0.0
2016-03-26,7,2760
2016-03-27,7,0.0
2016-03-28,7,2488
2016-03-29,7,1922
2016-03-30,7,1769
2016-03-31,7,1900
2016-04-01,7,2116
2016-04-02,7,2469
2016-04-03,7,0.0
2016-04-04,7,2926
2016-04-05,7,2400
2016-04-06,7,1677
2016-04-07,7,1580
2016-04-08,7,0.0
2016-04-09,7,0.0
2016-04-10,7,0.0
2016-04-11,7,3944
2016-04-12,7,1479
2016-04-13,7,1820
2016-04-14,7,0.0
2016-04-15,7,4181
2016-04-16,7,2100
2016-04-17,7,0.0
2016-04-18,7,2609
2016-04-19,7,0.0
2016-04-20,7,0.0
2016-04-21,7,1549
2016-04-22,7,1371
2016-04-23,7,1429
2016-04-24,7,0.0
2016-04-25,7,1880
2016-04-26,7,1301
2016-04-27,7,1513
2016-04-28,7,1971
2016-04-29,7,1630
2016-04-30,7,1909
2016-05-01,7,0.0
2016-05-02,7,2953
2016-05-03,7,0.0
2016-05-04,7,1920
2016-05-05,7,2165
2016-05-06,7,2178
2016-05-07,7,2225
2016-05-08,7,0.0
2016-05-09,7,0.0
2016-05-10,7,5204
2016-05-11,7,1443
2016-05-12,7,1474
2016-05-13,7,1460
2016-05-14,7,0.0
2016-05-15,7,0.0
2016-05-16,7,4475
2016-05-17,7,1967
2016-05-18,7,1659
2016-05-19,7,1402
2016-05-20,7,1360
2016-05-21,7,1652
2016-05-22,7,0.0
2016-05-23,7,1808
2016-05-24,7,1509
2016-05-25,7,1644
2016-05-26,7,1620
2016-05-27,7,2010
2016-05-28,7,2268
2016-05-29,7,0.0
2016-05-30,7,2575
2016-05-31,7,1557
2016-06-01,7,1549
2016-06-02,7,1650
2016-06-03,7,1415
2016-06-04,7,1888
2016-06-05,7,0.0
2016-06-06,7,2468
2016-06-07,7,1709
2016-06-08,7,2214
2016-06-09,7,2295
2016-06-10,7,2022
2016-06-11,7,0.0
2016-06-12,7,0.0
2016-06-13,7,4759
2016-06-14,7,1516
2016-06-15,7,1183
2016-06-16,7,1145
2016-06-17,7,1536
2016-06-18,7,1652
2016-06-19,7,0.0
2016-06-20,7,2157
2016-06-21,7,1347
2016-06-22,7,1924
2016-06-23,7,1314
2016-06-24,7,1693
2016-06-25,7,1853
2016-06-26,7,0.0
2016-06-27,7,2058
2016-06-28,7,1275
2016-06-29,7,1449
2016-06-30,7,1509
2016-07-01,7,1452
2016-07-02,7,1834
2016-07-03,7,0.0
2016-07-04,7,2430
2016-07-05,7,1636
2016-07-06,7,843
2016-07-07,7,0.0
2016-07-08,7,2630
2016-07-09,7,0.0
2016-07-10,7,0.0
2016-07-11,7,3611
2016-07-12,7,2157
2016-07-13,7,2362
2016-07-14,7,2993
2016-07-15,7,2707
2016-07-16,7,2346
2016-07-17,7,0.0
2016-07-18,7,1949
2016-07-19,7,1534
2016-07-20,7,1449
2016-07-21,7,1017
2016-07-22,7,1333
2016-07-23,7,1289
2016-07-24,7,0.0
2016-07-25,7,1989
2016-07-26,7,1765
2016-07-27,7,1863
2016-07-28,7,1636
2016-07-29,7,2147
2016-07-30,7,2125
2016-07-31,7,0.0
2016-08-01,7,2382
2016-08-02,7,1772
2016-08-03,7,1362
2016-08-04,7,1280
2016-08-05,7,1748
2016-08-06,7,2470
2016-08-07,7,0.0
2016-08-08,7,2906
2016-08-09,7,1565
2016-08-10,7,1664
2016-08-11,7,1259
2016-08-12,7,1840
2016-08-13,7,0.0
2016-08-14,7,0.0
2016-08-15,7,0.0
2016-08-16,7,4502
2016-08-17,7,1551
2016-08-18,7,230
2016-08-19,7,2487
2016-08-20,7,2323
2016-08-21,7,0.0
2016-08-22,7,2892
2016-08-23,7,2434
2016-08-24,7,2377
2016-08-25,7,2876
2016-08-26,7,3243
2016-08-27,7,3015
2016-08-28,7,0.0
2016-08-29,7,3467
2016-08-30,7,2555
2016-08-31,7,2082
2016-09-01,7,2677
2016-09-02,7,2309
2016-09-03,7,3084
2016-09-04,7,0.0
2016-09-05,7,0.0
2016-09-06,7,4326
2016-09-07,7,2264
2016-09-08,7,3073
2016-09-09,7,0.0
2016-09-10,7,0.0
2016-09-11,7,0.0
2016-09-12,7,9239
2016-09-13,7,0.0
2016-09-14,7,2929
2016-09-15,7,2042
2016-09-16,7,3286
2016-09-17,7,4025
2016-09-18,7,0.0
2016-09-19,7,5792
2016-09-20,7,4450
2016-09-21,7,3461
2016-09-22,7,3626
2016-09-23,7,3678
2016-09-24,7,4676
2016-09-25,7,0.0
2016-09-26,7,5943
2016-09-27,7,5597
2016-09-28,7,4806
2016-09-29,7,4633
2016-09-30,7,0.0
2016-10-01,7,0.0
2016-10-02,7,0.0
2016-10-03,7,0.0
2016-10-04,7,0.0
2016-10-05,7,0.0
2016-10-06,7,0.0
2016-10-07,7,0.0
2016-10-08,7,0.0
2016-10-09,7,0.0
2016-10-10,7,0.0
2016-10-11,7,0.0
2016-10-12,7,0.0
2016-10-13,7,0.0
2016-10-14,7,0.0
2016-10-15,7,0.0
2016-10-16,7,0.0
2016-10-17,7,0.0
2016-10-18,7,0.0
2016-10-19,7,0.0
2016-10-20,7,0.0
2016-10-21,7,0.0
2016-10-22,7,0.0
2016-10-23,7,0.0
2016-10-24,7,0.0
2016-10-25,7,0.0
2016-10-26,7,0.0
2016-10-27,7,0.0
2016-10-28,7,0.0
2016-10-29,7,0.0
2016-10-30,7,0.0
2016-10-31,7,0.0
2016-11-01,7,0.0
2016-11-02,7,12157
2016-11-03,7,5633
2016-11-04,7,8315
2016-11-05,7,9434
2016-11-06,7,0.0
2016-11-07,7,10602
2016-11-08,7,9122
2016-11-09,7,8513
2016-11-10,7,5055
2016-11-11,7,5397
2016-11-12,7,0.0
2016-11-13,7,0.0
2016-11-14,7,15591
2016-11-15,7,7590
2016-11-16,7,7760
2016-11-17,7,0.0
2016-11-18,7,15933
2016-11-19,7,7946
2016-11-20,7,0.0
2016-11-21,7,8909
2016-11-22,7,7814
2016-11-23,7,6183
2016-11-24,7,6972
2016-11-25,7,7217
2016-11-26,7,7721
2016-11-27,7,0.0
2016-11-28,7,4007
2016-11-29,7,5479
2016-11-30,7,5406
2016-12-01,7,6597
2016-12-02,7,5296
2016-12-03,7,5837
2016-12-04,7,0.0
2016-12-05,7,5047
2016-12-06,7,4368
2016-12-07,7,4512
2016-12-08,7,5293
2016-12-09,7,5560
2016-12-10,7,0.0
2016-12-11,7,0.0
2016-12-12,7,11167
2016-12-13,7,0.0
2016-12-14,7,4628
2016-12-15,7,2207
2016-12-16,7,3143
2016-12-17,7,2679
2016-12-18,7,0.0
2016-12-19,7,3693
2016-12-20,7,3508
2016-12-21,7,2461
2016-12-22,7,2884
2016-12-23,7,3438
2016-12-24,7,3137
2016-12-25,7,0.0
2016-12-26,7,3291
2016-12-27,7,2527
2016-12-28,7,2550
2016-12-29,7,2019
2016-12-30,7,1412
2016-12-31,7,1284
2017-01-01,7,0.0
2017-01-02,7,2938
2017-01-03,7,2423
2017-01-04,7,2312
2017-01-05,7,2018
2017-01-06,7,2506
2017-01-07,7,3081
2017-01-08,7,0.0
2017-01-09,7,3863
2017-01-10,7,2782
2017-01-11,7,2911
2017-01-12,7,2358
2017-01-13,7,2199
2017-01-14,7,0.0
2017-01-15,7,0.0
2017-01-16,7,1364
2017-01-17,7,1064
2017-01-18,7,1339
2017-01-19,7,2108
2017-01-20,7,0.0
2017-01-21,7,0.0
2017-01-22,7,0.0
2017-01-23,7,0.0
2017-01-24,7,2668
2017-01-25,7,2104
2017-01-26,7,0.0
2017-01-27,7,2781
2017-01-28,7,2382
2017-01-29,7,0.0
2017-01-30,7,2734
2017-01-31,7,2471
2017-02-01,7,1892
2017-02-02,7,2004
2017-02-03,7,1866
2017-02-04,7,2233
2017-02-05,7,0.0
2017-02-06,7,2419
2017-02-07,7,2056
2017-02-08,7,1753
2017-02-09,7,1891
2017-02-10,7,1776
2017-02-11,7,0.0
2017-02-12,7,0.0
2017-02-13,7,5363
2017-02-14,7,1942
2017-02-15,7,1999
2017-02-16,7,1437
2017-02-17,7,1308
2017-02-18,7,1638
2017-02-19,7,0.0
2017-02-20,7,0.0
2017-02-21,7,1417
2017-02-22,7,1791
2017-02-23,7,1722
2017-02-24,7,0.0
2017-02-25,7,0.0
2017-02-26,7,0.0
2017-02-27,7,2395
2017-02-28,7,1953
2017-03-01,7,1944
2017-03-02,7,1630
2017-03-03,7,2056
2017-03-04,7,2335
2017-03-05,7,0.0
2017-03-06,7,3073
2017-03-07,7,2275
2017-03-08,7,2614
2017-03-09,7,1052
2017-03-10,7,1748
2017-03-11,7,0.0
2017-03-12,7,0.0
2017-03-13,7,4329
2017-03-14,7,1580
2017-03-15,7,1373
2017-03-16,7,1583
2017-03-17,7,1805
2017-03-18,7,1469
2017-03-19,7,0.0
2017-03-20,7,2260
2017-03-21,7,1752
2017-03-22,7,1732
2017-03-23,7,1814
2017-03-24,7,1702
2017-03-25,7,2241
2017-03-26,7,0.0
2017-03-27,7,3710
2017-03-28,7,3710
2017-03-29,7,0.0
2017-03-30,7,2479
2017-03-31,7,1524
2017-04-01,7,1297
2017-04-02,7,0.0
2017-04-03,7,2224
2017-04-04,7,1738
2017-04-05,7,1158
2017-04-06,7,1617
2017-04-07,7,1641
2017-04-08,7,0.0
2017-04-09,7,0.0
2017-04-10,7,5485
2017-04-11,7,2532
2017-04-12,7,2495
2017-04-13,7,2083
2017-04-14,7,0.0
2017-04-15,7,1033
2017-04-16,7,0.0
2017-04-17,7,2581
2017-04-18,7,1946
2017-04-19,7,1948
2017-04-20,7,383
2017-04-21,7,1314
2017-04-22,7,1826
2017-04-23,7,0.0
2017-04-24,7,2460
2017-04-25,7,519
2017-04-26,7,2333
2017-04-27,7,568
2017-04-28,7,2142
2017-04-29,7,0.0
2017-04-30,7,0.0
2017-05-01,7,0.0
2017-05-02,7,5329
2017-05-03,7,2237
2017-05-04,7,1962
2017-05-05,7,1793
2017-05-06,7,2122
2017-05-07,7,0.0
2017-05-08,7,3462
2017-05-09,7,2549
2017-05-10,7,2382
2017-05-11,7,1759
2017-05-12,7,1822
2017-05-13,7,0.0
2017-05-14,7,0.0
2017-05-15,7,4304
2017-05-16,7,1451
2017-05-17,7,1605
2017-05-18,7,1169
2017-05-19,7,1132
2017-05-20,7,1694
2017-05-21,7,0.0
2017-05-22,7,3298
2017-05-23,7,1995
2017-05-24,7,968
2017-05-25,7,2122
2017-05-26,7,1905
2017-05-27,7,2321
2017-05-28,7,0.0
2017-05-29,7,3417
2017-05-30,7,2403
2017-05-31,7,1816
2017-06-01,7,2001
2017-06-02,7,2194
2017-06-03,7,2537
2017-06-04,7,0.0
2017-06-05,7,2858
2017-06-06,7,1793
2017-06-07,7,1565
2017-06-08,7,1265
2017-06-09,7,2225
2017-06-10,7,0.0
2017-06-11,7,0.0
2017-06-12,7,5904
2017-06-13,7,845
2017-06-14,7,1822
2017-06-15,7,2433
2017-06-16,7,2670
2017-06-17,7,2868
2017-06-18,7,0.0
2017-06-19,7,4416
2017-06-20,7,2585
2017-06-21,7,1104
2017-06-22,7,1772
2017-06-23,7,2105
2017-06-24,7,2331
2017-06-25,7,0.0
2017-06-26,7,0.0
2017-06-27,7,3242
2017-06-28,7,1168
2017-06-29,7,1302
2017-06-30,7,1370
2017-07-01,7,1922
2017-07-02,7,0.0
2017-07-03,7,3383
2017-07-04,7,1986
2017-07-05,7,2172
2017-07-06,7,2400
2017-07-07,7,2533
2017-07-08,7,0.0
2017-07-09,7,0.0
2017-07-10,7,4406
2017-07-11,7,1657
2017-07-12,7,1403
2017-07-13,7,2020
2017-07-14,7,1914
2017-07-15,7,2009
2017-07-16,7,0.0
2017-07-17,7,2509
2017-07-18,7,1886
2017-07-19,7,1726
2017-07-20,7,1753
2017-07-21,7,1664
2017-07-22,7,1614
2017-07-23,7,0.0
2017-07-24,7,2171
2017-07-25,7,1609
2017-07-26,7,1275
2017-07-27,7,1652
2017-07-28,7,1607
2017-07-29,7,1799
2017-07-30,7,0.0
2017-07-31,7,1761
2017-08-01,7,1148
2017-08-02,7,889
2017-08-03,7,847
2017-08-04,7,1921
2017-08-05,7,1326
2017-08-06,7,0.0
2017-08-07,7,2189
2017-08-08,7,1422
2017-08-09,7,671
2017-08-10,7,487
2017-08-11,7,724
2017-08-12,7,0.0
2017-08-13,7,0.0
2017-08-14,7,1489
2017-08-15,7,0.0
2017-08-16,7,1684
2017-08-17,7,215
2017-08-18,7,760
2017-08-19,7,1678
2017-08-20,7,0.0
2017-08-21,7,2325
2017-08-22,7,1133
2017-08-23,7,1693
2017-08-24,7,1944
2017-08-25,7,0.0
2017-08-26,7,3526
2017-08-27,7,0.0
2017-08-28,7,1321
2017-08-29,7,692
2017-08-30,7,379
2017-08-31,7,1007
2017-09-01,7,1412
2017-09-02,7,0.0
2017-09-03,7,0.0
2017-09-04,7,2110
2017-09-05,7,1258
2017-09-06,7,1595
2017-09-07,7,1940
2017-09-08,7,743
2017-09-09,7,0.0
2017-09-10,7,0.0
2017-09-11,7,4577
2017-09-12,7,1691
2017-09-13,7,1994
2017-09-14,7,1543
2017-09-15,7,994
2017-09-16,7,2113
2017-09-17,7,0.0
2017-09-18,7,1593
2017-09-19,7,0.0
2017-09-20,7,1672
2017-09-21,7,478
2017-09-22,7,913
2017-09-23,7,1171
2017-09-24,7,0.0
2017-09-25,7,1180
2017-09-26,7,1792
2017-09-27,7,1890
2017-09-28,7,2003
2017-09-29,7,0.0
2017-09-30,7,0.0
2017-10-01,7,0.0
2017-10-02,7,0.0
2017-10-03,7,4405
2017-10-04,7,2232
2017-10-05,7,0.0
2017-10-06,7,4320
2017-10-07,7,2171
2017-10-08,7,0.0
2017-10-09,7,2940
2017-10-10,7,4338
2017-10-11,7,4408
2017-10-12,7,6705
2017-10-13,7,7480
2017-10-14,7,0.0
2017-10-15,7,0.0
2017-10-16,7,11982
2017-10-17,7,5447
2017-10-18,7,0.0
2017-10-19,7,1905
2017-10-20,7,0.0
2017-10-21,7,3318
2017-10-22,7,0.0
2017-10-23,7,5952
2017-10-24,7,5429
2017-10-25,7,5260
2017-10-26,7,5953
2017-10-27,7,5601
2017-10-28,7,4211
2017-10-29,7,0.0
2017-10-30,7,5621
2017-10-31,7,4096
2017-11-01,7,0.0
2017-11-02,7,5259
2017-11-03,7,3325
2017-11-04,7,4849
2017-11-05,7,0.0
2017-11-06,7,0.0
2017-11-07,7,6887
2017-11-08,7,2842
2017-11-09,7,2536
2017-11-10,7,3329
2017-11-11,7,0.0
2017-11-12,7,0.0
2017-11-13,7,5114
2017-11-14,7,2089
2017-11-15,7,1619
2017-11-16,7,1818
2017-11-17,7,2211
2017-11-18,7,1926
2017-11-19,7,0.0
2017-11-20,7,2917
2017-11-21,7,622
2017-11-22,7,1715
2017-11-23,7,1926
2017-11-24,7,1768
2017-11-25,7,2658
2017-11-26,7,0.0
2017-11-27,7,2873
2017-11-28,7,1833
2017-11-29,7,1976
2017-11-30,7,2546
2017-12-01,7,2874
2017-12-02,7,0.0
2017-12-03,7,0.0
2017-12-04,7,5712
2017-12-05,7,1368
2017-12-06,7,1768
2017-12-07,7,1820
2017-12-08,7,1851
2017-12-09,7,0.0
2017-12-10,7,0.0
2017-12-11,7,4157
2017-12-12,7,1399
2017-12-13,7,1813
2017-12-14,7,1856
2017-12-15,7,2083
2017-12-16,7,2426
2017-12-17,7,0.0
2017-12-18,7,2583
2017-12-19,7,1756
2017-12-20,7,1480
2017-12-21,7,1515
2017-12-22,7,1946
2017-12-23,7,3082
2017-12-24,7,0.0
2017-12-25,7,0.0
2017-12-26,7,1450
2017-12-27,7,1930
2017-12-28,7,1386
2017-12-29,7,1436
2017-12-30,7,1539
2017-12-31,7,0.0
2018-01-01,7,1991
2018-01-02,7,1658
2018-01-03,7,1719
2018-01-04,7,1401
2018-01-05,7,1709
2018-01-06,7,2084
2018-01-07,7,0.0
2018-01-08,7,1929
2018-01-09,7,1811
2018-01-10,7,1878
2018-01-11,7,2389
2018-01-12,7,2325
2018-01-13,7,0.0
2018-01-14,7,0.0
2018-01-15,7,0.0
2018-01-16,7,1475
2018-01-17,7,998
2018-01-18,7,1388
2018-01-19,7,1907
2018-01-20,7,2504
2018-01-21,7,0.0
2018-01-22,7,2173
2018-01-23,7,2110
2018-01-24,7,2279
2018-01-25,7,1774
2018-01-26,7,0.0
2018-01-27,7,3077
2018-01-28,7,0.0
2018-01-29,7,2476
2018-01-30,7,1501
2018-01-31,7,2133
2018-02-01,7,1653
2018-02-02,7,1596
2018-02-03,7,2007
2018-02-04,7,0.0
2018-02-05,7,2085
2018-02-06,7,2036
2018-02-07,7,1740
2018-02-08,7,1702
2018-02-09,7,1721
2018-02-10,7,0.0
2018-02-11,7,0.0
2018-02-12,7,2398
2018-02-13,7,0.0
2018-02-14,7,2092
2018-02-15,7,1592
2018-02-16,7,1679
2018-02-17,7,1494
2018-02-18,7,0.0
2018-02-19,7,2678
2018-02-20,7,1882
2018-02-21,7,1935
2018-02-22,7,1847
2018-02-23,7,2039
2018-02-24,7,2744
2018-02-25,7,0.0
2018-02-26,7,3900
2018-02-27,7,3514
2018-02-28,7,727
2018-03-01,7,2573
2018-03-02,7,2477
2018-03-03,7,2348
2018-03-04,7,0.0
2018-03-05,7,2506
2018-03-06,7,1934
2018-03-07,7,2567
2018-03-08,7,2572
2018-03-09,7,2939
2018-03-10,7,0.0
2018-03-11,7,0.0
2018-03-12,7,6691
2018-03-13,7,3260
2018-03-14,7,2840
2018-03-15,7,2905
2018-03-16,7,2039
2018-03-17,7,1272
2018-03-18,7,0.0
2018-03-19,7,1661
2018-03-20,7,1077
2018-03-21,7,489
2018-03-22,7,1444
2018-03-23,7,1706
2018-03-24,7,2302
2018-03-25,7,0.0
2018-03-26,7,4186
2018-03-27,7,2249
2018-03-28,7,2554
2018-03-29,7,0.0
2018-03-30,7,0.0
2018-03-31,7,8925
2018-04-01,7,0.0
2018-04-02,7,3015
2018-04-03,7,2042
2018-04-04,7,1741
2018-04-05,7,2299
2018-04-06,7,2455
2018-04-07,7,2672
2018-04-08,7,0.0
2018-04-09,7,3550
2018-04-10,7,2878
2018-04-11,7,2404
2018-04-12,7,2029
2018-04-13,7,2856
2018-04-14,7,0.0
2018-04-15,7,0.0
2018-04-16,7,5023
2018-04-17,7,1716
2018-04-18,7,0.0
2018-04-19,7,2364
2018-04-20,7,0.0
2018-04-21,7,0.0
2018-04-22,7,0.0
2018-04-23,7,0.0
2018-04-24,7,0.0
2018-04-25,7,0.0
2018-04-26,7,1584
2018-04-27,7,1791
2018-04-28,7,1644
2018-04-29,7,0.0
2018-04-30,7,2145
2018-05-01,7,0.0
2018-05-02,7,2514
2018-05-03,7,1832
2018-05-04,7,1713
2018-05-05,7,2130
2018-05-06,7,0.0
2018-05-07,7,3378
2018-05-08,7,2330
2018-05-09,7,2548
2018-05-10,7,2270
2018-05-11,7,1959
2018-05-12,7,0.0
2018-05-13,7,0.0
2018-05-14,7,2064
2018-05-15,7,1474
2018-05-16,7,1997
2018-05-17,7,2128
2018-05-18,7,2676
2018-05-19,7,2812
2018-05-20,7,0.0
2018-05-21,7,3975
2018-05-22,7,2536
2018-05-23,7,2677
2018-05-24,7,1755
2018-05-25,7,1514
2018-05-26,7,1390
2018-05-27,7,0.0
2018-05-28,7,1116
2018-05-29,7,1210
2018-05-30,7,1222
2018-05-31,7,1855
2018-06-01,7,2162
2018-06-02,7,3243
2018-06-03,7,0.0
2018-06-04,7,1461
2018-06-05,7,2226
2018-06-06,7,2617
2018-06-07,7,2705
2018-06-08,7,2001
2018-06-09,7,0.0
2018-06-10,7,0.0
2018-06-11,7,1774
2018-06-12,7,1682
2018-06-13,7,2244
2018-06-14,7,2537
2018-06-15,7,2371
2018-06-16,7,0.0
2018-06-17,7,0.0
2018-06-18,7,2513
2018-06-19,7,1612
2018-06-20,7,1989
2018-06-21,7,1910
2018-06-22,7,2335
2018-06-23,7,1900
2018-06-24,7,0.0
2018-06-25,7,2858
2018-06-26,7,1804
2018-06-27,7,1824
2018-06-28,7,1498
2018-06-29,7,1396
2018-06-30,7,1347
2018-07-01,7,0.0
2018-07-02,7,3020
2018-07-03,7,1488
2018-07-04,7,2936
2018-07-05,7,2722
2018-07-06,7,2072
2018-07-07,7,2038
2018-07-08,7,0.0
2018-07-09,7,2158
2018-07-10,7,1639
2018-07-11,7,1919
2018-07-12,7,2003
2018-07-13,7,2094
2018-07-14,7,0.0
2018-07-15,7,0.0
2018-07-16,7,4733
2018-07-17,7,2104
2018-07-18,7,1738
2018-07-19,7,2397
2018-07-20,7,2778
2018-07-21,7,2497
2018-07-22,7,0.0
2018-07-23,7,3238
2018-07-24,7,2281
2018-07-25,7,1203
2018-07-26,7,1595
2018-07-27,7,1470
2018-07-28,7,1516
2018-07-29,7,0.0
2018-07-30,7,3047
2018-07-31,7,1859
2018-08-01,7,1602
2018-08-02,7,2146
2018-08-03,7,1947
2018-08-04,7,2167
2018-08-05,7,0.0
2018-08-06,7,2945
2018-08-07,7,2631
2018-08-08,7,2693
2018-08-09,7,2567
2018-08-10,7,2461
2018-08-11,7,0.0
2018-08-12,7,0.0
2018-08-13,7,3829
2018-08-14,7,1675
2018-08-15,7,0.0
2018-08-16,7,2961
2018-08-17,7,0.0
2018-08-18,7,3390
2018-08-19,7,0.0
2018-08-20,7,3697
2018-08-21,7,3249
2018-08-22,7,0.0
2018-08-23,7,3912
2018-08-24,7,2774
2018-08-25,7,3079
2018-08-26,7,0.0
2018-08-27,7,3613
2018-08-28,7,2252
2018-08-29,7,1846
2018-08-30,7,2118
2018-08-31,7,2123
2018-09-01,7,2668
2018-09-02,7,0.0
2018-09-03,7,3043
2018-09-04,7,2815
2018-09-05,7,3020
2018-09-06,7,3605
2018-09-07,7,3520
2018-09-08,7,0.0
2018-09-09,7,0.0
2018-09-10,7,3816
2018-09-11,7,3227
2018-09-12,7,2015
2018-09-13,7,0.0
2018-09-14,7,3441
2018-09-15,7,3164
2018-09-16,7,0.0
2018-09-17,7,4340
2018-09-18,7,3246
2018-09-19,7,3636
2018-09-20,7,3682
2018-09-21,7,0.0
2018-09-22,7,6202
2018-09-23,7,0.0
2018-09-24,7,4766
2018-09-25,7,4317
2018-09-26,7,3115
2018-09-27,7,3532
2018-09-28,7,4936
2018-09-29,7,3957
2018-09-30,7,0.0
2018-10-01,7,6216
2018-10-02,7,0.0
2018-10-03,7,6215
2018-10-04,7,4809
2018-10-05,7,5921
2018-10-06,7,5494
2018-10-07,7,0.0
2018-10-08,7,0.0
2018-10-09,7,9903
2018-10-10,7,4842
2018-10-11,7,6148
2018-10-12,7,5655
2018-10-13,7,0.0
2018-10-14,7,0.0
2018-10-15,7,13323
2018-10-16,7,6559
2018-10-17,7,5478
2018-10-18,7,0.0
2018-10-19,7,0.0
2018-10-20,7,0.0
2018-10-21,7,0.0
2018-10-22,7,8088
2018-10-23,7,6108
2018-10-24,7,0.0
2018-10-25,7,0.0
2018-10-26,7,9082
2018-10-27,7,8223
2018-10-28,7,0.0
2018-10-29,7,7827
2018-10-30,7,7190
2018-10-31,7,7455
2018-11-01,7,0.0
2018-11-02,7,9270
2018-11-03,7,7075
2018-11-04,7,0.0
2018-11-05,7,6515
2018-11-06,7,0.0
2018-11-07,7,2784
2018-11-08,7,0.0
2018-11-09,7,3662
2018-11-10,7,0.0
2018-11-11,7,0.0
2018-11-12,7,0.0
2018-11-13,7,0.0
2018-11-14,7,6304
2018-11-15,7,6747
2018-11-16,7,6270
2018-11-17,7,3693
2018-11-18,7,0.0
2018-11-19,7,3948
2018-11-20,7,3195
2018-11-21,7,0.0
2018-11-22,7,3958
2018-11-23,7,2947
2018-11-24,7,2409
2018-11-25,7,0.0
2018-11-26,7,0.0
2018-11-27,7,8653
2018-11-28,7,3416
2018-11-29,7,3302
2018-11-30,7,3445
2018-12-01,7,3983
2018-12-02,7,0.0
2018-12-03,7,4293
2018-12-04,7,2913
2018-12-05,7,2843
2018-12-06,7,2815
2018-12-07,7,2872
2018-12-08,7,0.0
2018-12-09,7,0.0
2018-12-10,7,5419
2018-12-11,7,2805
2018-12-12,7,2994
2018-12-13,7,2729
2018-12-14,7,2886
2018-12-15,7,2852
2018-12-16,7,0.0
2018-12-17,7,3160
2018-12-18,7,2400
2018-12-19,7,2926
2018-12-20,7,2313
2018-12-21,7,3010
2018-12-22,7,2867
2018-12-23,7,0.0
2018-12-24,7,3271
2018-12-25,7,0.0
2018-12-26,7,993
2018-12-27,7,855
2018-12-28,7,2043
2018-12-29,7,2041
2018-12-30,7,0.0
2018-12-31,7,1757
2019-01-01,7,1782
2019-01-02,7,1695
2019-01-03,7,2118
2019-01-04,7,2401
2019-01-05,7,2271
2019-01-06,7,0.0
2019-01-07,7,3295
2019-01-08,7,2450
2019-01-09,7,2730
2019-01-10,7,3184
2019-01-11,7,3723
2019-01-12,7,0.0
2019-01-13,7,0.0
2019-01-14,7,7725
2019-01-15,7,0.0
2019-01-16,7,1024
2019-01-17,7,1020
2019-01-18,7,1384
2019-01-19,7,1550
2019-01-20,7,0.0
2019-01-21,7,3386
2019-01-22,7,0.0
2019-01-23,7,2935
2019-01-24,7,2487
2019-01-25,7,4682
2019-01-26,7,0.0
2019-01-27,7,0.0
2019-01-28,7,7608
2019-01-29,7,2507
2019-01-30,7,1799
2019-01-31,7,2184
2019-02-01,7,2458
2019-02-02,7,2024
2019-02-03,7,0.0
2019-02-04,7,1898
2019-02-05,7,2422
2019-02-06,7,1855
2019-02-07,7,1805
2019-02-08,7,2214
2019-02-09,7,0.0
2019-02-10,7,0.0
2019-02-11,7,4848
2019-02-12,7,2430
2019-02-13,7,2210
2019-02-14,7,1963
2019-02-15,7,2035
2019-02-16,7,2122
2019-02-17,7,0.0
2019-02-18,7,2500
2019-02-19,7,1997
2019-02-20,7,2043
2019-02-21,7,2273
2019-02-22,7,1807
2019-02-23,7,1323
2019-02-24,7,0.0
2019-02-25,7,1604
2019-02-26,7,1404
2019-02-27,7,2183
2019-02-28,7,2053
2019-03-01,7,2131
2019-03-02,7,2957
2019-03-03,7,0.0
2019-03-04,7,0.0
2019-03-05,7,4277
2019-03-06,7,1909
2019-03-07,7,1645
2019-03-08,7,2177
2019-03-09,7,0.0
2019-03-10,7,0.0
2019-03-11,7,4304
2019-03-12,7,2134
2019-03-13,7,1969
2019-03-14,7,1946
2019-03-15,7,2265
2019-03-16,7,2656
2019-03-17,7,0.0
2019-03-18,7,2692
2019-03-19,7,2405
2019-03-20,7,2029
2019-03-21,7,2550
2019-03-22,7,2268
2019-03-23,7,1763
2019-03-24,7,0.0
2019-03-25,7,1942
2019-03-26,7,2036
2019-03-27,7,1973
2019-03-28,7,1863
2019-03-29,7,2037
2019-03-30,7,1810
2019-03-31,7,0.0
2019-04-01,7,4934
2019-04-02,7,2020
2019-04-03,7,3417
2019-04-04,7,1737
2019-04-05,7,1837
2019-04-06,7,0.0
2019-04-07,7,0.0
2019-04-08,7,2776
2019-04-09,7,1206
2019-04-10,7,1654
2019-04-11,7,1753
2019-04-12,7,2217
2019-04-13,7,0.0
2019-04-14,7,0.0
2019-04-15,7,5466
2019-04-16,7,1976
2019-04-17,7,0.0
2019-04-18,7,0.0
2019-04-19,7,0.0
2019-04-20,7,6877
2019-04-21,7,0.0
2019-04-22,7,1831
2019-04-23,7,1230
2019-04-24,7,1643
2019-04-25,7,1585
2019-04-26,7,1713
2019-04-27,7,2184
2019-04-28,7,0.0
2019-04-29,7,3075
2019-04-30,7,2198
2019-05-01,7,0.0
2019-05-02,7,4310
2019-05-03,7,2619
2019-05-04,7,2165
2019-05-05,7,0.0
2019-05-06,7,3179
2019-05-07,7,0.0
2019-05-08,7,1724
2019-05-09,7,1462
2019-05-10,7,1923
2019-05-11,7,0.0
2019-05-12,7,0.0
2019-05-13,7,2219
2019-05-14,7,1658
2019-05-15,7,1804
2019-05-16,7,1912
2019-05-17,7,1588
2019-05-18,7,1507
2019-05-19,7,0.0
2019-05-20,7,2229
2019-05-21,7,1565
2019-05-22,7,1677
2019-05-23,7,1233
2019-05-24,7,1542
2019-05-25,7,1620
2019-05-26,7,0.0
2019-05-27,7,1272
2019-05-28,7,1676
2019-05-29,7,1784
2019-05-30,7,2079
2019-05-31,7,2183
2019-06-01,7,1653
2019-06-02,7,0.0
2019-06-03,7,1501
2019-06-04,7,1542
2019-06-05,7,0.0
2019-06-06,7,2706
2019-06-07,7,2471
2019-06-08,7,0.0
2019-06-09,7,0.0
2019-06-10,7,5695
2019-06-11,7,1592
2019-06-12,7,1917
2019-06-13,7,1996
2019-06-14,7,2421
2019-06-15,7,1601
2019-06-16,7,0.0
2019-06-17,7,1915
2019-06-18,7,1306
2019-06-19,7,1504
2019-06-20,7,1858
2019-06-21,7,1735
2019-06-22,7,0.0
2019-06-23,7,0.0
2019-06-24,7,4424
2019-06-25,7,1717
2019-06-26,7,0.0
2019-06-27,7,0.0
2019-06-28,7,0.0
2019-06-29,7,0.0
2019-06-30,7,0.0
2019-07-01,7,0.0
2019-07-02,7,0.0
2019-07-03,7,0.0
2019-07-04,7,0.0
2019-07-05,7,0.0
2019-07-06,7,0.0
2019-07-07,7,0.0
2019-07-08,7,0.0
2019-07-09,7,0.0
2019-07-10,7,667
2019-07-11,7,0.0
2019-07-12,7,0.0
2019-07-13,7,0.0
2019-07-14,7,0.0
2019-07-15,7,4312
2019-07-16,7,1602
2019-07-17,7,1668
2019-07-18,7,1729
2019-07-19,7,1763
2019-07-20,7,1200
2019-07-21,7,0.0
2019-07-22,7,1737
2019-07-23,7,1515
2019-07-24,7,1590
2019-07-25,7,1685
2019-07-26,7,1948
2019-07-27,7,0.0
2019-07-28,7,0.0
2019-07-29,7,3572
2019-07-30,7,1346
2019-07-31,7,1556
2019-08-01,7,1377
2019-08-02,7,1287
2019-08-03,7,1732
2019-08-04,7,0.0
2019-08-05,7,2332
2019-08-06,7,1340
2019-08-07,7,1466
2019-08-08,7,1292
2019-08-09,7,2260
2019-08-10,7,0.0
2019-08-11,7,0.0
2019-08-12,7,0.0
2019-08-13,7,6182
2019-08-14,7,1465
2019-08-15,7,0.0
2019-08-16,7,2626
2019-08-17,7,1485
2019-08-18,7,0.0
2019-08-19,7,2100
2019-08-20,7,1350
2019-08-21,7,1369
2019-08-22,7,1329
2019-08-23,7,2024
2019-08-24,7,0.0
2019-08-25,7,0.0
2019-08-26,7,5020
2019-08-27,7,1893
2019-08-28,7,1401
2019-08-29,7,2029
2019-08-30,7,2542
2019-08-31,7,2619
2019-09-01,7,0.0
2019-09-02,7,0.0
2019-09-03,7,1588
2019-09-04,7,1172
2019-09-05,7,1852
2019-09-06,7,1570
2019-09-07,7,1110
2019-09-08,7,0.0
2019-09-09,7,3483
2019-09-10,7,0.0
2019-09-11,7,2731
2019-09-12,7,1373
2019-09-13,7,1787
2019-09-14,7,0.0
2019-09-15,7,0.0
2019-09-16,7,4522
2019-09-17,7,2422
2019-09-18,7,2533
2019-09-19,7,2417
2019-09-20,7,886
2019-09-21,7,2993
2019-09-22,7,0.0
2019-09-23,7,3768
2019-09-24,7,4052
2019-09-25,7,2458
2019-09-26,7,2895
2019-09-27,7,3170
2019-09-28,7,0.0
2019-09-29,7,0.0
2019-09-30,7,7240
2019-10-01,7,4569
2019-10-02,7,0.0
2019-10-03,7,4190
2019-10-04,7,6633
2019-10-05,7,6008
2019-10-06,7,0.0
2019-10-07,7,0.0
2019-10-08,7,0.0
2019-10-09,7,5064
2019-10-10,7,3262
2019-10-11,7,5070
2019-10-12,7,0.0
2019-10-13,7,0.0
2019-10-14,7,0.0
2019-10-15,7,6830
2019-10-16,7,6401
2019-10-17,7,6734
2019-10-18,7,4900
2019-10-19,7,3840
2019-10-20,7,0.0
2019-10-21,7,6297
2019-10-22,7,4517
2019-10-23,7,4226
2019-10-24,7,6664
2019-10-25,7,6441
2019-10-26,7,0.0
2019-10-27,7,0.0
2019-10-28,7,9573
2019-10-29,7,0.0
2019-10-30,7,2861
2019-10-31,7,3458
2019-11-01,7,0.0
2019-11-02,7,7552
2019-11-03,7,0.0
2019-11-04,7,8359
2019-11-05,7,6531
2019-11-06,7,5560
2019-11-07,7,4378
2019-11-08,7,3928
2019-11-09,7,0.0
2019-11-10,7,0.0
2019-11-11,7,7503
2019-11-12,7,3950
2019-11-13,7,3452
2019-11-14,7,3606
2019-11-15,7,0.0
2019-11-16,7,6858
2019-11-17,7,0.0
2019-11-18,7,3270
2019-11-19,7,2662
2019-11-20,7,3284
2019-11-21,7,2885
2019-11-22,7,3021
2019-11-23,7,0.0
2019-11-24,7,0.0
2019-11-25,7,6069
2019-11-26,7,3033
2019-11-27,7,2653
2019-11-28,7,2673
2019-11-29,7,2808
2019-11-30,7,2945
2019-12-01,7,0.0
2019-12-02,7,1516
2019-12-03,7,2176
2019-12-04,7,1747
2019-12-05,7,0.0
2019-12-06,7,1932
2019-12-07,7,1867
2019-12-08,7,0.0
2019-12-09,7,2515
2019-12-10,7,2938
2019-12-11,7,2104
2019-12-12,7,1647
2019-12-13,7,1552
2019-12-14,7,0.0
2019-12-15,7,0.0
2019-12-16,7,3866
2019-12-17,7,1459
2019-12-18,7,1433
2019-12-19,7,1602
2019-12-20,7,1952
2019-12-21,7,1860
2019-12-22,7,0.0
2019-12-23,7,2077
2019-12-24,7,1863
2019-12-25,7,0.0
2019-12-26,7,3247
2019-12-27,7,1798
2019-12-28,7,0.0
2019-12-29,7,0.0
2019-12-30,7,4307
2019-12-31,7,1511
