2006-01-01,44,0
2006-01-02,44,0
2006-01-03,44,0
2006-01-04,44,0
2006-01-05,44,0
2006-01-06,44,0
2006-01-07,44,0
2006-01-08,44,0
2006-01-09,44,0
2006-01-10,44,0
2006-01-11,44,0
2006-01-12,44,0
2006-01-13,44,0
2006-01-14,44,0
2006-01-15,44,0
2006-01-16,44,0
2006-01-17,44,0
2006-01-18,44,0
2006-01-19,44,0
2006-01-20,44,0
2006-01-21,44,0
2006-01-22,44,0
2006-01-23,44,0
2006-01-24,44,0
2006-01-25,44,0
2006-01-26,44,0
2006-01-27,44,0
2006-01-28,44,0
2006-01-29,44,0
2006-01-30,44,0
2006-01-31,44,0
2006-02-01,44,0
2006-02-02,44,0
2006-02-03,44,0
2006-02-04,44,0
2006-02-05,44,0
2006-02-06,44,0
2006-02-07,44,0
2006-02-08,44,0
2006-02-09,44,0
2006-02-10,44,0
2006-02-11,44,0
2006-02-12,44,0
2006-02-13,44,0
2006-02-14,44,0
2006-02-15,44,0
2006-02-16,44,0
2006-02-17,44,0
2006-02-18,44,0
2006-02-19,44,0
2006-02-20,44,0
2006-02-21,44,1436
2006-02-22,44,0
2006-02-23,44,0
2006-02-24,44,0
2006-02-25,44,0
2006-02-26,44,0
2006-02-27,44,0
2006-02-28,44,0
2006-03-01,44,0
2006-03-02,44,0
2006-03-03,44,0
2006-03-04,44,0
2006-03-05,44,0
2006-03-06,44,0
2006-03-07,44,0
2006-03-08,44,0
2006-03-09,44,0
2006-03-10,44,0
2006-03-11,44,0
2006-03-12,44,0
2006-03-13,44,0
2006-03-14,44,0
2006-03-15,44,0
2006-03-16,44,0
2006-03-17,44,0
2006-03-18,44,0
2006-03-19,44,0
2006-03-20,44,0
2006-03-21,44,0
2006-03-22,44,0
2006-03-23,44,0
2006-03-24,44,0
2006-03-25,44,0
2006-03-26,44,0
2006-03-27,44,0
2006-03-28,44,0
2006-03-29,44,0
2006-03-30,44,0
2006-03-31,44,0
2006-04-01,44,0
2006-04-02,44,0
2006-04-03,44,1045
2006-04-04,44,1212
2006-04-05,44,0
2006-04-06,44,0
2006-04-07,44,1812
2006-04-08,44,0
2006-04-09,44,0
2006-04-10,44,1410
2006-04-11,44,0
2006-04-12,44,523
2006-04-13,44,564
2006-04-14,44,384
2006-04-15,44,0
2006-04-16,44,0
2006-04-17,44,0
2006-04-18,44,108
2006-04-19,44,34.6
2006-04-20,44,48
2006-04-21,44,57
2006-04-22,44,0
2006-04-23,44,0
2006-04-24,44,2104
2006-04-25,44,0
2006-04-26,44,0
2006-04-27,44,0
2006-04-28,44,0
2006-04-29,44,0
2006-04-30,44,0
2006-05-01,44,0
2006-05-02,44,0
2006-05-03,44,0
2006-05-04,44,0
2006-05-05,44,0
2006-05-06,44,0
2006-05-07,44,0
2006-05-08,44,0
2006-05-09,44,0
2006-05-10,44,0
2006-05-11,44,0
2006-05-12,44,0
2006-05-13,44,0
2006-05-14,44,0
2006-05-15,44,0
2006-05-16,44,0
2006-05-17,44,0
2006-05-18,44,0
2006-05-19,44,0
2006-05-20,44,0
2006-05-21,44,0
2006-05-22,44,0
2006-05-23,44,0
2006-05-24,44,474.4
2006-05-25,44,0
2006-05-26,44,0
2006-05-27,44,0
2006-05-28,44,0
2006-05-29,44,0
2006-05-30,44,0
2006-05-31,44,0
2006-06-01,44,0
2006-06-02,44,0
2006-06-03,44,0
2006-06-04,44,0
2006-06-05,44,0
2006-06-06,44,302
2006-06-07,44,0
2006-06-08,44,0
2006-06-09,44,0
2006-06-10,44,0
2006-06-11,44,0
2006-06-12,44,0
2006-06-13,44,0
2006-06-14,44,0
2006-06-15,44,0
2006-06-16,44,0
2006-06-17,44,0
2006-06-18,44,0
2006-06-19,44,0
2006-06-20,44,0
2006-06-21,44,0
2006-06-22,44,0
2006-06-23,44,1230
2006-06-24,44,0
2006-06-25,44,0
2006-06-26,44,1350
2006-06-27,44,0
2006-06-28,44,0
2006-06-29,44,0
2006-06-30,44,0
2006-07-01,44,0
2006-07-02,44,0
2006-07-03,44,0
2006-07-04,44,0
2006-07-05,44,0
2006-07-06,44,0
2006-07-07,44,0
2006-07-08,44,0
2006-07-09,44,0
2006-07-10,44,0
2006-07-11,44,0
2006-07-12,44,0
2006-07-13,44,0
2006-07-14,44,0
2006-07-15,44,0
2006-07-16,44,0
2006-07-17,44,0
2006-07-18,44,0
2006-07-19,44,0
2006-07-20,44,0
2006-07-21,44,0
2006-07-22,44,0
2006-07-23,44,0
2006-07-24,44,0
2006-07-25,44,0
2006-07-26,44,0
2006-07-27,44,0
2006-07-28,44,0
2006-07-29,44,0
2006-07-30,44,0
2006-07-31,44,0
2006-08-01,44,0
2006-08-02,44,0
2006-08-03,44,0
2006-08-04,44,0
2006-08-05,44,0
2006-08-06,44,0
2006-08-07,44,0
2006-08-08,44,0
2006-08-09,44,0
2006-08-10,44,0
2006-08-11,44,0
2006-08-12,44,0
2006-08-13,44,0
2006-08-14,44,0
2006-08-15,44,0
2006-08-16,44,0
2006-08-17,44,0
2006-08-18,44,0
2006-08-19,44,0
2006-08-20,44,0
2006-08-21,44,0
2006-08-22,44,0
2006-08-23,44,0
2006-08-24,44,1268
2006-08-25,44,0
2006-08-26,44,0
2006-08-27,44,0
2006-08-28,44,0
2006-08-29,44,0
2006-08-30,44,0
2006-08-31,44,0
2006-09-01,44,0
2006-09-02,44,0
2006-09-03,44,0
2006-09-04,44,1407
2006-09-05,44,0
2006-09-06,44,0
2006-09-07,44,0
2006-09-08,44,0
2006-09-09,44,0
2006-09-10,44,0
2006-09-11,44,0
2006-09-12,44,0
2006-09-13,44,0
2006-09-14,44,1608
2006-09-15,44,0
2006-09-16,44,0
2006-09-17,44,0
2006-09-18,44,0
2006-09-19,44,0
2006-09-20,44,0
2006-09-21,44,0
2006-09-22,44,0
2006-09-23,44,0
2006-09-24,44,0
2006-09-25,44,0
2006-09-26,44,0
2006-09-27,44,0
2006-09-28,44,0
2006-09-29,44,0
2006-09-30,44,0
2006-10-01,44,0
2006-10-02,44,0
2006-10-03,44,0
2006-10-04,44,0
2006-10-05,44,0
2006-10-06,44,0
2006-10-07,44,0
2006-10-08,44,0
2006-10-09,44,1673
2006-10-10,44,0
2006-10-11,44,0
2006-10-12,44,0
2006-10-13,44,0
2006-10-14,44,0
2006-10-15,44,0
2006-10-16,44,0
2006-10-17,44,0
2006-10-18,44,0
2006-10-19,44,0
2006-10-20,44,0
2006-10-21,44,0
2006-10-22,44,0
2006-10-23,44,0
2006-10-24,44,0
2006-10-25,44,0
2006-10-26,44,0
2006-10-27,44,0
2006-10-28,44,0
2006-10-29,44,0
2006-10-30,44,0
2006-10-31,44,1461.9
2006-11-01,44,0
2006-11-02,44,0
2006-11-03,44,0
2006-11-04,44,0
2006-11-05,44,0
2006-11-06,44,0
2006-11-07,44,0
2006-11-08,44,0
2006-11-09,44,0
2006-11-10,44,0
2006-11-11,44,0
2006-11-12,44,0
2006-11-13,44,0
2006-11-14,44,0
2006-11-15,44,0
2006-11-16,44,0
2006-11-17,44,0
2006-11-18,44,0
2006-11-19,44,0
2006-11-20,44,0
2006-11-21,44,0
2006-11-22,44,0
2006-11-23,44,0
2006-11-24,44,0
2006-11-25,44,0
2006-11-26,44,0
2006-11-27,44,0
2006-11-28,44,0
2006-11-29,44,0
2006-11-30,44,0
2006-12-01,44,0
2006-12-02,44,0
2006-12-03,44,0
2006-12-04,44,0
2006-12-05,44,0
2006-12-06,44,0
2006-12-07,44,0
2006-12-08,44,0
2006-12-09,44,0
2006-12-10,44,0
2006-12-11,44,0
2006-12-12,44,0
2006-12-13,44,0
2006-12-14,44,0
2006-12-15,44,0
2006-12-16,44,0
2006-12-17,44,0
2006-12-18,44,0
2006-12-19,44,0
2006-12-20,44,0
2006-12-21,44,0
2006-12-22,44,0
2006-12-23,44,0
2006-12-24,44,0
2006-12-25,44,0
2006-12-26,44,0
2006-12-27,44,0
2006-12-28,44,0
2006-12-29,44,0
2006-12-30,44,0
2006-12-31,44,0
2007-01-01,44,0
2007-01-02,44,0
2007-01-03,44,0
2007-01-04,44,0
2007-01-05,44,0
2007-01-06,44,0
2007-01-07,44,0
2007-01-08,44,0
2007-01-09,44,0
2007-01-10,44,0
2007-01-11,44,0
2007-01-12,44,0
2007-01-13,44,0
2007-01-14,44,0
2007-01-15,44,0
2007-01-16,44,0
2007-01-17,44,0
2007-01-18,44,0
2007-01-19,44,0
2007-01-20,44,0
2007-01-21,44,0
2007-01-22,44,0
2007-01-23,44,0
2007-01-24,44,0
2007-01-25,44,2875
2007-01-26,44,0
2007-01-27,44,0
2007-01-28,44,0
2007-01-29,44,0
2007-01-30,44,0
2007-01-31,44,0
2007-02-01,44,0
2007-02-02,44,0
2007-02-03,44,0
2007-02-04,44,0
2007-02-05,44,0
2007-02-06,44,0
2007-02-07,44,0
2007-02-08,44,0
2007-02-09,44,0
2007-02-10,44,0
2007-02-11,44,0
2007-02-12,44,0
2007-02-13,44,0
2007-02-14,44,0
2007-02-15,44,0
2007-02-16,44,0
2007-02-17,44,0
2007-02-18,44,0
2007-02-19,44,0
2007-02-20,44,0
2007-02-21,44,0
2007-02-22,44,2217
2007-02-23,44,2112
2007-02-24,44,0
2007-02-25,44,0
2007-02-26,44,1371
2007-02-27,44,1257
2007-02-28,44,513.5
2007-03-01,44,1533
2007-03-02,44,0
2007-03-03,44,0
2007-03-04,44,0
2007-03-05,44,738
2007-03-06,44,927
2007-03-07,44,322
2007-03-08,44,1524
2007-03-09,44,0
2007-03-10,44,0
2007-03-11,44,0
2007-03-12,44,216
2007-03-13,44,180
2007-03-14,44,108
2007-03-15,44,406
2007-03-16,44,192
2007-03-17,44,0
2007-03-18,44,0
2007-03-19,44,0
2007-03-20,44,3144
2007-03-21,44,33.5
2007-03-22,44,3147
2007-03-23,44,2088
2007-03-24,44,0
2007-03-25,44,0
2007-03-26,44,0
2007-03-27,44,0
2007-03-28,44,0
2007-03-29,44,0
2007-03-30,44,0
2007-03-31,44,0
2007-04-01,44,0
2007-04-02,44,0
2007-04-03,44,15
2007-04-04,44,1550
2007-04-05,44,1869
2007-04-06,44,2205
2007-04-07,44,0
2007-04-08,44,0
2007-04-09,44,2082
2007-04-10,44,1890
2007-04-11,44,549.5
2007-04-12,44,1737
2007-04-13,44,3207
2007-04-14,44,0
2007-04-15,44,0
2007-04-16,44,2163
2007-04-17,44,0
2007-04-18,44,517
2007-04-19,44,1367
2007-04-20,44,1977
2007-04-21,44,0
2007-04-22,44,0
2007-04-23,44,1083
2007-04-24,44,1782
2007-04-25,44,0
2007-04-26,44,0
2007-04-27,44,1635
2007-04-28,44,0
2007-04-29,44,0
2007-04-30,44,0
2007-05-01,44,0
2007-05-02,44,523
2007-05-03,44,0
2007-05-04,44,0
2007-05-05,44,1956
2007-05-06,44,0
2007-05-07,44,0
2007-05-08,44,1956
2007-05-09,44,0
2007-05-10,44,0
2007-05-11,44,1643
2007-05-12,44,0
2007-05-13,44,0
2007-05-14,44,1950
2007-05-15,44,1536
2007-05-16,44,0
2007-05-17,44,2269
2007-05-18,44,2158
2007-05-19,44,0
2007-05-20,44,0
2007-05-21,44,2468
2007-05-22,44,1613
2007-05-23,44,0
2007-05-24,44,1721
2007-05-25,44,1845
2007-05-26,44,0
2007-05-27,44,0
2007-05-28,44,1557
2007-05-29,44,933
2007-05-30,44,635
2007-05-31,44,1426
2007-06-01,44,0
2007-06-02,44,0
2007-06-03,44,0
2007-06-04,44,1140
2007-06-05,44,957.5
2007-06-06,44,530
2007-06-07,44,1471
2007-06-08,44,870
2007-06-09,44,0
2007-06-10,44,0
2007-06-11,44,1086
2007-06-12,44,850
2007-06-13,44,0
2007-06-14,44,0
2007-06-15,44,0
2007-06-16,44,0
2007-06-17,44,0
2007-06-18,44,0
2007-06-19,44,0
2007-06-20,44,0
2007-06-21,44,0
2007-06-22,44,0
2007-06-23,44,0
2007-06-24,44,0
2007-06-25,44,1130
2007-06-26,44,1350
2007-06-27,44,920
2007-06-28,44,1326
2007-06-29,44,1155
2007-06-30,44,0
2007-07-01,44,0
2007-07-02,44,0
2007-07-03,44,530
2007-07-04,44,713
2007-07-05,44,1713
2007-07-06,44,1477
2007-07-07,44,0
2007-07-08,44,0
2007-07-09,44,1213
2007-07-10,44,750
2007-07-11,44,693
2007-07-12,44,1048
2007-07-13,44,823
2007-07-14,44,0
2007-07-15,44,0
2007-07-16,44,1055
2007-07-17,44,950
2007-07-18,44,343
2007-07-19,44,963
2007-07-20,44,1063
2007-07-21,44,0
2007-07-22,44,0
2007-07-23,44,1352
2007-07-24,44,1214
2007-07-25,44,416
2007-07-26,44,0
2007-07-27,44,1436
2007-07-28,44,0
2007-07-29,44,0
2007-07-30,44,0
2007-07-31,44,965
2007-08-01,44,1433
2007-08-02,44,1315
2007-08-03,44,1365
2007-08-04,44,0
2007-08-05,44,0
2007-08-06,44,869
2007-08-07,44,735
2007-08-08,44,0
2007-08-09,44,714
2007-08-10,44,1102
2007-08-11,44,0
2007-08-12,44,0
2007-08-13,44,1350
2007-08-14,44,909
2007-08-15,44,0
2007-08-16,44,1126
2007-08-17,44,0
2007-08-18,44,0
2007-08-19,44,0
2007-08-20,44,968
2007-08-21,44,1317
2007-08-22,44,942.5
2007-08-23,44,516
2007-08-24,44,1372.5
2007-08-25,44,0
2007-08-26,44,0
2007-08-27,44,0
2007-08-28,44,0
2007-08-29,44,1079
2007-08-30,44,643
2007-08-31,44,949
2007-09-01,44,0
2007-09-02,44,0
2007-09-03,44,1365
2007-09-04,44,0
2007-09-05,44,866
2007-09-06,44,872
2007-09-07,44,1268
2007-09-08,44,0
2007-09-09,44,0
2007-09-10,44,0
2007-09-11,44,1023
2007-09-12,44,1044
2007-09-13,44,1148.5
2007-09-14,44,790
2007-09-15,44,0
2007-09-16,44,0
2007-09-17,44,0
2007-09-18,44,985
2007-09-19,44,618
2007-09-20,44,558
2007-09-21,44,1178
2007-09-22,44,0
2007-09-23,44,0
2007-09-24,44,1150
2007-09-25,44,0
2007-09-26,44,465
2007-09-27,44,489
2007-09-28,44,685
2007-09-29,44,0
2007-09-30,44,0
2007-10-01,44,868
2007-10-02,44,0
2007-10-03,44,725.5
2007-10-04,44,0
2007-10-05,44,0
2007-10-06,44,0
2007-10-07,44,0
2007-10-08,44,625
2007-10-09,44,450
2007-10-10,44,0
2007-10-11,44,788
2007-10-12,44,550
2007-10-13,44,0
2007-10-14,44,0
2007-10-15,44,690
2007-10-16,44,650
2007-10-17,44,355
2007-10-18,44,562.5
2007-10-19,44,553
2007-10-20,44,0
2007-10-21,44,0
2007-10-22,44,475
2007-10-23,44,285
2007-10-24,44,2.5
2007-10-25,44,5
2007-10-26,44,403
2007-10-27,44,0
2007-10-28,44,0
2007-10-29,44,35
2007-10-30,44,174.5
2007-10-31,44,183
2007-11-01,44,0
2007-11-02,44,211.8
2007-11-03,44,0
2007-11-04,44,0
2007-11-05,44,0
2007-11-06,44,0
2007-11-07,44,0
2007-11-08,44,0
2007-11-09,44,0
2007-11-10,44,0
2007-11-11,44,0
2007-11-12,44,0
2007-11-13,44,0
2007-11-14,44,13
2007-11-15,44,316.5
2007-11-16,44,0
2007-11-17,44,0
2007-11-18,44,0
2007-11-19,44,1606
2007-11-20,44,7.5
2007-11-21,44,653
2007-11-22,44,2.5
2007-11-23,44,0
2007-11-24,44,0
2007-11-25,44,0
2007-11-26,44,0
2007-11-27,44,0
2007-11-28,44,0
2007-11-29,44,0
2007-11-30,44,0
2007-12-01,44,0
2007-12-02,44,0
2007-12-03,44,0
2007-12-04,44,1414
2007-12-05,44,624.3
2007-12-06,44,0
2007-12-07,44,0
2007-12-08,44,0
2007-12-09,44,0
2007-12-10,44,0
2007-12-11,44,0
2007-12-12,44,0
2007-12-13,44,0
2007-12-14,44,0
2007-12-15,44,0
2007-12-16,44,0
2007-12-17,44,0
2007-12-18,44,0
2007-12-19,44,0
2007-12-20,44,0
2007-12-21,44,0
2007-12-22,44,0
2007-12-23,44,0
2007-12-24,44,0
2007-12-25,44,0
2007-12-26,44,0
2007-12-27,44,0
2007-12-28,44,0
2007-12-29,44,0
2007-12-30,44,0
2007-12-31,44,0
2008-01-01,44,0
2008-01-02,44,0
2008-01-03,44,0
2008-01-04,44,0
2008-01-05,44,0
2008-01-06,44,0
2008-01-07,44,0
2008-01-08,44,0
2008-01-09,44,0
2008-01-10,44,0
2008-01-11,44,0
2008-01-12,44,0
2008-01-13,44,0
2008-01-14,44,0
2008-01-15,44,0
2008-01-16,44,0
2008-01-17,44,0
2008-01-18,44,0
2008-01-19,44,0
2008-01-20,44,0
2008-01-21,44,0
2008-01-22,44,0
2008-01-23,44,0
2008-01-24,44,0
2008-01-25,44,0
2008-01-26,44,0
2008-01-27,44,0
2008-01-28,44,0
2008-01-29,44,0
2008-01-30,44,0
2008-01-31,44,0
2008-02-01,44,0
2008-02-02,44,0
2008-02-03,44,0
2008-02-04,44,0
2008-02-05,44,0
2008-02-06,44,0
2008-02-07,44,0
2008-02-08,44,0
2008-02-09,44,0
2008-02-10,44,0
2008-02-11,44,0
2008-02-12,44,0
2008-02-13,44,0
2008-02-14,44,0
2008-02-15,44,0
2008-02-16,44,0
2008-02-17,44,0
2008-02-18,44,0
2008-02-19,44,0
2008-02-20,44,0
2008-02-21,44,0
2008-02-22,44,0
2008-02-23,44,0
2008-02-24,44,0
2008-02-25,44,0
2008-02-26,44,0
2008-02-27,44,0
2008-02-28,44,0
2008-02-29,44,0
2008-03-01,44,0
2008-03-02,44,0
2008-03-03,44,0
2008-03-04,44,0
2008-03-05,44,0
2008-03-06,44,0
2008-03-07,44,0
2008-03-08,44,0
2008-03-09,44,0
2008-03-10,44,0
2008-03-11,44,0
2008-03-12,44,0
2008-03-13,44,0
2008-03-14,44,0
2008-03-15,44,0
2008-03-16,44,0
2008-03-17,44,0
2008-03-18,44,0
2008-03-19,44,0
2008-03-20,44,0
2008-03-21,44,0
2008-03-22,44,0
2008-03-23,44,0
2008-03-24,44,0
2008-03-25,44,0
2008-03-26,44,0
2008-03-27,44,0
2008-03-28,44,0
2008-03-29,44,0
2008-03-30,44,0
2008-03-31,44,0
2008-04-01,44,0
2008-04-02,44,0
2008-04-03,44,3540.5
2008-04-04,44,1463
2008-04-05,44,0
2008-04-06,44,0
2008-04-07,44,183
2008-04-08,44,123
2008-04-09,44,246
2008-04-10,44,1731
2008-04-11,44,0
2008-04-12,44,0
2008-04-13,44,0
2008-04-14,44,0
2008-04-15,44,2394
2008-04-16,44,469
2008-04-17,44,0
2008-04-18,44,0
2008-04-19,44,0
2008-04-20,44,0
2008-04-21,44,2199
2008-04-22,44,955
2008-04-23,44,0
2008-04-24,44,0
2008-04-25,44,0
2008-04-26,44,0
2008-04-27,44,0
2008-04-28,44,0
2008-04-29,44,0
2008-04-30,44,0
2008-05-01,44,0
2008-05-02,44,0
2008-05-03,44,0
2008-05-04,44,0
2008-05-05,44,0
2008-05-06,44,3072
2008-05-07,44,675
2008-05-08,44,0
2008-05-09,44,0
2008-05-10,44,0
2008-05-11,44,0
2008-05-12,44,2043
2008-05-13,44,2973
2008-05-14,44,0
2008-05-15,44,0
2008-05-16,44,0
2008-05-17,44,0
2008-05-18,44,0
2008-05-19,44,0
2008-05-20,44,0
2008-05-21,44,0
2008-05-22,44,0
2008-05-23,44,0
2008-05-24,44,0
2008-05-25,44,0
2008-05-26,44,0
2008-05-27,44,0
2008-05-28,44,0
2008-05-29,44,0
2008-05-30,44,0
2008-05-31,44,0
2008-06-01,44,0
2008-06-02,44,0
2008-06-03,44,0
2008-06-04,44,0
2008-06-05,44,2180
2008-06-06,44,2235
2008-06-07,44,0
2008-06-08,44,0
2008-06-09,44,0
2008-06-10,44,1920
2008-06-11,44,0
2008-06-12,44,2298
2008-06-13,44,0
2008-06-14,44,0
2008-06-15,44,0
2008-06-16,44,0
2008-06-17,44,0
2008-06-18,44,0
2008-06-19,44,1814
2008-06-20,44,0
2008-06-21,44,0
2008-06-22,44,0
2008-06-23,44,0
2008-06-24,44,0
2008-06-25,44,776
2008-06-26,44,2275.5
2008-06-27,44,1868
2008-06-28,44,0
2008-06-29,44,0
2008-06-30,44,1314
2008-07-01,44,1664.6
2008-07-02,44,0
2008-07-03,44,0
2008-07-04,44,0
2008-07-05,44,0
2008-07-06,44,0
2008-07-07,44,0
2008-07-08,44,0
2008-07-09,44,0
2008-07-10,44,0
2008-07-11,44,0
2008-07-12,44,0
2008-07-13,44,0
2008-07-14,44,0
2008-07-15,44,0
2008-07-16,44,0
2008-07-17,44,0
2008-07-18,44,0
2008-07-19,44,0
2008-07-20,44,0
2008-07-21,44,0
2008-07-22,44,0
2008-07-23,44,0
2008-07-24,44,0
2008-07-25,44,0
2008-07-26,44,0
2008-07-27,44,0
2008-07-28,44,0
2008-07-29,44,0
2008-07-30,44,0
2008-07-31,44,0
2008-08-01,44,0
2008-08-02,44,0
2008-08-03,44,0
2008-08-04,44,0
2008-08-05,44,0
2008-08-06,44,0
2008-08-07,44,0
2008-08-08,44,0
2008-08-09,44,0
2008-08-10,44,0
2008-08-11,44,0
2008-08-12,44,0
2008-08-13,44,0
2008-08-14,44,0
2008-08-15,44,0
2008-08-16,44,0
2008-08-17,44,0
2008-08-18,44,0
2008-08-19,44,0
2008-08-20,44,0
2008-08-21,44,0
2008-08-22,44,0
2008-08-23,44,0
2008-08-24,44,0
2008-08-25,44,0
2008-08-26,44,0
2008-08-27,44,0
2008-08-28,44,0
2008-08-29,44,0
2008-08-30,44,0
2008-08-31,44,0
2008-09-01,44,0
2008-09-02,44,0
2008-09-03,44,0
2008-09-04,44,0
2008-09-05,44,0
2008-09-06,44,0
2008-09-07,44,0
2008-09-08,44,0
2008-09-09,44,0
2008-09-10,44,0
2008-09-11,44,0
2008-09-12,44,0
2008-09-13,44,0
2008-09-14,44,0
2008-09-15,44,0
2008-09-16,44,0
2008-09-17,44,0
2008-09-18,44,0
2008-09-19,44,0
2008-09-20,44,0
2008-09-21,44,0
2008-09-22,44,1016.5
2008-09-23,44,1162.5
2008-09-24,44,950
2008-09-25,44,0
2008-09-26,44,0
2008-09-27,44,0
2008-09-28,44,0
2008-09-29,44,0
2008-09-30,44,1563.5
2008-10-01,44,2250
2008-10-02,44,0
2008-10-03,44,2250
2008-10-04,44,0
2008-10-05,44,0
2008-10-06,44,0
2008-10-07,44,0
2008-10-08,44,0
2008-10-09,44,0
2008-10-10,44,0
2008-10-11,44,0
2008-10-12,44,0
2008-10-13,44,2042
2008-10-14,44,1961.5
2008-10-15,44,1283
2008-10-16,44,1480.5
2008-10-17,44,2460
2008-10-18,44,0
2008-10-19,44,0
2008-10-20,44,0
2008-10-21,44,0
2008-10-22,44,0
2008-10-23,44,0
2008-10-24,44,0
2008-10-25,44,0
2008-10-26,44,0
2008-10-27,44,0
2008-10-28,44,0
2008-10-29,44,0
2008-10-30,44,0
2008-10-31,44,0
2008-11-01,44,0
2008-11-02,44,0
2008-11-03,44,0
2008-11-04,44,0
2008-11-05,44,2350
2008-11-06,44,1409
2008-11-07,44,1050
2008-11-08,44,0
2008-11-09,44,0
2008-11-10,44,1463.5
2008-11-11,44,1250
2008-11-12,44,0
2008-11-13,44,1611
2008-11-14,44,1512
2008-11-15,44,0
2008-11-16,44,0
2008-11-17,44,1550
2008-11-18,44,1125
2008-11-19,44,1170
2008-11-20,44,1254.5
2008-11-21,44,1550
2008-11-22,44,0
2008-11-23,44,0
2008-11-24,44,0
2008-11-25,44,0
2008-11-26,44,200
2008-11-27,44,0
2008-11-28,44,0
2008-11-29,44,0
2008-11-30,44,0
2008-12-01,44,921.5
2008-12-02,44,509.5
2008-12-03,44,0
2008-12-04,44,0
2008-12-05,44,0
2008-12-06,44,0
2008-12-07,44,0
2008-12-08,44,323.5
2008-12-09,44,248.5
2008-12-10,44,350
2008-12-11,44,0
2008-12-12,44,0
2008-12-13,44,0
2008-12-14,44,0
2008-12-15,44,2243.5
2008-12-16,44,1256.5
2008-12-17,44,1752
2008-12-18,44,879.5
2008-12-19,44,2850
2008-12-20,44,0
2008-12-21,44,0
2008-12-22,44,1451.5
2008-12-23,44,2195.5
2008-12-24,44,2041.5
2008-12-25,44,1933
2008-12-26,44,2908
2008-12-27,44,0
2008-12-28,44,0
2008-12-29,44,3550
2008-12-30,44,2041.5
2008-12-31,44,0
2009-01-01,44,0
2009-01-02,44,4559.5
2009-01-03,44,0
2009-01-04,44,0
2009-01-05,44,0
2009-01-06,44,0
2009-01-07,44,1740.5
2009-01-08,44,0
2009-01-09,44,2825
2009-01-10,44,0
2009-01-11,44,0
2009-01-12,44,3025
2009-01-13,44,3806.5
2009-01-14,44,0
2009-01-15,44,2560.5
2009-01-16,44,0
2009-01-17,44,0
2009-01-18,44,0
2009-01-19,44,706
2009-01-20,44,3217
2009-01-21,44,1231
2009-01-22,44,1033.5
2009-01-23,44,4023
2009-01-24,44,0
2009-01-25,44,0
2009-01-26,44,0
2009-01-27,44,3230
2009-01-28,44,1257
2009-01-29,44,2875
2009-01-30,44,0
2009-01-31,44,0
2009-02-01,44,0
2009-02-02,44,2055
2009-02-03,44,1620
2009-02-04,44,936.5
2009-02-05,44,2124
2009-02-06,44,1503
2009-02-07,44,0
2009-02-08,44,0
2009-02-09,44,1611
2009-02-10,44,1521
2009-02-11,44,0
2009-02-12,44,0
2009-02-13,44,0
2009-02-14,44,0
2009-02-15,44,0
2009-02-16,44,0
2009-02-17,44,0
2009-02-18,44,0
2009-02-19,44,0
2009-02-20,44,0
2009-02-21,44,0
2009-02-22,44,0
2009-02-23,44,0
2009-02-24,44,0
2009-02-25,44,2850
2009-02-26,44,2382
2009-02-27,44,0
2009-02-28,44,0
2009-03-01,44,0
2009-03-02,44,3075
2009-03-03,44,2493
2009-03-04,44,1550
2009-03-05,44,2950
2009-03-06,44,3182.5
2009-03-07,44,0
2009-03-08,44,0
2009-03-09,44,4800
2009-03-10,44,0
2009-03-11,44,0
2009-03-12,44,0
2009-03-13,44,0
2009-03-14,44,0
2009-03-15,44,0
2009-03-16,44,0
2009-03-17,44,796.5
2009-03-18,44,345
2009-03-19,44,1741.5
2009-03-20,44,4710
2009-03-21,44,0
2009-03-22,44,0
2009-03-23,44,0
2009-03-24,44,4125
2009-03-25,44,715
2009-03-26,44,0
2009-03-27,44,0
2009-03-28,44,0
2009-03-29,44,0
2009-03-30,44,0
2009-03-31,44,0
2009-04-01,44,0
2009-04-02,44,0
2009-04-03,44,0
2009-04-04,44,0
2009-04-05,44,0
2009-04-06,44,2847
2009-04-07,44,0
2009-04-08,44,1359
2009-04-09,44,1792.5
2009-04-10,44,2400
2009-04-11,44,0
2009-04-12,44,0
2009-04-13,44,225
2009-04-14,44,0
2009-04-15,44,85
2009-04-16,44,2397
2009-04-17,44,3450
2009-04-18,44,0
2009-04-19,44,0
2009-04-20,44,1650
2009-04-21,44,1686
2009-04-22,44,1389
2009-04-23,44,0
2009-04-24,44,1950
2009-04-25,44,0
2009-04-26,44,0
2009-04-27,44,852
2009-04-28,44,2089.5
2009-04-29,44,1077
2009-04-30,44,1552
2009-05-01,44,0
2009-05-02,44,0
2009-05-03,44,0
2009-05-04,44,2035.5
2009-05-05,44,1708.5
2009-05-06,44,1137.5
2009-05-07,44,1821
2009-05-08,44,1650
2009-05-09,44,0
2009-05-10,44,0
2009-05-11,44,0
2009-05-12,44,2059.5
2009-05-13,44,861
2009-05-14,44,2100
2009-05-15,44,1350
2009-05-16,44,0
2009-05-17,44,0
2009-05-18,44,0
2009-05-19,44,1575
2009-05-20,44,1385
2009-05-21,44,1878
2009-05-22,44,2139
2009-05-23,44,0
2009-05-24,44,0
2009-05-25,44,2550
2009-05-26,44,1950
2009-05-27,44,1336
2009-05-28,44,0
2009-05-29,44,0
2009-05-30,44,0
2009-05-31,44,0
2009-06-01,44,0
2009-06-02,44,2250
2009-06-03,44,1775
2009-06-04,44,3900
2009-06-05,44,2766
2009-06-06,44,0
2009-06-07,44,0
2009-06-08,44,0
2009-06-09,44,0
2009-06-10,44,0
2009-06-11,44,0
2009-06-12,44,0
2009-06-13,44,0
2009-06-14,44,0
2009-06-15,44,950
2009-06-16,44,1566
2009-06-17,44,0
2009-06-18,44,0
2009-06-19,44,1425
2009-06-20,44,0
2009-06-21,44,0
2009-06-22,44,0
2009-06-23,44,2925
2009-06-24,44,1665
2009-06-25,44,0
2009-06-26,44,1956
2009-06-27,44,0
2009-06-28,44,0
2009-06-29,44,0
2009-06-30,44,0
2009-07-01,44,0
2009-07-02,44,0
2009-07-03,44,0
2009-07-04,44,0
2009-07-05,44,0
2009-07-06,44,0
2009-07-07,44,0
2009-07-08,44,1287.5
2009-07-09,44,1318.5
2009-07-10,44,1800
2009-07-11,44,0
2009-07-12,44,0
2009-07-13,44,2191.5
2009-07-14,44,0
2009-07-15,44,1454.5
2009-07-16,44,2700
2009-07-17,44,2434.5
2009-07-18,44,0
2009-07-19,44,0
2009-07-20,44,2400
2009-07-21,44,1650
2009-07-22,44,0
2009-07-23,44,1708.5
2009-07-24,44,1855.5
2009-07-25,44,0
2009-07-26,44,0
2009-07-27,44,1564.5
2009-07-28,44,1477.5
2009-07-29,44,1665
2009-07-30,44,0
2009-07-31,44,1884
2009-08-01,44,0
2009-08-02,44,0
2009-08-03,44,1650
2009-08-04,44,1596
2009-08-05,44,0
2009-08-06,44,1676
2009-08-07,44,1634
2009-08-08,44,0
2009-08-09,44,0
2009-08-10,44,1676
2009-08-11,44,1483.5
2009-08-12,44,1470
2009-08-13,44,2686.5
2009-08-14,44,0
2009-08-15,44,0
2009-08-16,44,0
2009-08-17,44,0
2009-08-18,44,1579.5
2009-08-19,44,1839
2009-08-20,44,0
2009-08-21,44,1174.5
2009-08-22,44,0
2009-08-23,44,0
2009-08-24,44,0
2009-08-25,44,1404
2009-08-26,44,1316
2009-08-27,44,1316
2009-08-28,44,2109
2009-08-29,44,0
2009-08-30,44,0
2009-08-31,44,1410
2009-09-01,44,1200
2009-09-02,44,0
2009-09-03,44,0
2009-09-04,44,1342.5
2009-09-05,44,0
2009-09-06,44,0
2009-09-07,44,1441.5
2009-09-08,44,1555
2009-09-09,44,1107.5
2009-09-10,44,1407
2009-09-11,44,1614
2009-09-12,44,0
2009-09-13,44,0
2009-09-14,44,1575
2009-09-15,44,1387.5
2009-09-16,44,1647
2009-09-17,44,1867.5
2009-09-18,44,0
2009-09-19,44,0
2009-09-20,44,0
2009-09-21,44,1200
2009-09-22,44,1312.5
2009-09-23,44,1184
2009-09-24,44,900
2009-09-25,44,0
2009-09-26,44,0
2009-09-27,44,0
2009-09-28,44,823.5
2009-09-29,44,1184
2009-09-30,44,1530
2009-10-01,44,1816.5
2009-10-02,44,0
2009-10-03,44,0
2009-10-04,44,0
2009-10-05,44,1324.5
2009-10-06,44,1375.5
2009-10-07,44,9
2009-10-08,44,2592
2009-10-09,44,3000
2009-10-10,44,0
2009-10-11,44,0
2009-10-12,44,0
2009-10-13,44,0
2009-10-14,44,0
2009-10-15,44,0
2009-10-16,44,0
2009-10-17,44,0
2009-10-18,44,0
2009-10-19,44,0
2009-10-20,44,862.5
2009-10-21,44,1204
2009-10-22,44,112.5
2009-10-23,44,1620
2009-10-24,44,0
2009-10-25,44,0
2009-10-26,44,1291.5
2009-10-27,44,1029
2009-10-28,44,257.5
2009-10-29,44,300
2009-10-30,44,435
2009-10-31,44,0
2009-11-01,44,0
2009-11-02,44,0
2009-11-03,44,969
2009-11-04,44,821
2009-11-05,44,886.5
2009-11-06,44,480
2009-11-07,44,0
2009-11-08,44,0
2009-11-09,44,505.5
2009-11-10,44,135
2009-11-11,44,0
2009-11-12,44,1020
2009-11-13,44,0
2009-11-14,44,0
2009-11-15,44,0
2009-11-16,44,0
2009-11-17,44,402
2009-11-18,44,484.5
2009-11-19,44,175.5
2009-11-20,44,330
2009-11-21,44,0
2009-11-22,44,0
2009-11-23,44,722.5
2009-11-24,44,57.5
2009-11-25,44,45
2009-11-26,44,1888
2009-11-27,44,0
2009-11-28,44,0
2009-11-29,44,0
2009-11-30,44,1819.5
2009-12-01,44,1264
2009-12-02,44,849.5
2009-12-03,44,1249
2009-12-04,44,1700.5
2009-12-05,44,0
2009-12-06,44,0
2009-12-07,44,0
2009-12-08,44,0
2009-12-09,44,0
2009-12-10,44,0
2009-12-11,44,0
2009-12-12,44,0
2009-12-13,44,0
2009-12-14,44,1511.5
2009-12-15,44,1640.5
2009-12-16,44,0
2009-12-17,44,1671
2009-12-18,44,1261.5
2009-12-19,44,0
2009-12-20,44,0
2009-12-21,44,1275
2009-12-22,44,1230
2009-12-23,44,697.5
2009-12-24,44,913.5
2009-12-25,44,1590
2009-12-26,44,0
2009-12-27,44,0
2009-12-28,44,1632
2009-12-29,44,1296
2009-12-30,44,731.5
2009-12-31,44,2250
2010-01-01,44,0
2010-01-02,44,0
2010-01-03,44,0
2010-01-04,44,0
2010-01-05,44,1836.5
2010-01-06,44,1018.5
2010-01-07,44,2050
2010-01-08,44,0
2010-01-09,44,0
2010-01-10,44,0
2010-01-11,44,1420.5
2010-01-12,44,2172
2010-01-13,44,1518
2010-01-14,44,0
2010-01-15,44,0
2010-01-16,44,0
2010-01-17,44,0
2010-01-18,44,1310
2010-01-19,44,1597
2010-01-20,44,602
2010-01-21,44,1532.5
2010-01-22,44,2223
2010-01-23,44,0
2010-01-24,44,0
2010-01-25,44,0
2010-01-26,44,0
2010-01-27,44,0
2010-01-28,44,0
2010-01-29,44,0
2010-01-30,44,0
2010-01-31,44,0
2010-02-01,44,0
2010-02-02,44,0
2010-02-03,44,663
2010-02-04,44,2910
2010-02-05,44,0
2010-02-06,44,0
2010-02-07,44,0
2010-02-08,44,1776
2010-02-09,44,1684
2010-02-10,44,1599
2010-02-11,44,2860.5
2010-02-12,44,0
2010-02-13,44,0
2010-02-14,44,0
2010-02-15,44,2284.5
2010-02-16,44,2433
2010-02-17,44,1132
2010-02-18,44,2555
2010-02-19,44,0
2010-02-20,44,0
2010-02-21,44,0
2010-02-22,44,2442
2010-02-23,44,2212.5
2010-02-24,44,1152.5
2010-02-25,44,87
2010-02-26,44,97
2010-02-27,44,0
2010-02-28,44,0
2010-03-01,44,0
2010-03-02,44,2003
2010-03-03,44,533.5
2010-03-04,44,169.5
2010-03-05,44,0
2010-03-06,44,0
2010-03-07,44,0
2010-03-08,44,537
2010-03-09,44,1515
2010-03-10,44,474
2010-03-11,44,322.5
2010-03-12,44,837
2010-03-13,44,0
2010-03-14,44,0
2010-03-15,44,0
2010-03-16,44,0
2010-03-17,44,861.5
2010-03-18,44,864
2010-03-19,44,650
2010-03-20,44,0
2010-03-21,44,0
2010-03-22,44,715
2010-03-23,44,475
2010-03-24,44,0
2010-03-25,44,354
2010-03-26,44,300
2010-03-27,44,0
2010-03-28,44,0
2010-03-29,44,0
2010-03-30,44,0
2010-03-31,44,0
2010-04-01,44,0
2010-04-02,44,0
2010-04-03,44,0
2010-04-04,44,0
2010-04-05,44,0
2010-04-06,44,0
2010-04-07,44,0
2010-04-08,44,0
2010-04-09,44,0
2010-04-10,44,0
2010-04-11,44,0
2010-04-12,44,0
2010-04-13,44,0
2010-04-14,44,0
2010-04-15,44,933
2010-04-16,44,960
2010-04-17,44,0
2010-04-18,44,0
2010-04-19,44,1575
2010-04-20,44,870
2010-04-21,44,793.5
2010-04-22,44,931.5
2010-04-23,44,1031
2010-04-24,44,0
2010-04-25,44,0
2010-04-26,44,1305.5
2010-04-27,44,936
2010-04-28,44,1119
2010-04-29,44,1390
2010-04-30,44,1638
2010-05-01,44,0
2010-05-02,44,0
2010-05-03,44,0
2010-05-04,44,0
2010-05-05,44,0
2010-05-06,44,415.5
2010-05-07,44,909
2010-05-08,44,0
2010-05-09,44,0
2010-05-10,44,1050
2010-05-11,44,1029
2010-05-12,44,884.5
2010-05-13,44,619.5
2010-05-14,44,0
2010-05-15,44,0
2010-05-16,44,0
2010-05-17,44,993
2010-05-18,44,1306.5
2010-05-19,44,1234
2010-05-20,44,1488
2010-05-21,44,653
2010-05-22,44,0
2010-05-23,44,0
2010-05-24,44,741
2010-05-25,44,645.5
2010-05-26,44,1206
2010-05-27,44,965
2010-05-28,44,842
2010-05-29,44,0
2010-05-30,44,0
2010-05-31,44,1192.5
2010-06-01,44,821
2010-06-02,44,851.5
2010-06-03,44,1072.5
2010-06-04,44,1315.5
2010-06-05,44,0
2010-06-06,44,0
2010-06-07,44,1313.5
2010-06-08,44,1062
2010-06-09,44,939
2010-06-10,44,1041
2010-06-11,44,938
2010-06-12,44,0
2010-06-13,44,0
2010-06-14,44,1437
2010-06-15,44,964
2010-06-16,44,565
2010-06-17,44,968
2010-06-18,44,0
2010-06-19,44,0
2010-06-20,44,0
2010-06-21,44,0
2010-06-22,44,0
2010-06-23,44,0
2010-06-24,44,0
2010-06-25,44,0
2010-06-26,44,0
2010-06-27,44,0
2010-06-28,44,0
2010-06-29,44,0
2010-06-30,44,0
2010-07-01,44,864.5
2010-07-02,44,1856
2010-07-03,44,0
2010-07-04,44,0
2010-07-05,44,1626
2010-07-06,44,1918.5
2010-07-07,44,1451
2010-07-08,44,1231
2010-07-09,44,1384.5
2010-07-10,44,0
2010-07-11,44,0
2010-07-12,44,1576.5
2010-07-13,44,1224
2010-07-14,44,1186.5
2010-07-15,44,0
2010-07-16,44,1756
2010-07-17,44,0
2010-07-18,44,0
2010-07-19,44,1902
2010-07-20,44,1271
2010-07-21,44,0
2010-07-22,44,1440
2010-07-23,44,907
2010-07-24,44,0
2010-07-25,44,0
2010-07-26,44,1200
2010-07-27,44,957
2010-07-28,44,1059
2010-07-29,44,0
2010-07-30,44,0
2010-07-31,44,0
2010-08-01,44,0
2010-08-02,44,0
2010-08-03,44,0
2010-08-04,44,1215.5
2010-08-05,44,1279.5
2010-08-06,44,1269
2010-08-07,44,0
2010-08-08,44,0
2010-08-09,44,0
2010-08-10,44,1468.5
2010-08-11,44,1141.5
2010-08-12,44,900
2010-08-13,44,1232.5
2010-08-14,44,0
2010-08-15,44,0
2010-08-16,44,1254
2010-08-17,44,1212
2010-08-18,44,1235
2010-08-19,44,0
2010-08-20,44,1323
2010-08-21,44,0
2010-08-22,44,0
2010-08-23,44,42
2010-08-24,44,0
2010-08-25,44,706
2010-08-26,44,1166
2010-08-27,44,1360.5
2010-08-28,44,0
2010-08-29,44,0
2010-08-30,44,0
2010-08-31,44,1200
2010-09-01,44,0
2010-09-02,44,0
2010-09-03,44,0
2010-09-04,44,0
2010-09-05,44,0
2010-09-06,44,1123.5
2010-09-07,44,0
2010-09-08,44,0
2010-09-09,44,1165
2010-09-10,44,0
2010-09-11,44,0
2010-09-12,44,0
2010-09-13,44,0
2010-09-14,44,0
2010-09-15,44,0
2010-09-16,44,1274.5
2010-09-17,44,1346
2010-09-18,44,0
2010-09-19,44,0
2010-09-20,44,1201.5
2010-09-21,44,786.5
2010-09-22,44,0
2010-09-23,44,826.5
2010-09-24,44,1289.5
2010-09-25,44,0
2010-09-26,44,0
2010-09-27,44,1465
2010-09-28,44,901.5
2010-09-29,44,912.5
2010-09-30,44,0
2010-10-01,44,1012
2010-10-02,44,0
2010-10-03,44,0
2010-10-04,44,726.5
2010-10-05,44,900
2010-10-06,44,0
2010-10-07,44,0
2010-10-08,44,998.5
2010-10-09,44,0
2010-10-10,44,0
2010-10-11,44,696.5
2010-10-12,44,674
2010-10-13,44,509.5
2010-10-14,44,469
2010-10-15,44,747
2010-10-16,44,0
2010-10-17,44,0
2010-10-18,44,579.5
2010-10-19,44,13.5
2010-10-20,44,398
2010-10-21,44,912.5
2010-10-22,44,1220
2010-10-23,44,0
2010-10-24,44,0
2010-10-25,44,0
2010-10-26,44,43
2010-10-27,44,515.5
2010-10-28,44,703
2010-10-29,44,881
2010-10-30,44,0
2010-10-31,44,0
2010-11-01,44,1107
2010-11-02,44,0
2010-11-03,44,0
2010-11-04,44,0
2010-11-05,44,0
2010-11-06,44,0
2010-11-07,44,0
2010-11-08,44,0
2010-11-09,44,56
2010-11-10,44,619.5
2010-11-11,44,423
2010-11-12,44,725.5
2010-11-13,44,0
2010-11-14,44,0
2010-11-15,44,189
2010-11-16,44,130.5
2010-11-17,44,0
2010-11-18,44,1239
2010-11-19,44,133.5
2010-11-20,44,0
2010-11-21,44,0
2010-11-22,44,831
2010-11-23,44,87
2010-11-24,44,738.5
2010-11-25,44,665
2010-11-26,44,623
2010-11-27,44,0
2010-11-28,44,0
2010-11-29,44,64.5
2010-11-30,44,1068
2010-12-01,44,26
2010-12-02,44,860
2010-12-03,44,1163.5
2010-12-04,44,0
2010-12-05,44,0
2010-12-06,44,0
2010-12-07,44,0
2010-12-08,44,0
2010-12-09,44,0
2010-12-10,44,0
2010-12-11,44,0
2010-12-12,44,0
2010-12-13,44,1500
2010-12-14,44,0
2010-12-15,44,0
2010-12-16,44,0
2010-12-17,44,0
2010-12-18,44,0
2010-12-19,44,0
2010-12-20,44,0
2010-12-21,44,1272.5
2010-12-22,44,0
2010-12-23,44,896
2010-12-24,44,1098
2010-12-25,44,0
2010-12-26,44,0
2010-12-27,44,646
2010-12-28,44,775.5
2010-12-29,44,0
2010-12-30,44,692
2010-12-31,44,804
2011-01-01,44,0
2011-01-02,44,0
2011-01-03,44,1367
2011-01-04,44,0
2011-01-05,44,893.5
2011-01-06,44,923
2011-01-07,44,0
2011-01-08,44,0
2011-01-09,44,0
2011-01-10,44,0
2011-01-11,44,0
2011-01-12,44,0
2011-01-13,44,0
2011-01-14,44,0
2011-01-15,44,0
2011-01-16,44,0
2011-01-17,44,0
2011-01-18,44,1020
2011-01-19,44,619
2011-01-20,44,0
2011-01-21,44,0
2011-01-22,44,0
2011-01-23,44,0
2011-01-24,44,0
2011-01-25,44,0
2011-01-26,44,0
2011-01-27,44,0
2011-01-28,44,0
2011-01-29,44,0
2011-01-30,44,0
2011-01-31,44,0
2011-02-01,44,0
2011-02-02,44,0
2011-02-03,44,0
2011-02-04,44,0
2011-02-05,44,0
2011-02-06,44,0
2011-02-07,44,0
2011-02-08,44,0
2011-02-09,44,0
2011-02-10,44,0
2011-02-11,44,0
2011-02-12,44,0
2011-02-13,44,0
2011-02-14,44,0
2011-02-15,44,0
2011-02-16,44,0
2011-02-17,44,0
2011-02-18,44,0
2011-02-19,44,0
2011-02-20,44,0
2011-02-21,44,0
2011-02-22,44,0
2011-02-23,44,0
2011-02-24,44,1708
2011-02-25,44,2645
2011-02-26,44,0
2011-02-27,44,0
2011-02-28,44,25
2011-03-01,44,0
2011-03-02,44,0
2011-03-03,44,2609.5
2011-03-04,44,0
2011-03-05,44,0
2011-03-06,44,0
2011-03-07,44,0
2011-03-08,44,0
2011-03-09,44,1537
2011-03-10,44,14
2011-03-11,44,2375.5
2011-03-12,44,0
2011-03-13,44,0
2011-03-14,44,0
2011-03-15,44,58.5
2011-03-16,44,0
2011-03-17,44,1495
2011-03-18,44,232
2011-03-19,44,0
2011-03-20,44,0
2011-03-21,44,139
2011-03-22,44,45
2011-03-23,44,121
2011-03-24,44,0
2011-03-25,44,1667.5
2011-03-26,44,0
2011-03-27,44,0
2011-03-28,44,0
2011-03-29,44,0
2011-03-30,44,0
2011-03-31,44,0
2011-04-01,44,0
2011-04-02,44,0
2011-04-03,44,0
2011-04-04,44,0
2011-04-05,44,664
2011-04-06,44,678.5
2011-04-07,44,692
2011-04-08,44,965
2011-04-09,44,0
2011-04-10,44,0
2011-04-11,44,503
2011-04-12,44,0
2011-04-13,44,450.5
2011-04-14,44,0
2011-04-15,44,328
2011-04-16,44,0
2011-04-17,44,0
2011-04-18,44,174.5
2011-04-19,44,126
2011-04-20,44,128.5
2011-04-21,44,107
2011-04-22,44,0
2011-04-23,44,0
2011-04-24,44,0
2011-04-25,44,157.5
2011-04-26,44,102
2011-04-27,44,824
2011-04-28,44,1124.5
2011-04-29,44,43.5
2011-04-30,44,0
2011-05-01,44,0
2011-05-02,44,1409.5
2011-05-03,44,0
2011-05-04,44,57
2011-05-05,44,0
2011-05-06,44,0
2011-05-07,44,0
2011-05-08,44,0
2011-05-09,44,1107
2011-05-10,44,15.5
2011-05-11,44,485.5
2011-05-12,44,893.5
2011-05-13,44,1102.5
2011-05-14,44,0
2011-05-15,44,0
2011-05-16,44,1195.5
2011-05-17,44,0
2011-05-18,44,1055.5
2011-05-19,44,1027
2011-05-20,44,800.5
2011-05-21,44,0
2011-05-22,44,0
2011-05-23,44,1111
2011-05-24,44,575
2011-05-25,44,895
2011-05-26,44,1035
2011-05-27,44,883
2011-05-28,44,0
2011-05-29,44,0
2011-05-30,44,1106
2011-05-31,44,853.5
2011-06-01,44,0
2011-06-02,44,1100.5
2011-06-03,44,668.5
2011-06-04,44,0
2011-06-05,44,0
2011-06-06,44,926
2011-06-07,44,686.5
2011-06-08,44,800.5
2011-06-09,44,850.5
2011-06-10,44,0
2011-06-11,44,0
2011-06-12,44,0
2011-06-13,44,1145
2011-06-14,44,906.5
2011-06-15,44,788
2011-06-16,44,797
2011-06-17,44,746
2011-06-18,44,0
2011-06-19,44,0
2011-06-20,44,1014
2011-06-21,44,788
2011-06-22,44,1121.5
2011-06-23,44,1147.6
2011-06-24,44,964.5
2011-06-25,44,0
2011-06-26,44,0
2011-06-27,44,1173
2011-06-28,44,844.5
2011-06-29,44,734.5
2011-06-30,44,936.5
2011-07-01,44,0
2011-07-02,44,0
2011-07-03,44,0
2011-07-04,44,1264
2011-07-05,44,954
2011-07-06,44,666.5
2011-07-07,44,381
2011-07-08,44,879
2011-07-09,44,0
2011-07-10,44,0
2011-07-11,44,0
2011-07-12,44,1054.5
2011-07-13,44,1284.5
2011-07-14,44,0
2011-07-15,44,1725
2011-07-16,44,0
2011-07-17,44,0
2011-07-18,44,1704.5
2011-07-19,44,1444.5
2011-07-20,44,1072
2011-07-21,44,879
2011-07-22,44,1051
2011-07-23,44,0
2011-07-24,44,0
2011-07-25,44,0
2011-07-26,44,686
2011-07-27,44,598
2011-07-28,44,760
2011-07-29,44,851
2011-07-30,44,0
2011-07-31,44,0
2011-08-01,44,864
2011-08-02,44,930
2011-08-03,44,884
2011-08-04,44,546
2011-08-05,44,886
2011-08-06,44,0
2011-08-07,44,0
2011-08-08,44,871
2011-08-09,44,824.5
2011-08-10,44,0
2011-08-11,44,1034
2011-08-12,44,1006
2011-08-13,44,0
2011-08-14,44,0
2011-08-15,44,0
2011-08-16,44,851
2011-08-17,44,858.5
2011-08-18,44,1102
2011-08-19,44,0
2011-08-20,44,0
2011-08-21,44,0
2011-08-22,44,0
2011-08-23,44,799
2011-08-24,44,781
2011-08-25,44,792.5
2011-08-26,44,0
2011-08-27,44,0
2011-08-28,44,0
2011-08-29,44,445
2011-08-30,44,715
2011-08-31,44,0
2011-09-01,44,0
2011-09-02,44,0
2011-09-03,44,0
2011-09-04,44,0
2011-09-05,44,897.5
2011-09-06,44,1043
2011-09-07,44,795
2011-09-08,44,1004
2011-09-09,44,0
2011-09-10,44,0
2011-09-11,44,0
2011-09-12,44,0
2011-09-13,44,0
2011-09-14,44,0
2011-09-15,44,0
2011-09-16,44,0
2011-09-17,44,0
2011-09-18,44,0
2011-09-19,44,0
2011-09-20,44,0
2011-09-21,44,915
2011-09-22,44,1131
2011-09-23,44,2081
2011-09-24,44,0
2011-09-25,44,0
2011-09-26,44,1849
2011-09-27,44,0
2011-09-28,44,1282.5
2011-09-29,44,1331
2011-09-30,44,0
2011-10-01,44,0
2011-10-02,44,0
2011-10-03,44,998
2011-10-04,44,1165
2011-10-05,44,1284
2011-10-06,44,1
2011-10-07,44,1132
2011-10-08,44,0
2011-10-09,44,0
2011-10-10,44,1312
2011-10-11,44,1031
2011-10-12,44,857.5
2011-10-13,44,833.5
2011-10-14,44,998
2011-10-15,44,0
2011-10-16,44,0
2011-10-17,44,907
2011-10-18,44,991
2011-10-19,44,3
2011-10-20,44,4
2011-10-21,44,1132
2011-10-22,44,0
2011-10-23,44,0
2011-10-24,44,0
2011-10-25,44,0
2011-10-26,44,0
2011-10-27,44,0
2011-10-28,44,0
2011-10-29,44,0
2011-10-30,44,0
2011-10-31,44,0
2011-11-01,44,7
2011-11-02,44,717
2011-11-03,44,848
2011-11-04,44,9
2011-11-05,44,0
2011-11-06,44,0
2011-11-07,44,0
2011-11-08,44,1045
2011-11-09,44,64
2011-11-10,44,0
2011-11-11,44,1020
2011-11-12,44,0
2011-11-13,44,0
2011-11-14,44,943
2011-11-15,44,801
2011-11-16,44,617
2011-11-17,44,108
2011-11-18,44,753.5
2011-11-19,44,0
2011-11-20,44,0
2011-11-21,44,501
2011-11-22,44,477
2011-11-23,44,568.5
2011-11-24,44,715
2011-11-25,44,0
2011-11-26,44,0
2011-11-27,44,0
2011-11-28,44,494
2011-11-29,44,454
2011-11-30,44,256
2011-12-01,44,0
2011-12-02,44,417.5
2011-12-03,44,0
2011-12-04,44,0
2011-12-05,44,303
2011-12-06,44,0
2011-12-07,44,832
2011-12-08,44,141.5
2011-12-09,44,191.5
2011-12-10,44,0
2011-12-11,44,0
2011-12-12,44,178
2011-12-13,44,110
2011-12-14,44,712
2011-12-15,44,726
2011-12-16,44,94
2011-12-17,44,0
2011-12-18,44,0
2011-12-19,44,66
2011-12-20,44,40
2011-12-21,44,846.5
2011-12-22,44,867.5
2011-12-23,44,44
2011-12-24,44,0
2011-12-25,44,0
2011-12-26,44,1211.5
2011-12-27,44,1211.5
2011-12-28,44,1121.5
2011-12-29,44,1223.5
2011-12-30,44,16
2011-12-31,44,0
2012-01-01,44,0
2012-01-02,44,1918.5
2012-01-03,44,13
2012-01-04,44,1387
2012-01-05,44,4.5
2012-01-06,44,2.5
2012-01-07,44,0
2012-01-08,44,0
2012-01-09,44,0
2012-01-10,44,0
2012-01-11,44,0
2012-01-12,44,4
2012-01-13,44,2137.5
2012-01-14,44,0
2012-01-15,44,0
2012-01-16,44,0
2012-01-17,44,0
2012-01-18,44,0
2012-01-19,44,0
2012-01-20,44,2337.5
2012-01-21,44,0
2012-01-22,44,0
2012-01-23,44,0
2012-01-24,44,2334.5
2012-01-25,44,0
2012-01-26,44,0
2012-01-27,44,0
2012-01-28,44,0
2012-01-29,44,0
2012-01-30,44,0
2012-01-31,44,0
2012-02-01,44,0
2012-02-02,44,0
2012-02-03,44,0
2012-02-04,44,0
2012-02-05,44,0
2012-02-06,44,0
2012-02-07,44,0
2012-02-08,44,0
2012-02-09,44,1892.5
2012-02-10,44,0
2012-02-11,44,0
2012-02-12,44,0
2012-02-13,44,0
2012-02-14,44,0
2012-02-15,44,0
2012-02-16,44,0
2012-02-17,44,1245
2012-02-18,44,0
2012-02-19,44,0
2012-02-20,44,0
2012-02-21,44,0
2012-02-22,44,0
2012-02-23,44,3179.5
2012-02-24,44,0
2012-02-25,44,0
2012-02-26,44,0
2012-02-27,44,2352
2012-02-28,44,2316
2012-02-29,44,4
2012-03-01,44,2021
2012-03-02,44,4
2012-03-03,44,0
2012-03-04,44,0
2012-03-05,44,14
2012-03-06,44,1150
2012-03-07,44,1917
2012-03-08,44,0
2012-03-09,44,1692.5
2012-03-10,44,0
2012-03-11,44,0
2012-03-12,44,0
2012-03-13,44,1568
2012-03-14,44,82.5
2012-03-15,44,1776.5
2012-03-16,44,1818
2012-03-17,44,0
2012-03-18,44,0
2012-03-19,44,274.5
2012-03-20,44,1114.5
2012-03-21,44,1071.5
2012-03-22,44,0
2012-03-23,44,0
2012-03-24,44,0
2012-03-25,44,0
2012-03-26,44,573
2012-03-27,44,486.5
2012-03-28,44,0
2012-03-29,44,0
2012-03-30,44,0
2012-03-31,44,0
2012-04-01,44,0
2012-04-02,44,0
2012-04-03,44,866.5
2012-04-04,44,55
2012-04-05,44,0
2012-04-06,44,0
2012-04-07,44,0
2012-04-08,44,0
2012-04-09,44,1876.5
2012-04-10,44,1214.5
2012-04-11,44,1312.5
2012-04-12,44,1433.5
2012-04-13,44,1589
2012-04-14,44,0
2012-04-15,44,0
2012-04-16,44,5.5
2012-04-17,44,18.5
2012-04-18,44,16.5
2012-04-19,44,18.5
2012-04-20,44,1711.5
2012-04-21,44,0
2012-04-22,44,0
2012-04-23,44,1713.5
2012-04-24,44,416
2012-04-25,44,1256
2012-04-26,44,554
2012-04-27,44,1453.5
2012-04-28,44,0
2012-04-29,44,0
2012-04-30,44,2302
2012-05-01,44,0
2012-05-02,44,1932
2012-05-03,44,1601
2012-05-04,44,1633.5
2012-05-05,44,0
2012-05-06,44,0
2012-05-07,44,1889.5
2012-05-08,44,1177.5
2012-05-09,44,1837
2012-05-10,44,2036
2012-05-11,44,2524
2012-05-12,44,0
2012-05-13,44,0
2012-05-14,44,2274
2012-05-15,44,2186.5
2012-05-16,44,2006
2012-05-17,44,1610
2012-05-18,44,1526
2012-05-19,44,0
2012-05-20,44,0
2012-05-21,44,1668
2012-05-22,44,1299
2012-05-23,44,1334
2012-05-24,44,1545
2012-05-25,44,1407
2012-05-26,44,0
2012-05-27,44,0
2012-05-28,44,1047
2012-05-29,44,1073
2012-05-30,44,1069
2012-05-31,44,860
2012-06-01,44,1287
2012-06-02,44,0
2012-06-03,44,0
2012-06-04,44,1714
2012-06-05,44,1822
2012-06-06,44,1874.5
2012-06-07,44,1792
2012-06-08,44,1410
2012-06-09,44,0
2012-06-10,44,0
2012-06-11,44,1527
2012-06-12,44,1207
2012-06-13,44,1371.5
2012-06-14,44,1530
2012-06-15,44,1670
2012-06-16,44,0
2012-06-17,44,0
2012-06-18,44,1998
2012-06-19,44,0
2012-06-20,44,2409.5
2012-06-21,44,2189.5
2012-06-22,44,2268
2012-06-23,44,0
2012-06-24,44,0
2012-06-25,44,1607
2012-06-26,44,1572
2012-06-27,44,1286.5
2012-06-28,44,1227
2012-06-29,44,1239
2012-06-30,44,0
2012-07-01,44,0
2012-07-02,44,1669
2012-07-03,44,0
2012-07-04,44,2012.5
2012-07-05,44,1830
2012-07-06,44,1749
2012-07-07,44,0
2012-07-08,44,0
2012-07-09,44,1952
2012-07-10,44,1667.5
2012-07-11,44,1713
2012-07-12,44,1735
2012-07-13,44,1684
2012-07-14,44,0
2012-07-15,44,0
2012-07-16,44,2014
2012-07-17,44,1911
2012-07-18,44,1257.5
2012-07-19,44,0
2012-07-20,44,2024
2012-07-21,44,0
2012-07-22,44,0
2012-07-23,44,1095
2012-07-24,44,2238
2012-07-25,44,2119
2012-07-26,44,1685
2012-07-27,44,2110
2012-07-28,44,0
2012-07-29,44,0
2012-07-30,44,0
2012-07-31,44,1767
2012-08-01,44,2035
2012-08-02,44,0
2012-08-03,44,1984
2012-08-04,44,0
2012-08-05,44,0
2012-08-06,44,0
2012-08-07,44,2482
2012-08-08,44,2321
2012-08-09,44,2194
2012-08-10,44,0
2012-08-11,44,0
2012-08-12,44,0
2012-08-13,44,2862
2012-08-14,44,0
2012-08-15,44,0
2012-08-16,44,2254
2012-08-17,44,0
2012-08-18,44,0
2012-08-19,44,0
2012-08-20,44,0
2012-08-21,44,0
2012-08-22,44,2368.5
2012-08-23,44,2236.5
2012-08-24,44,2049
2012-08-25,44,0
2012-08-26,44,0
2012-08-27,44,1752.5
2012-08-28,44,1440
2012-08-29,44,1392.5
2012-08-30,44,1224
2012-08-31,44,1354
2012-09-01,44,0
2012-09-02,44,0
2012-09-03,44,1580
2012-09-04,44,1069
2012-09-05,44,759.5
2012-09-06,44,750
2012-09-07,44,850
2012-09-08,44,0
2012-09-09,44,0
2012-09-10,44,1126
2012-09-11,44,1383
2012-09-12,44,1439.5
2012-09-13,44,0
2012-09-14,44,1881
2012-09-15,44,0
2012-09-16,44,0
2012-09-17,44,1474
2012-09-18,44,1250
2012-09-19,44,0
2012-09-20,44,0
2012-09-21,44,1386
2012-09-22,44,0
2012-09-23,44,0
2012-09-24,44,0
2012-09-25,44,0
2012-09-26,44,24
2012-09-27,44,1044
2012-09-28,44,1145
2012-09-29,44,27.6
2012-09-30,44,0
2012-10-01,44,1771.1
2012-10-02,44,0
2012-10-03,44,898.6
2012-10-04,44,1079
2012-10-05,44,32.1
2012-10-06,44,45.6
2012-10-07,44,0
2012-10-08,44,1575.6
2012-10-09,44,1620
2012-10-10,44,1736.8
2012-10-11,44,2185
2012-10-12,44,2265
2012-10-13,44,11.6
2012-10-14,44,0
2012-10-15,44,5
2012-10-16,44,1614
2012-10-17,44,1723
2012-10-18,44,2019
2012-10-19,44,2178
2012-10-20,44,11.7
2012-10-21,44,0
2012-10-22,44,1827.5
2012-10-23,44,1880
2012-10-24,44,0
2012-10-25,44,1777
2012-10-26,44,1033
2012-10-27,44,3.4
2012-10-28,44,0
2012-10-29,44,2.7
2012-10-30,44,1636
2012-10-31,44,1560
2012-11-01,44,2
2012-11-02,44,6
2012-11-03,44,0
2012-11-04,44,0
2012-11-05,44,1427
2012-11-06,44,93
2012-11-07,44,36
2012-11-08,44,1541.5
2012-11-09,44,1490.5
2012-11-10,44,0
2012-11-11,44,0
2012-11-12,44,0
2012-11-13,44,0
2012-11-14,44,0
2012-11-15,44,0
2012-11-16,44,0
2012-11-17,44,0
2012-11-18,44,0
2012-11-19,44,447
2012-11-20,44,772.5
2012-11-21,44,990
2012-11-22,44,396
2012-11-23,44,822.5
2012-11-24,44,0
2012-11-25,44,0
2012-11-26,44,890.5
2012-11-27,44,794.5
2012-11-28,44,0
2012-11-29,44,695
2012-11-30,44,665
2012-12-01,44,0
2012-12-02,44,0
2012-12-03,44,1214.5
2012-12-04,44,349
2012-12-05,44,342.5
2012-12-06,44,262
2012-12-07,44,232.5
2012-12-08,44,0
2012-12-09,44,0
2012-12-10,44,2299
2012-12-11,44,0
2012-12-12,44,2811
2012-12-13,44,0
2012-12-14,44,3725
2012-12-15,44,0
2012-12-16,44,0
2012-12-17,44,2870.5
2012-12-18,44,2618
2012-12-19,44,47
2012-12-20,44,0
2012-12-21,44,3003
2012-12-22,44,0
2012-12-23,44,0
2012-12-24,44,0
2012-12-25,44,0
2012-12-26,44,3150.5
2012-12-27,44,0
2012-12-28,44,0
2012-12-29,44,0
2012-12-30,44,0
2012-12-31,44,0
2013-01-01,44,0
2013-01-02,44,0
2013-01-03,44,0
2013-01-04,44,0
2013-01-05,44,0
2013-01-06,44,0
2013-01-07,44,0
2013-01-08,44,0
2013-01-09,44,0
2013-01-10,44,0
2013-01-11,44,0
2013-01-12,44,0
2013-01-13,44,0
2013-01-14,44,0
2013-01-15,44,0
2013-01-16,44,0
2013-01-17,44,0
2013-01-18,44,0
2013-01-19,44,0
2013-01-20,44,0
2013-01-21,44,0
2013-01-22,44,0
2013-01-23,44,0
2013-01-24,44,0
2013-01-25,44,0
2013-01-26,44,0
2013-01-27,44,0
2013-01-28,44,0
2013-01-29,44,0
2013-01-30,44,0
2013-01-31,44,0
2013-02-01,44,0
2013-02-02,44,0
2013-02-03,44,0
2013-02-04,44,2489
2013-02-05,44,0
2013-02-06,44,0
2013-02-07,44,53
2013-02-08,44,2483.5
2013-02-09,44,0
2013-02-10,44,0
2013-02-11,44,92
2013-02-12,44,70
2013-02-13,44,1552
2013-02-14,44,1262.5
2013-02-15,44,1638.5
2013-02-16,44,0
2013-02-17,44,0
2013-02-18,44,1577.5
2013-02-19,44,0
2013-02-20,44,0
2013-02-21,44,403
2013-02-22,44,2123.5
2013-02-23,44,0
2013-02-24,44,0
2013-02-25,44,1673.5
2013-02-26,44,0
2013-02-27,44,1342.5
2013-02-28,44,1244
2013-03-01,44,1095.5
2013-03-02,44,0
2013-03-03,44,0
2013-03-04,44,846.5
2013-03-05,44,416
2013-03-06,44,320.5
2013-03-07,44,1003
2013-03-08,44,300
2013-03-09,44,0
2013-03-10,44,0
2013-03-11,44,0
2013-03-12,44,126.5
2013-03-13,44,111.5
2013-03-14,44,79
2013-03-15,44,84
2013-03-16,44,0
2013-03-17,44,0
2013-03-18,44,24
2013-03-19,44,2553
2013-03-20,44,950
2013-03-21,44,1300
2013-03-22,44,1984
2013-03-23,44,0
2013-03-24,44,0
2013-03-25,44,1600
2013-03-26,44,0
2013-03-27,44,0
2013-03-28,44,0
2013-03-29,44,0
2013-03-30,44,0
2013-03-31,44,0
2013-04-01,44,0
2013-04-02,44,1866
2013-04-03,44,1996.5
2013-04-04,44,2143.5
2013-04-05,44,1972
2013-04-06,44,0
2013-04-07,44,0
2013-04-08,44,1737
2013-04-09,44,1254.5
2013-04-10,44,0
2013-04-11,44,0
2013-04-12,44,1504.5
2013-04-13,44,0
2013-04-14,44,0
2013-04-15,44,1128
2013-04-16,44,971
2013-04-17,44,1164
2013-04-18,44,960
2013-04-19,44,0
2013-04-20,44,0
2013-04-21,44,0
2013-04-22,44,2260.5
2013-04-23,44,0
2013-04-24,44,2187
2013-04-25,44,1709.5
2013-04-26,44,1878
2013-04-27,44,0
2013-04-28,44,0
2013-04-29,44,1436.5
2013-04-30,44,1584.5
2013-05-01,44,0
2013-05-02,44,1020
2013-05-03,44,0
2013-05-04,44,0
2013-05-05,44,0
2013-05-06,44,1298
2013-05-07,44,1663
2013-05-08,44,1986.5
2013-05-09,44,0
2013-05-10,44,1864
2013-05-11,44,0
2013-05-12,44,0
2013-05-13,44,467
2013-05-14,44,1451
2013-05-15,44,1817.5
2013-05-16,44,1795
2013-05-17,44,1507
2013-05-18,44,0
2013-05-19,44,0
2013-05-20,44,1022
2013-05-21,44,1050
2013-05-22,44,1052
2013-05-23,44,771
2013-05-24,44,910
2013-05-25,44,0
2013-05-26,44,0
2013-05-27,44,905
2013-05-28,44,945
2013-05-29,44,1010
2013-05-30,44,802.5
2013-05-31,44,1033.5
2013-06-01,44,0
2013-06-02,44,0
2013-06-03,44,830
2013-06-04,44,1343.5
2013-06-05,44,1526.5
2013-06-06,44,1149
2013-06-07,44,1102
2013-06-08,44,0
2013-06-09,44,0
2013-06-10,44,1384
2013-06-11,44,965
2013-06-12,44,770.5
2013-06-13,44,941
2013-06-14,44,1131
2013-06-15,44,0
2013-06-16,44,0
2013-06-17,44,1290
2013-06-18,44,1470
2013-06-19,44,1519.5
2013-06-20,44,1293
2013-06-21,44,925.5
2013-06-22,44,0
2013-06-23,44,0
2013-06-24,44,976
2013-06-25,44,706
2013-06-26,44,828
2013-06-27,44,909
2013-06-28,44,929.5
2013-06-29,44,0
2013-06-30,44,0
2013-07-01,44,951.5
2013-07-02,44,1057
2013-07-03,44,966
2013-07-04,44,908
2013-07-05,44,1029.5
2013-07-06,44,0
2013-07-07,44,0
2013-07-08,44,0
2013-07-09,44,1285
2013-07-10,44,1146.7
2013-07-11,44,764.6
2013-07-12,44,789.1
2013-07-13,44,0
2013-07-14,44,0
2013-07-15,44,1030.3
2013-07-16,44,1056.3
2013-07-17,44,987.7
2013-07-18,44,1327.9
2013-07-19,44,0
2013-07-20,44,0
2013-07-21,44,0
2013-07-22,44,0
2013-07-23,44,862.2
2013-07-24,44,202.4
2013-07-25,44,1025.2
2013-07-26,44,1008.8
2013-07-27,44,0
2013-07-28,44,0
2013-07-29,44,818.5
2013-07-30,44,696.4
2013-07-31,44,587.7
2013-08-01,44,458
2013-08-02,44,506.1
2013-08-03,44,0
2013-08-04,44,0
2013-08-05,44,754
2013-08-06,44,0
2013-08-07,44,689.6
2013-08-08,44,729.5
2013-08-09,44,0
2013-08-10,44,0
2013-08-11,44,0
2013-08-12,44,766.5
2013-08-13,44,835
2013-08-14,44,585.4
2013-08-15,44,0
2013-08-16,44,770.5
2013-08-17,44,4.9
2013-08-18,44,0
2013-08-19,44,701.1
2013-08-20,44,60.9
2013-08-21,44,375.9
2013-08-22,44,354.1
2013-08-23,44,424.9
2013-08-24,44,0.1
2013-08-25,44,0
2013-08-26,44,182.3
2013-08-27,44,338
2013-08-28,44,0
2013-08-29,44,56.1
2013-08-30,44,266.3
2013-08-31,44,0
2013-09-01,44,0
2013-09-02,44,0
2013-09-03,44,537.9
2013-09-04,44,243.3
2013-09-05,44,0
2013-09-06,44,391.3
2013-09-07,44,0.5
2013-09-08,44,0
2013-09-09,44,0
2013-09-10,44,341.3
2013-09-11,44,407.2
2013-09-12,44,377.9
2013-09-13,44,409.8
2013-09-14,44,0
2013-09-15,44,0
2013-09-16,44,256.6
2013-09-17,44,300
2013-09-18,44,0
2013-09-19,44,230.1
2013-09-20,44,0
2013-09-21,44,0
2013-09-22,44,0
2013-09-23,44,108.4
2013-09-24,44,123.9
2013-09-25,44,0
2013-09-26,44,220
2013-09-27,44,0
2013-09-28,44,0
2013-09-29,44,0
2013-09-30,44,0.8
2013-10-01,44,253.7
2013-10-02,44,0
2013-10-03,44,3
2013-10-04,44,0
2013-10-05,44,0
2013-10-06,44,0
2013-10-07,44,4.2
2013-10-08,44,0.6
2013-10-09,44,122.4
2013-10-10,44,0
2013-10-11,44,0
2013-10-12,44,0
2013-10-13,44,0
2013-10-14,44,84.8
2013-10-15,44,8.3
2013-10-16,44,0
2013-10-17,44,0
2013-10-18,44,71.8
2013-10-19,44,0
2013-10-20,44,0
2013-10-21,44,135
2013-10-22,44,34.7
2013-10-23,44,86.9
2013-10-24,44,35.4
2013-10-25,44,116.3
2013-10-26,44,0
2013-10-27,44,0
2013-10-28,44,11.9
2013-10-29,44,10
2013-10-30,44,130
2013-10-31,44,80
2013-11-01,44,0
2013-11-02,44,0
2013-11-03,44,0
2013-11-04,44,0
2013-11-05,44,0
2013-11-06,44,0
2013-11-07,44,0
2013-11-08,44,0
2013-11-09,44,0
2013-11-10,44,0
2013-11-11,44,7
2013-11-12,44,0
2013-11-13,44,0
2013-11-14,44,0
2013-11-15,44,0
2013-11-16,44,0
2013-11-17,44,0
2013-11-18,44,0
2013-11-19,44,0
2013-11-20,44,742.8
2013-11-21,44,0
2013-11-22,44,0
2013-11-23,44,0
2013-11-24,44,0
2013-11-25,44,0
2013-11-26,44,0
2013-11-27,44,0
2013-11-28,44,0
2013-11-29,44,0
2013-11-30,44,0
2013-12-01,44,0
2013-12-02,44,0
2013-12-03,44,0
2013-12-04,44,0
2013-12-05,44,0
2013-12-06,44,0
2013-12-07,44,0
2013-12-08,44,0
2013-12-09,44,0
2013-12-10,44,0
2013-12-11,44,0
2013-12-12,44,0
2013-12-13,44,0
2013-12-14,44,0
2013-12-15,44,0
2013-12-16,44,0
2013-12-17,44,0
2013-12-18,44,0
2013-12-19,44,0
2013-12-20,44,0
2013-12-21,44,0
2013-12-22,44,0
2013-12-23,44,0
2013-12-24,44,0
2013-12-25,44,0
2013-12-26,44,0
2013-12-27,44,0
2013-12-28,44,0
2013-12-29,44,0
2013-12-30,44,0
2013-12-31,44,0
2014-01-01,44,0
2014-01-02,44,0
2014-01-03,44,0
2014-01-04,44,0
2014-01-05,44,0
2014-01-06,44,0
2014-01-07,44,0
2014-01-08,44,0
2014-01-09,44,0
2014-01-10,44,0
2014-01-11,44,0
2014-01-12,44,0
2014-01-13,44,0
2014-01-14,44,0
2014-01-15,44,0
2014-01-16,44,0
2014-01-17,44,0
2014-01-18,44,0
2014-01-19,44,0
2014-01-20,44,0
2014-01-21,44,0
2014-01-22,44,0
2014-01-23,44,0
2014-01-24,44,2067
2014-01-25,44,0
2014-01-26,44,0
2014-01-27,44,0
2014-01-28,44,0
2014-01-29,44,0
2014-01-30,44,0
2014-01-31,44,0
2014-02-01,44,0
2014-02-02,44,0
2014-02-03,44,0
2014-02-04,44,0
2014-02-05,44,83
2014-02-06,44,1745
2014-02-07,44,0
2014-02-08,44,0
2014-02-09,44,0
2014-02-10,44,0
2014-02-11,44,126
2014-02-12,44,0
2014-02-13,44,0
2014-02-14,44,120
2014-02-15,44,45
2014-02-16,44,0
2014-02-17,44,840.5
2014-02-18,44,218.5
2014-02-19,44,0
2014-02-20,44,1064
2014-02-21,44,212.5
2014-02-22,44,234
2014-02-23,44,0
2014-02-24,44,382
2014-02-25,44,475
2014-02-26,44,505
2014-02-27,44,0
2014-02-28,44,0
2014-03-01,44,0
2014-03-02,44,0
2014-03-03,44,0
2014-03-04,44,0
2014-03-05,44,0
2014-03-06,44,0
2014-03-07,44,0
2014-03-08,44,0
2014-03-09,44,0
2014-03-10,44,0
2014-03-11,44,0
2014-03-12,44,0
2014-03-13,44,0
2014-03-14,44,0
2014-03-15,44,0
2014-03-16,44,0
2014-03-17,44,0
2014-03-18,44,0
2014-03-19,44,0
2014-03-20,44,0
2014-03-21,44,0
2014-03-22,44,0
2014-03-23,44,0
2014-03-24,44,0
2014-03-25,44,0
2014-03-26,44,0
2014-03-27,44,0
2014-03-28,44,0
2014-03-29,44,0
2014-03-30,44,0
2014-03-31,44,0
2014-04-01,44,0
2014-04-02,44,0
2014-04-03,44,29
2014-04-04,44,26.5
2014-04-05,44,404.5
2014-04-06,44,0
2014-04-07,44,28
2014-04-08,44,0
2014-04-09,44,6.5
2014-04-10,44,1365
2014-04-11,44,0
2014-04-12,44,0
2014-04-13,44,0
2014-04-14,44,0
2014-04-15,44,0
2014-04-16,44,990.5
2014-04-17,44,900
2014-04-18,44,0
2014-04-19,44,1328
2014-04-20,44,0
2014-04-21,44,1872.5
2014-04-22,44,0
2014-04-23,44,0
2014-04-24,44,0
2014-04-25,44,1975
2014-04-26,44,1034
2014-04-27,44,0
2014-04-28,44,2512.5
2014-04-29,44,0
2014-04-30,44,2545.5
2014-05-01,44,0
2014-05-02,44,1091
2014-05-03,44,0
2014-05-04,44,0
2014-05-05,44,2258
2014-05-06,44,1853.5
2014-05-07,44,1653
2014-05-08,44,1000
2014-05-09,44,0
2014-05-10,44,0
2014-05-11,44,0
2014-05-12,44,1091
2014-05-13,44,1640
2014-05-14,44,0
2014-05-15,44,1943
2014-05-16,44,2002
2014-05-17,44,938
2014-05-18,44,0
2014-05-19,44,0
2014-05-20,44,2013.5
2014-05-21,44,1750
2014-05-22,44,1969.5
2014-05-23,44,1597
2014-05-24,44,0
2014-05-25,44,0
2014-05-26,44,1361
2014-05-27,44,1739.5
2014-05-28,44,1739.7
2014-05-29,44,1450
2014-05-30,44,1751.5
2014-05-31,44,0
2014-06-01,44,0
2014-06-02,44,0
2014-06-03,44,0
2014-06-04,44,0
2014-06-05,44,1177
2014-06-06,44,0
2014-06-07,44,0
2014-06-08,44,0
2014-06-09,44,2018
2014-06-10,44,1882.5
2014-06-11,44,1450
2014-06-12,44,1847
2014-06-13,44,0
2014-06-14,44,0
2014-06-15,44,0
2014-06-16,44,0
2014-06-17,44,0
2014-06-18,44,1383.5
2014-06-19,44,1805
2014-06-20,44,1818.5
2014-06-21,44,551.5
2014-06-22,44,0
2014-06-23,44,1962
2014-06-24,44,1668.5
2014-06-25,44,1717.5
2014-06-26,44,1735
2014-06-27,44,0
2014-06-28,44,676
2014-06-29,44,0
2014-06-30,44,1686
2014-07-01,44,1515
2014-07-02,44,1225
2014-07-03,44,1474.5
2014-07-04,44,1615
2014-07-05,44,723.5
2014-07-06,44,0
2014-07-07,44,1086.5
2014-07-08,44,1630.5
2014-07-09,44,0
2014-07-10,44,1415
2014-07-11,44,0
2014-07-12,44,650
2014-07-13,44,0
2014-07-14,44,919
2014-07-15,44,867.5
2014-07-16,44,987
2014-07-17,44,1141
2014-07-18,44,1315.5
2014-07-19,44,561
2014-07-20,44,0
2014-07-21,44,1337.5
2014-07-22,44,1012.5
2014-07-23,44,495
2014-07-24,44,1026
2014-07-25,44,989.5
2014-07-26,44,0
2014-07-27,44,0
2014-07-28,44,991
2014-07-29,44,0
2014-07-30,44,642
2014-07-31,44,1567
2014-08-01,44,0
2014-08-02,44,826.5
2014-08-03,44,0
2014-08-04,44,0
2014-08-05,44,0
2014-08-06,44,0
2014-08-07,44,0
2014-08-08,44,0
2014-08-09,44,0
2014-08-10,44,0
2014-08-11,44,0
2014-08-12,44,1170.5
2014-08-13,44,0
2014-08-14,44,0
2014-08-15,44,0
2014-08-16,44,824
2014-08-17,44,0
2014-08-18,44,0
2014-08-19,44,0
2014-08-20,44,0
2014-08-21,44,0
2014-08-22,44,0
2014-08-23,44,0
2014-08-24,44,0
2014-08-25,44,0
2014-08-26,44,0
2014-08-27,44,0
2014-08-28,44,0
2014-08-29,44,0
2014-08-30,44,0
2014-08-31,44,0
2014-09-01,44,0
2014-09-02,44,0
2014-09-03,44,0
2014-09-04,44,0
2014-09-05,44,0
2014-09-06,44,0
2014-09-07,44,0
2014-09-08,44,0
2014-09-09,44,0
2014-09-10,44,0
2014-09-11,44,1680.5
2014-09-12,44,1400
2014-09-13,44,0
2014-09-14,44,0
2014-09-15,44,0
2014-09-16,44,0
2014-09-17,44,0
2014-09-18,44,0
2014-09-19,44,0
2014-09-20,44,0
2014-09-21,44,0
2014-09-22,44,0
2014-09-23,44,0
2014-09-24,44,0
2014-09-25,44,0
2014-09-26,44,0
2014-09-27,44,0
2014-09-28,44,0
2014-09-29,44,0
2014-09-30,44,0
2014-10-01,44,0
2014-10-02,44,0
2014-10-03,44,0
2014-10-04,44,0
2014-10-05,44,0
2014-10-06,44,0
2014-10-07,44,0
2014-10-08,44,0
2014-10-09,44,0
2014-10-10,44,0
2014-10-11,44,0
2014-10-12,44,0
2014-10-13,44,1566
2014-10-14,44,0
2014-10-15,44,0
2014-10-16,44,0
2014-10-17,44,0
2014-10-18,44,0
2014-10-19,44,0
2014-10-20,44,0
2014-10-21,44,0
2014-10-22,44,0
2014-10-23,44,0
2014-10-24,44,0
2014-10-25,44,0
2014-10-26,44,0
2014-10-27,44,0
2014-10-28,44,9.5
2014-10-29,44,456
2014-10-30,44,0
2014-10-31,44,666.5
2014-11-01,44,329
2014-11-02,44,0
2014-11-03,44,24
2014-11-04,44,0
2014-11-05,44,3.5
2014-11-06,44,0
2014-11-07,44,908
2014-11-08,44,336
2014-11-09,44,0
2014-11-10,44,31
2014-11-11,44,15
2014-11-12,44,12.5
2014-11-13,44,0
2014-11-14,44,0
2014-11-15,44,5
2014-11-16,44,0
2014-11-17,44,280
2014-11-18,44,0
2014-11-19,44,0
2014-11-20,44,0
2014-11-21,44,0
2014-11-22,44,0
2014-11-23,44,0
2014-11-24,44,136
2014-11-25,44,193.5
2014-11-26,44,170.5
2014-11-27,44,50
2014-11-28,44,0
2014-11-29,44,0
2014-11-30,44,0
2014-12-01,44,0
2014-12-02,44,514
2014-12-03,44,31.5
2014-12-04,44,476
2014-12-05,44,711
2014-12-06,44,9.5
2014-12-07,44,0
2014-12-08,44,15
2014-12-09,44,0
2014-12-10,44,0
2014-12-11,44,0
2014-12-12,44,0
2014-12-13,44,0
2014-12-14,44,0
2014-12-15,44,0
2014-12-16,44,0
2014-12-17,44,0
2014-12-18,44,0
2014-12-19,44,0
2014-12-20,44,0
2014-12-21,44,0
2014-12-22,44,0
2014-12-23,44,0
2014-12-24,44,0
2014-12-25,44,0
2014-12-26,44,0
2014-12-27,44,0
2014-12-28,44,0
2014-12-29,44,0
2014-12-30,44,0
2014-12-31,44,0
2015-01-01,44,0
2015-01-02,44,0
2015-01-03,44,0
2015-01-04,44,0
2015-01-05,44,0
2015-01-06,44,0
2015-01-07,44,0
2015-01-08,44,0
2015-01-09,44,0
2015-01-10,44,0
2015-01-11,44,0
2015-01-12,44,0
2015-01-13,44,0
2015-01-14,44,0
2015-01-15,44,0
2015-01-16,44,0
2015-01-17,44,0
2015-01-18,44,0
2015-01-19,44,0
2015-01-20,44,0
2015-01-21,44,0
2015-01-22,44,0
2015-01-23,44,0
2015-01-24,44,0
2015-01-25,44,0
2015-01-26,44,0
2015-01-27,44,0
2015-01-28,44,0
2015-01-29,44,0
2015-01-30,44,0
2015-01-31,44,0
2015-02-01,44,0
2015-02-02,44,0
2015-02-03,44,0
2015-02-04,44,0
2015-02-05,44,0
2015-02-06,44,0
2015-02-07,44,0
2015-02-08,44,0
2015-02-09,44,0
2015-02-10,44,0
2015-02-11,44,3
2015-02-12,44,0
2015-02-13,44,0
2015-02-14,44,0
2015-02-15,44,0
2015-02-16,44,0
2015-02-17,44,0
2015-02-18,44,0
2015-02-19,44,0
2015-02-20,44,0
2015-02-21,44,0
2015-02-22,44,0
2015-02-23,44,0
2015-02-24,44,0
2015-02-25,44,0
2015-02-26,44,0
2015-02-27,44,0
2015-02-28,44,0
2015-03-01,44,0
2015-03-02,44,0
2015-03-03,44,0
2015-03-04,44,0
2015-03-05,44,0
2015-03-06,44,0
2015-03-07,44,0
2015-03-08,44,0
2015-03-09,44,0
2015-03-10,44,0
2015-03-11,44,0
2015-03-12,44,0
2015-03-13,44,0
2015-03-14,44,0
2015-03-15,44,0
2015-03-16,44,0
2015-03-17,44,0
2015-03-18,44,0
2015-03-19,44,0
2015-03-20,44,0
2015-03-21,44,0
2015-03-22,44,0
2015-03-23,44,0
2015-03-24,44,0
2015-03-25,44,557
2015-03-26,44,768
2015-03-27,44,600
2015-03-28,44,0
2015-03-29,44,0
2015-03-30,44,0
2015-03-31,44,0
2015-04-01,44,0
2015-04-02,44,0
2015-04-03,44,0
2015-04-04,44,0
2015-04-05,44,0
2015-04-06,44,300
2015-04-07,44,813
2015-04-08,44,521
2015-04-09,44,153
2015-04-10,44,181
2015-04-11,44,66
2015-04-12,44,0
2015-04-13,44,106
2015-04-14,44,24
2015-04-15,44,47
2015-04-16,44,52
2015-04-17,44,25
2015-04-18,44,0
2015-04-19,44,0
2015-04-20,44,33
2015-04-21,44,0
2015-04-22,44,0
2015-04-23,44,1986
2015-04-24,44,1713
2015-04-25,44,652
2015-04-26,44,0
2015-04-27,44,1908
2015-04-28,44,802
2015-04-29,44,976
2015-04-30,44,1630
2015-05-01,44,0
2015-05-02,44,1023
2015-05-03,44,0
2015-05-04,44,0
2015-05-05,44,2042
2015-05-06,44,1772
2015-05-07,44,1888
2015-05-08,44,1737
2015-05-09,44,642
2015-05-10,44,0
2015-05-11,44,1729
2015-05-12,44,1532
2015-05-13,44,1575
2015-05-14,44,827
2015-05-15,44,810
2015-05-16,44,564
2015-05-17,44,0
2015-05-18,44,0
2015-05-19,44,2005
2015-05-20,44,1607
2015-05-21,44,1454
2015-05-22,44,1318
2015-05-23,44,529
2015-05-24,44,0
2015-05-25,44,1345
2015-05-26,44,1205
2015-05-27,44,1101
2015-05-28,44,1074
2015-05-29,44,1203
2015-05-30,44,683
2015-05-31,44,0
2015-06-01,44,0
2015-06-02,44,0
2015-06-03,44,1443
2015-06-04,44,1245
2015-06-05,44,1209
2015-06-06,44,502
2015-06-07,44,0
2015-06-08,44,1281
2015-06-09,44,1421
2015-06-10,44,1249
2015-06-11,44,1321
2015-06-12,44,0
2015-06-13,44,781
2015-06-14,44,0
2015-06-15,44,1549
2015-06-16,44,0
2015-06-17,44,1669
2015-06-18,44,1477
2015-06-19,44,1325
2015-06-20,44,606
2015-06-21,44,0
2015-06-22,44,1283
2015-06-23,44,1076
2015-06-24,44,916
2015-06-25,44,952
2015-06-26,44,1010
2015-06-27,44,385
2015-06-28,44,0
2015-06-29,44,1144
2015-06-30,44,959
2015-07-01,44,937
2015-07-02,44,949
2015-07-03,44,953
2015-07-04,44,339
2015-07-05,44,0
2015-07-06,44,770
2015-07-07,44,834
2015-07-08,44,752
2015-07-09,44,756
2015-07-10,44,652
2015-07-11,44,242
2015-07-12,44,0
2015-07-13,44,636
2015-07-14,44,604
2015-07-15,44,625
2015-07-16,44,0
2015-07-17,44,625
2015-07-18,44,0
2015-07-19,44,0
2015-07-20,44,597
2015-07-21,44,605
2015-07-22,44,592
2015-07-23,44,671
2015-07-24,44,527
2015-07-25,44,122
2015-07-26,44,0
2015-07-27,44,0
2015-07-28,44,628
2015-07-29,44,664
2015-07-30,44,0
2015-07-31,44,505
2015-08-01,44,119
2015-08-02,44,0
2015-08-03,44,382
2015-08-04,44,320
2015-08-05,44,268
2015-08-06,44,224
2015-08-07,44,216
2015-08-08,44,97
2015-08-09,44,0
2015-08-10,44,170
2015-08-11,44,288
2015-08-12,44,258
2015-08-13,44,326
2015-08-14,44,0
2015-08-15,44,0
2015-08-16,44,0
2015-08-17,44,480
2015-08-18,44,0
2015-08-19,44,237
2015-08-20,44,280
2015-08-21,44,328
2015-08-22,44,120
2015-08-23,44,0
2015-08-24,44,0
2015-08-25,44,408
2015-08-26,44,221
2015-08-27,44,113
2015-08-28,44,170
2015-08-29,44,0
2015-08-30,44,0
2015-08-31,44,73
2015-09-01,44,213
2015-09-02,44,173
2015-09-03,44,205
2015-09-04,44,214
2015-09-05,44,87
2015-09-06,44,0
2015-09-07,44,100
2015-09-08,44,147
2015-09-09,44,101
2015-09-10,44,150
2015-09-11,44,0
2015-09-12,44,0
2015-09-13,44,0
2015-09-14,44,183
2015-09-15,44,156
2015-09-16,44,139
2015-09-17,44,0
2015-09-18,44,0
2015-09-19,44,49
2015-09-20,44,0
2015-09-21,44,178
2015-09-22,44,203
2015-09-23,44,185
2015-09-24,44,129
2015-09-25,44,0
2015-09-26,44,0
2015-09-27,44,0
2015-09-28,44,1
2015-09-29,44,167
2015-09-30,44,4
2015-10-01,44,129
2015-10-02,44,0
2015-10-03,44,2
2015-10-04,44,0
2015-10-05,44,95
2015-10-06,44,105
2015-10-07,44,73
2015-10-08,44,1
2015-10-09,44,2
2015-10-10,44,0
2015-10-11,44,0
2015-10-12,44,0
2015-10-13,44,27
2015-10-14,44,27
2015-10-15,44,97
2015-10-16,44,29
2015-10-17,44,5
2015-10-18,44,0
2015-10-19,44,83
2015-10-20,44,64
2015-10-21,44,32
2015-10-22,44,0
2015-10-23,44,29
2015-10-24,44,0
2015-10-25,44,0
2015-10-26,44,14
2015-10-27,44,28
2015-10-28,44,9
2015-10-29,44,9
2015-10-30,44,378
2015-10-31,44,14
2015-11-01,44,0
2015-11-02,44,9
2015-11-03,44,2
2015-11-04,44,3
2015-11-05,44,10
2015-11-06,44,9
2015-11-07,44,6
2015-11-08,44,0
2015-11-09,44,0
2015-11-10,44,0
2015-11-11,44,0
2015-11-12,44,0
2015-11-13,44,0
2015-11-14,44,0
2015-11-15,44,0
2015-11-16,44,1065
2015-11-17,44,4
2015-11-18,44,0
2015-11-19,44,1239
2015-11-20,44,3
2015-11-21,44,0
2015-11-22,44,0
2015-11-23,44,0
2015-11-24,44,1
2015-11-25,44,0
2015-11-26,44,1962
2015-11-27,44,0
2015-11-28,44,0
2015-11-29,44,0
2015-11-30,44,0
2015-12-01,44,0
2015-12-02,44,0
2015-12-03,44,0
2015-12-04,44,0
2015-12-05,44,0
2015-12-06,44,0
2015-12-07,44,0
2015-12-08,44,0
2015-12-09,44,0
2015-12-10,44,0
2015-12-11,44,0
2015-12-12,44,0
2015-12-13,44,0
2015-12-14,44,0
2015-12-15,44,0
2015-12-16,44,0
2015-12-17,44,0
2015-12-18,44,0
2015-12-19,44,0
2015-12-20,44,0
2015-12-21,44,0
2015-12-22,44,0
2015-12-23,44,0
2015-12-24,44,0
2015-12-25,44,0
2015-12-26,44,0
2015-12-27,44,0
2015-12-28,44,0
2015-12-29,44,0
2015-12-30,44,0
2015-12-31,44,0
2016-01-01,44,0
2016-01-02,44,0
2016-01-03,44,0
2016-01-04,44,0
2016-01-05,44,0
2016-01-06,44,0
2016-01-07,44,0
2016-01-08,44,2713
2016-01-09,44,0
2016-01-10,44,0
2016-01-11,44,0
2016-01-12,44,0
2016-01-13,44,0
2016-01-14,44,0
2016-01-15,44,0
2016-01-16,44,0
2016-01-17,44,0
2016-01-18,44,0
2016-01-19,44,0
2016-01-20,44,0
2016-01-21,44,0
2016-01-22,44,0
2016-01-23,44,0
2016-01-24,44,0
2016-01-25,44,0
2016-01-26,44,0
2016-01-27,44,0
2016-01-28,44,0
2016-01-29,44,0
2016-01-30,44,0
2016-01-31,44,0
2016-02-01,44,2169
2016-02-02,44,0
2016-02-03,44,0
2016-02-04,44,0
2016-02-05,44,0
2016-02-06,44,0
2016-02-07,44,0
2016-02-08,44,0
2016-02-09,44,0
2016-02-10,44,0
2016-02-11,44,8
2016-02-12,44,2122
2016-02-13,44,0
2016-02-14,44,0
2016-02-15,44,0
2016-02-16,44,2008
2016-02-17,44,4
2016-02-18,44,0
2016-02-19,44,0
2016-02-20,44,22
2016-02-21,44,0
2016-02-22,44,11
2016-02-23,44,18
2016-02-24,44,12
2016-02-25,44,1677
2016-02-26,44,16
2016-02-27,44,0
2016-02-28,44,0
2016-02-29,44,22
2016-03-01,44,15
2016-03-02,44,45
2016-03-03,44,29
2016-03-04,44,21
2016-03-05,44,25
2016-03-06,44,0
2016-03-07,44,0
2016-03-08,44,1615
2016-03-09,44,0
2016-03-10,44,219
2016-03-11,44,80
2016-03-12,44,0
2016-03-13,44,0
2016-03-14,44,76
2016-03-15,44,61
2016-03-16,44,150
2016-03-17,44,182
2016-03-18,44,148
2016-03-19,44,118
2016-03-20,44,0
2016-03-21,44,384
2016-03-22,44,421
2016-03-23,44,0
2016-03-24,44,0
2016-03-25,44,0
2016-03-26,44,0
2016-03-27,44,0
2016-03-28,44,0
2016-03-29,44,0
2016-03-30,44,0
2016-03-31,44,0
2016-04-01,44,0
2016-04-02,44,0
2016-04-03,44,0
2016-04-04,44,0
2016-04-05,44,98
2016-04-06,44,84
2016-04-07,44,0
2016-04-08,44,870
2016-04-09,44,0
2016-04-10,44,0
2016-04-11,44,8
2016-04-12,44,1245
2016-04-13,44,1471
2016-04-14,44,0
2016-04-15,44,0
2016-04-16,44,632
2016-04-17,44,0
2016-04-18,44,1930
2016-04-19,44,0
2016-04-20,44,1833
2016-04-21,44,1641
2016-04-22,44,1235
2016-04-23,44,0
2016-04-24,44,0
2016-04-25,44,1968
2016-04-26,44,1500
2016-04-27,44,1096
2016-04-28,44,1264
2016-04-29,44,1073
2016-04-30,44,407
2016-05-01,44,0
2016-05-02,44,1443
2016-05-03,44,1849
2016-05-04,44,1718
2016-05-05,44,1649
2016-05-06,44,0
2016-05-07,44,986
2016-05-08,44,0
2016-05-09,44,732
2016-05-10,44,1311
2016-05-11,44,2020
2016-05-12,44,1448
2016-05-13,44,1583
2016-05-14,44,0
2016-05-15,44,0
2016-05-16,44,1839
2016-05-17,44,1153
2016-05-18,44,1083
2016-05-19,44,1054
2016-05-20,44,1147
2016-05-21,44,0
2016-05-22,44,0
2016-05-23,44,1263
2016-05-24,44,1084
2016-05-25,44,1329
2016-05-26,44,1111
2016-05-27,44,1244
2016-05-28,44,0
2016-05-29,44,0
2016-05-30,44,1278
2016-05-31,44,1208
2016-06-01,44,1228
2016-06-02,44,1175
2016-06-03,44,1265
2016-06-04,44,0
2016-06-05,44,0
2016-06-06,44,1848
2016-06-07,44,1611
2016-06-08,44,1578
2016-06-09,44,1555
2016-06-10,44,1543
2016-06-11,44,0
2016-06-12,44,0
2016-06-13,44,1614
2016-06-14,44,1324
2016-06-15,44,1117
2016-06-16,44,979
2016-06-17,44,916
2016-06-18,44,0
2016-06-19,44,0
2016-06-20,44,0
2016-06-21,44,398
2016-06-22,44,867
2016-06-23,44,1146
2016-06-24,44,1387
2016-06-25,44,0
2016-06-26,44,0
2016-06-27,44,1431
2016-06-28,44,1232
2016-06-29,44,1056
2016-06-30,44,928
2016-07-01,44,807
2016-07-02,44,256
2016-07-03,44,0
2016-07-04,44,0
2016-07-05,44,790
2016-07-06,44,0
2016-07-07,44,969
2016-07-08,44,950
2016-07-09,44,0
2016-07-10,44,0
2016-07-11,44,0
2016-07-12,44,0
2016-07-13,44,0
2016-07-14,44,0
2016-07-15,44,0
2016-07-16,44,0
2016-07-17,44,0
2016-07-18,44,0
2016-07-19,44,0
2016-07-20,44,0
2016-07-21,44,0
2016-07-22,44,0
2016-07-23,44,0
2016-07-24,44,0
2016-07-25,44,0
2016-07-26,44,137
2016-07-27,44,349
2016-07-28,44,483
2016-07-29,44,702
2016-07-30,44,210
2016-07-31,44,0
2016-08-01,44,818
2016-08-02,44,0
2016-08-03,44,139
2016-08-04,44,263
2016-08-05,44,526
2016-08-06,44,183
2016-08-07,44,0
2016-08-08,44,527
2016-08-09,44,906
2016-08-10,44,527
2016-08-11,44,1011
2016-08-12,44,1438
2016-08-13,44,0
2016-08-14,44,0
2016-08-15,44,0
2016-08-16,44,2072
2016-08-17,44,0
2016-08-18,44,0
2016-08-19,44,1412
2016-08-20,44,436
2016-08-21,44,0
2016-08-22,44,1412
2016-08-23,44,1366
2016-08-24,44,1539
2016-08-25,44,0
2016-08-26,44,1717
2016-08-27,44,436
2016-08-28,44,0
2016-08-29,44,1743
2016-08-30,44,0
2016-08-31,44,1704
2016-09-01,44,0
2016-09-02,44,1430
2016-09-03,44,697
2016-09-04,44,0
2016-09-05,44,0
2016-09-06,44,0
2016-09-07,44,1720
2016-09-08,44,500
2016-09-09,44,1208
2016-09-10,44,0
2016-09-11,44,0
2016-09-12,44,0
2016-09-13,44,959
2016-09-14,44,0
2016-09-15,44,0
2016-09-16,44,801
2016-09-17,44,360
2016-09-18,44,0
2016-09-19,44,0
2016-09-20,44,0
2016-09-21,44,0
2016-09-22,44,0
2016-09-23,44,0
2016-09-24,44,0
2016-09-25,44,0
2016-09-26,44,951
2016-09-27,44,0
2016-09-28,44,0
2016-09-29,44,1076
2016-09-30,44,0
2016-10-01,44,2
2016-10-02,44,0
2016-10-03,44,0
2016-10-04,44,435
2016-10-05,44,939
2016-10-06,44,1113
2016-10-07,44,650
2016-10-08,44,0
2016-10-09,44,0
2016-10-10,44,1345
2016-10-11,44,2
2016-10-12,44,0
2016-10-13,44,1732
2016-10-14,44,1400
2016-10-15,44,856
2016-10-16,44,0
2016-10-17,44,1489
2016-10-18,44,1339
2016-10-19,44,2
2016-10-20,44,1261
2016-10-21,44,5
2016-10-22,44,0
2016-10-23,44,0
2016-10-24,44,8
2016-10-25,44,1832
2016-10-26,44,0
2016-10-27,44,0
2016-10-28,44,0
2016-10-29,44,0
2016-10-30,44,0
2016-10-31,44,0
2016-11-01,44,0
2016-11-02,44,0
2016-11-03,44,5
2016-11-04,44,6
2016-11-05,44,0
2016-11-06,44,0
2016-11-07,44,26
2016-11-08,44,28
2016-11-09,44,25
2016-11-10,44,0
2016-11-11,44,0
2016-11-12,44,0
2016-11-13,44,0
2016-11-14,44,0
2016-11-15,44,0
2016-11-16,44,0
2016-11-17,44,0
2016-11-18,44,200
2016-11-19,44,0
2016-11-20,44,0
2016-11-21,44,400
2016-11-22,44,300
2016-11-23,44,0
2016-11-24,44,735
2016-11-25,44,852
2016-11-26,44,0
2016-11-27,44,0
2016-11-28,44,1537
2016-11-29,44,0
2016-11-30,44,362
2016-12-01,44,1736
2016-12-02,44,180
2016-12-03,44,0
2016-12-04,44,0
2016-12-05,44,108
2016-12-06,44,89
2016-12-07,44,2067
2016-12-08,44,0
2016-12-09,44,0
2016-12-10,44,0
2016-12-11,44,0
2016-12-12,44,0
2016-12-13,44,23
2016-12-14,44,10
2016-12-15,44,16
2016-12-16,44,0
2016-12-17,44,0
2016-12-18,44,0
2016-12-19,44,0
2016-12-20,44,0
2016-12-21,44,0
2016-12-22,44,0
2016-12-23,44,0
2016-12-24,44,0
2016-12-25,44,0
2016-12-26,44,0
2016-12-27,44,0
2016-12-28,44,0
2016-12-29,44,0
2016-12-30,44,2200
2016-12-31,44,0
2017-01-01,44,0
2017-01-02,44,0
2017-01-03,44,0
2017-01-04,44,0
2017-01-05,44,2744
2017-01-06,44,0
2017-01-07,44,0
2017-01-08,44,0
2017-01-09,44,0
2017-01-10,44,0
2017-01-11,44,0
2017-01-12,44,0
2017-01-13,44,0
2017-01-14,44,0
2017-01-15,44,0
2017-01-16,44,0
2017-01-17,44,0
2017-01-18,44,0
2017-01-19,44,0
2017-01-20,44,0
2017-01-21,44,0
2017-01-22,44,0
2017-01-23,44,0
2017-01-24,44,0
2017-01-25,44,0
2017-01-26,44,0
2017-01-27,44,0
2017-01-28,44,0
2017-01-29,44,0
2017-01-30,44,0
2017-01-31,44,0
2017-02-01,44,0
2017-02-02,44,0
2017-02-03,44,0
2017-02-04,44,0
2017-02-05,44,0
2017-02-06,44,0
2017-02-07,44,0
2017-02-08,44,0
2017-02-09,44,0
2017-02-10,44,0
2017-02-11,44,0
2017-02-12,44,0
2017-02-13,44,0
2017-02-14,44,0
2017-02-15,44,0
2017-02-16,44,0
2017-02-17,44,0
2017-02-18,44,0
2017-02-19,44,0
2017-02-20,44,0
2017-02-21,44,0
2017-02-22,44,0
2017-02-23,44,0
2017-02-24,44,0
2017-02-25,44,0
2017-02-26,44,0
2017-02-27,44,0
2017-02-28,44,0
2017-03-01,44,0
2017-03-02,44,0
2017-03-03,44,0
2017-03-04,44,0
2017-03-05,44,0
2017-03-06,44,52
2017-03-07,44,84
2017-03-08,44,117
2017-03-09,44,101
2017-03-10,44,110
2017-03-11,44,0
2017-03-12,44,0
2017-03-13,44,0
2017-03-14,44,204
2017-03-15,44,190
2017-03-16,44,327
2017-03-17,44,0
2017-03-18,44,0
2017-03-19,44,0
2017-03-20,44,671
2017-03-21,44,886
2017-03-22,44,1009
2017-03-23,44,1119
2017-03-24,44,0
2017-03-25,44,1359
2017-03-26,44,0
2017-03-27,44,0
2017-03-28,44,0
2017-03-29,44,0
2017-03-30,44,0
2017-03-31,44,0
2017-04-01,44,0
2017-04-02,44,0
2017-04-03,44,1659
2017-04-04,44,0
2017-04-05,44,363
2017-04-06,44,1419
2017-04-07,44,1884
2017-04-08,44,0
2017-04-09,44,0
2017-04-10,44,94
2017-04-11,44,78
2017-04-12,44,51
2017-04-13,44,42
2017-04-14,44,0
2017-04-15,44,0
2017-04-16,44,0
2017-04-17,44,20
2017-04-18,44,2625
2017-04-19,44,0
2017-04-20,44,0
2017-04-21,44,0
2017-04-22,44,0
2017-04-23,44,0
2017-04-24,44,0
2017-04-25,44,0
2017-04-26,44,0
2017-04-27,44,0
2017-04-28,44,0
2017-04-29,44,0
2017-04-30,44,0
2017-05-01,44,0
2017-05-02,44,1868
2017-05-03,44,2499
2017-05-04,44,2195
2017-05-05,44,3213
2017-05-06,44,0
2017-05-07,44,0
2017-05-08,44,2426
2017-05-09,44,2330
2017-05-10,44,0
2017-05-11,44,2608
2017-05-12,44,3297
2017-05-13,44,0
2017-05-14,44,0
2017-05-15,44,2617
2017-05-16,44,2026
2017-05-17,44,1994
2017-05-18,44,1549
2017-05-19,44,1843
2017-05-20,44,0
2017-05-21,44,0
2017-05-22,44,2380
2017-05-23,44,2414
2017-05-24,44,3334
2017-05-25,44,0
2017-05-26,44,3685
2017-05-27,44,0
2017-05-28,44,0
2017-05-29,44,3118
2017-05-30,44,2964
2017-05-31,44,2587
2017-06-01,44,0
2017-06-02,44,0
2017-06-03,44,0
2017-06-04,44,0
2017-06-05,44,0
2017-06-06,44,0
2017-06-07,44,0
2017-06-08,44,0
2017-06-09,44,0
2017-06-10,44,0
2017-06-11,44,0
2017-06-12,44,1589
2017-06-13,44,1500
2017-06-14,44,2664
2017-06-15,44,2277
2017-06-16,44,2339
2017-06-17,44,0
2017-06-18,44,0
2017-06-19,44,2488
2017-06-20,44,1821
2017-06-21,44,2826
2017-06-22,44,2279
2017-06-23,44,2020
2017-06-24,44,0
2017-06-25,44,0
2017-06-26,44,0
2017-06-27,44,2356
2017-06-28,44,2122
2017-06-29,44,2355
2017-06-30,44,2459
2017-07-01,44,0
2017-07-02,44,0
2017-07-03,44,2068
2017-07-04,44,0
2017-07-05,44,2533
2017-07-06,44,2480
2017-07-07,44,2700
2017-07-08,44,0
2017-07-09,44,0
2017-07-10,44,2181
2017-07-11,44,2309
2017-07-12,44,1638
2017-07-13,44,1200
2017-07-14,44,1486
2017-07-15,44,0
2017-07-16,44,0
2017-07-17,44,1793
2017-07-18,44,1844
2017-07-19,44,1680
2017-07-20,44,2171
2017-07-21,44,2285
2017-07-22,44,0
2017-07-23,44,0
2017-07-24,44,2051
2017-07-25,44,1200
2017-07-26,44,2730
2017-07-27,44,1142
2017-07-28,44,120
2017-07-29,44,0
2017-07-30,44,0
2017-07-31,44,3178
2017-08-01,44,2542
2017-08-02,44,2917
2017-08-03,44,2905
2017-08-04,44,1928
2017-08-05,44,0
2017-08-06,44,0
2017-08-07,44,0
2017-08-08,44,2791
2017-08-09,44,0
2017-08-10,44,3194
2017-08-11,44,1200
2017-08-12,44,4007
2017-08-13,44,0
2017-08-14,44,2712
2017-08-15,44,0
2017-08-16,44,2350
2017-08-17,44,0
2017-08-18,44,3000
2017-08-19,44,0
2017-08-20,44,0
2017-08-21,44,0
2017-08-22,44,2328
2017-08-23,44,2393
2017-08-24,44,2471
2017-08-25,44,0
2017-08-26,44,0
2017-08-27,44,0
2017-08-28,44,1137
2017-08-29,44,788
2017-08-30,44,1233
2017-08-31,44,1851
2017-09-01,44,2189
2017-09-02,44,0
2017-09-03,44,0
2017-09-04,44,2227
2017-09-05,44,0
2017-09-06,44,2684
2017-09-07,44,2263
2017-09-08,44,1000
2017-09-09,44,0
2017-09-10,44,0
2017-09-11,44,1597
2017-09-12,44,1567
2017-09-13,44,1394
2017-09-14,44,29
2017-09-15,44,0
2017-09-16,44,0
2017-09-17,44,0
2017-09-18,44,0
2017-09-19,44,1127
2017-09-20,44,0
2017-09-21,44,1826
2017-09-22,44,2292
2017-09-23,44,0
2017-09-24,44,0
2017-09-25,44,0
2017-09-26,44,2189
2017-09-27,44,1724
2017-09-28,44,1896
2017-09-29,44,2327
2017-09-30,44,0
2017-10-01,44,0
2017-10-02,44,0
2017-10-03,44,2098
2017-10-04,44,2249
2017-10-05,44,2429
2017-10-06,44,2149
2017-10-07,44,0
2017-10-08,44,0
2017-10-09,44,1779
2017-10-10,44,417
2017-10-11,44,1838
2017-10-12,44,3
2017-10-13,44,2152
2017-10-14,44,0
2017-10-15,44,0
2017-10-16,44,4
2017-10-17,44,0
2017-10-18,44,0
2017-10-19,44,0
2017-10-20,44,0
2017-10-21,44,0
2017-10-22,44,0
2017-10-23,44,193
2017-10-24,44,187
2017-10-25,44,173
2017-10-26,44,112
2017-10-27,44,143
2017-10-28,44,0
2017-10-29,44,0
2017-10-30,44,185
2017-10-31,44,228
2017-11-01,44,1120
2017-11-02,44,987
2017-11-03,44,0
2017-11-04,44,0
2017-11-05,44,0
2017-11-06,44,300
2017-11-07,44,348
2017-11-08,44,292
2017-11-09,44,341
2017-11-10,44,881
2017-11-11,44,0
2017-11-12,44,0
2017-11-13,44,587
2017-11-14,44,356
2017-11-15,44,314
2017-11-16,44,223
2017-11-17,44,223
2017-11-18,44,0
2017-11-19,44,0
2017-11-20,44,47
2017-11-21,44,24
2017-11-22,44,0
2017-11-23,44,30
2017-11-24,44,0
2017-11-25,44,35
2017-11-26,44,0
2017-11-27,44,10
2017-11-28,44,7
2017-11-29,44,4
2017-11-30,44,9
2017-12-01,44,0
2017-12-02,44,0
2017-12-03,44,0
2017-12-04,44,0
2017-12-05,44,0
2017-12-06,44,0
2017-12-07,44,0
2017-12-08,44,0
2017-12-09,44,0
2017-12-10,44,0
2017-12-11,44,0
2017-12-12,44,0
2017-12-13,44,0
2017-12-14,44,0
2017-12-15,44,0
2017-12-16,44,0
2017-12-17,44,0
2017-12-18,44,0
2017-12-19,44,0
2017-12-20,44,0
2017-12-21,44,0
2017-12-22,44,0
2017-12-23,44,0
2017-12-24,44,0
2017-12-25,44,0
2017-12-26,44,0
2017-12-27,44,0
2017-12-28,44,0
2017-12-29,44,0
2017-12-30,44,0
2017-12-31,44,0
2018-01-01,44,0
2018-01-02,44,0
2018-01-03,44,0
2018-01-04,44,0
2018-01-05,44,0
2018-01-06,44,0
2018-01-07,44,0
2018-01-08,44,0
2018-01-09,44,0
2018-01-10,44,0
2018-01-11,44,0
2018-01-12,44,0
2018-01-13,44,0
2018-01-14,44,0
2018-01-15,44,0
2018-01-16,44,0
2018-01-17,44,0
2018-01-18,44,0
2018-01-19,44,0
2018-01-20,44,0
2018-01-21,44,0
2018-01-22,44,0
2018-01-23,44,0
2018-01-24,44,0
2018-01-25,44,0
2018-01-26,44,0
2018-01-27,44,0
2018-01-28,44,0
2018-01-29,44,0
2018-01-30,44,0
2018-01-31,44,0
2018-02-01,44,1796
2018-02-02,44,0
2018-02-03,44,0
2018-02-04,44,0
2018-02-05,44,0
2018-02-06,44,0
2018-02-07,44,0
2018-02-08,44,0
2018-02-09,44,0
2018-02-10,44,0
2018-02-11,44,0
2018-02-12,44,0
2018-02-13,44,0
2018-02-14,44,0
2018-02-15,44,0
2018-02-16,44,210
2018-02-17,44,0
2018-02-18,44,0
2018-02-19,44,132
2018-02-20,44,1865
2018-02-21,44,1778
2018-02-22,44,364
2018-02-23,44,296
2018-02-24,44,0
2018-02-25,44,0
2018-02-26,44,441
2018-02-27,44,463
2018-02-28,44,2182
2018-03-01,44,0
2018-03-02,44,0
2018-03-03,44,0
2018-03-04,44,0
2018-03-05,44,610
2018-03-06,44,0
2018-03-07,44,577
2018-03-08,44,569
2018-03-09,44,300
2018-03-10,44,731
2018-03-11,44,0
2018-03-12,44,726
2018-03-13,44,762
2018-03-14,44,330
2018-03-15,44,384
2018-03-16,44,342
2018-03-17,44,0
2018-03-18,44,0
2018-03-19,44,247
2018-03-20,44,241
2018-03-21,44,1517
2018-03-22,44,173
2018-03-23,44,157
2018-03-24,44,0
2018-03-25,44,0
2018-03-26,44,169
2018-03-27,44,0
2018-03-28,44,0
2018-03-29,44,0
2018-03-30,44,0
2018-03-31,44,0
2018-04-01,44,0
2018-04-02,44,0
2018-04-03,44,0
2018-04-04,44,72
2018-04-05,44,1134
2018-04-06,44,1500
2018-04-07,44,0
2018-04-08,44,0
2018-04-09,44,32
2018-04-10,44,26
2018-04-11,44,1499
2018-04-12,44,1567
2018-04-13,44,1703
2018-04-14,44,0
2018-04-15,44,0
2018-04-16,44,0
2018-04-17,44,1876
2018-04-18,44,968
2018-04-19,44,1085
2018-04-20,44,0
2018-04-21,44,0
2018-04-22,44,0
2018-04-23,44,1834
2018-04-24,44,0
2018-04-25,44,1612
2018-04-26,44,1681
2018-04-27,44,1668
2018-04-28,44,0
2018-04-29,44,0
2018-04-30,44,1834
2018-05-01,44,0
2018-05-02,44,2536
2018-05-03,44,2750
2018-05-04,44,1985
2018-05-05,44,0
2018-05-06,44,0
2018-05-07,44,1842
2018-05-08,44,1499
2018-05-09,44,1484
2018-05-10,44,2001
2018-05-11,44,2221
2018-05-12,44,0
2018-05-13,44,0
2018-05-14,44,2942
2018-05-15,44,0
2018-05-16,44,2996
2018-05-17,44,2170
2018-05-18,44,2127
2018-05-19,44,0
2018-05-20,44,0
2018-05-21,44,1344
2018-05-22,44,800
2018-05-23,44,1677
2018-05-24,44,1607
2018-05-25,44,1796
2018-05-26,44,0
2018-05-27,44,0
2018-05-28,44,1284
2018-05-29,44,1561
2018-05-30,44,1700
2018-05-31,44,1735
2018-06-01,44,40
2018-06-02,44,0
2018-06-03,44,0
2018-06-04,44,181
2018-06-05,44,514
2018-06-06,44,1020
2018-06-07,44,794
2018-06-08,44,866
2018-06-09,44,0
2018-06-10,44,0
2018-06-11,44,1292
2018-06-12,44,1104
2018-06-13,44,0
2018-06-14,44,1755
2018-06-15,44,1717
2018-06-16,44,0
2018-06-17,44,0
2018-06-18,44,2056
2018-06-19,44,2135
2018-06-20,44,1678
2018-06-21,44,2702
2018-06-22,44,1600
2018-06-23,44,0
2018-06-24,44,0
2018-06-25,44,1625
2018-06-26,44,1269
2018-06-27,44,1676
2018-06-28,44,700
2018-06-29,44,0
2018-06-30,44,600
2018-07-01,44,0
2018-07-02,44,2570
2018-07-03,44,2525
2018-07-04,44,1760
2018-07-05,44,1238
2018-07-06,44,1278
2018-07-07,44,219
2018-07-08,44,0
2018-07-09,44,1825
2018-07-10,44,0
2018-07-11,44,1286
2018-07-12,44,1652
2018-07-13,44,0
2018-07-14,44,0
2018-07-15,44,0
2018-07-16,44,2059
2018-07-17,44,1754
2018-07-18,44,1826
2018-07-19,44,1682
2018-07-20,44,1806
2018-07-21,44,0
2018-07-22,44,0
2018-07-23,44,0
2018-07-24,44,0
2018-07-25,44,1390
2018-07-26,44,0
2018-07-27,44,0
2018-07-28,44,0
2018-07-29,44,2145
2018-07-30,44,2661
2018-07-31,44,2210
2018-08-01,44,1944
2018-08-02,44,2109
2018-08-03,44,2354
2018-08-04,44,500
2018-08-05,44,0
2018-08-06,44,1731
2018-08-07,44,2248
2018-08-08,44,2006
2018-08-09,44,0
2018-08-10,44,1489
2018-08-11,44,0
2018-08-12,44,0
2018-08-13,44,1920
2018-08-14,44,1812
2018-08-15,44,0
2018-08-16,44,1000
2018-08-17,44,0
2018-08-18,44,1043
2018-08-19,44,0
2018-08-20,44,2254
2018-08-21,44,1714
2018-08-22,44,0
2018-08-23,44,0
2018-08-24,44,0
2018-08-25,44,2487
2018-08-26,44,0
2018-08-27,44,1058
2018-08-28,44,1421
2018-08-29,44,1606
2018-08-30,44,1544
2018-08-31,44,1692
2018-09-01,44,436
2018-09-02,44,0
2018-09-03,44,0
2018-09-04,44,1364
2018-09-05,44,1434
2018-09-06,44,0
2018-09-07,44,1400
2018-09-08,44,2122
2018-09-09,44,0
2018-09-10,44,1062
2018-09-11,44,0
2018-09-12,44,1812
2018-09-13,44,0
2018-09-14,44,1906
2018-09-15,44,400
2018-09-16,44,0
2018-09-17,44,1600
2018-09-18,44,1070
2018-09-19,44,1430
2018-09-20,44,0
2018-09-21,44,1804
2018-09-22,44,0
2018-09-23,44,0
2018-09-24,44,1434
2018-09-25,44,0
2018-09-26,44,1235
2018-09-27,44,1373
2018-09-28,44,1257
2018-09-29,44,304
2018-09-30,44,0
2018-10-01,44,1715
2018-10-02,44,0
2018-10-03,44,1554
2018-10-04,44,1213
2018-10-05,44,1597
2018-10-06,44,355
2018-10-07,44,0
2018-10-08,44,1483
2018-10-09,44,0
2018-10-10,44,1190
2018-10-11,44,1240
2018-10-12,44,1352
2018-10-13,44,0
2018-10-14,44,0
2018-10-15,44,1157
2018-10-16,44,1194
2018-10-17,44,1210
2018-10-18,44,0
2018-10-19,44,4
2018-10-20,44,166
2018-10-21,44,0
2018-10-22,44,18
2018-10-23,44,760
2018-10-24,44,766
2018-10-25,44,653
2018-10-26,44,0
2018-10-27,44,1033
2018-10-28,44,0
2018-10-29,44,10
2018-10-30,44,15
2018-10-31,44,14
2018-11-01,44,26
2018-11-02,44,0
2018-11-03,44,0
2018-11-04,44,0
2018-11-05,44,0
2018-11-06,44,0
2018-11-07,44,0
2018-11-08,44,0
2018-11-09,44,0
2018-11-10,44,0
2018-11-11,44,0
2018-11-12,44,51
2018-11-13,44,69
2018-11-14,44,92
2018-11-15,44,160
2018-11-16,44,255
2018-11-17,44,0
2018-11-18,44,0
2018-11-19,44,381
2018-11-20,44,320
2018-11-21,44,0
2018-11-22,44,0
2018-11-23,44,1561
2018-11-24,44,0
2018-11-25,44,0
2018-11-26,44,635
2018-11-27,44,0
2018-11-28,44,812
2018-11-29,44,711
2018-11-30,44,850
2018-12-01,44,95
2018-12-02,44,0
2018-12-03,44,794
2018-12-04,44,653
2018-12-05,44,633
2018-12-06,44,0
2018-12-07,44,0
2018-12-08,44,723
2018-12-09,44,0
2018-12-10,44,724
2018-12-11,44,627
2018-12-12,44,660
2018-12-13,44,587
2018-12-14,44,603
2018-12-15,44,130
2018-12-16,44,0
2018-12-17,44,591
2018-12-18,44,435
2018-12-19,44,403
2018-12-20,44,180
2018-12-21,44,1833
2018-12-22,44,0
2018-12-23,44,0
2018-12-24,44,523
2018-12-25,44,0
2018-12-26,44,390
2018-12-27,44,286
2018-12-28,44,230
2018-12-29,44,50
2018-12-30,44,0
2018-12-31,44,230
2019-01-01,44,2329
2019-01-02,44,159
2019-01-03,44,121
2019-01-04,44,114
2019-01-05,44,0
2019-01-06,44,0
2019-01-07,44,2605
2019-01-08,44,2346
2019-01-09,44,2041
2019-01-10,44,73
2019-01-11,44,2399
2019-01-12,44,0
2019-01-13,44,0
2019-01-14,44,96
2019-01-15,44,0
2019-01-16,44,0
2019-01-17,44,0
2019-01-18,44,50
2019-01-19,44,551
2019-01-20,44,0
2019-01-21,44,2304
2019-01-22,44,23
2019-01-23,44,39
2019-01-24,44,0
2019-01-25,44,1640
2019-01-26,44,0
2019-01-27,44,0
2019-01-28,44,23
2019-01-29,44,1335
2019-01-30,44,1931
2019-01-31,44,17
2019-02-01,44,31
2019-02-02,44,18
2019-02-03,44,0
2019-02-04,44,0
2019-02-05,44,2404
2019-02-06,44,2527
2019-02-07,44,0
2019-02-08,44,0
2019-02-09,44,0
2019-02-10,44,0
2019-02-11,44,0
2019-02-12,44,0
2019-02-13,44,0
2019-02-14,44,0
2019-02-15,44,0
2019-02-16,44,0
2019-02-17,44,0
2019-02-18,44,0
2019-02-19,44,0
2019-02-20,44,0
2019-02-21,44,3296
2019-02-22,44,0
2019-02-23,44,0
2019-02-24,44,0
2019-02-25,44,0
2019-02-26,44,0
2019-02-27,44,0
2019-02-28,44,0
2019-03-01,44,0
2019-03-02,44,0
2019-03-03,44,0
2019-03-04,44,0
2019-03-05,44,0
2019-03-06,44,0
2019-03-07,44,0
2019-03-08,44,0
2019-03-09,44,0
2019-03-10,44,0
2019-03-11,44,71
2019-03-12,44,2364
2019-03-13,44,2109
2019-03-14,44,2164
2019-03-15,44,301
2019-03-16,44,77
2019-03-17,44,0
2019-03-18,44,290
2019-03-19,44,332
2019-03-20,44,454
2019-03-21,44,0
2019-03-22,44,996
2019-03-23,44,0
2019-03-24,44,0
2019-03-25,44,0
2019-03-26,44,0
2019-03-27,44,0
2019-03-28,44,0
2019-03-29,44,0
2019-03-30,44,0
2019-03-31,44,0
2019-04-01,44,0
2019-04-02,44,197
2019-04-03,44,1299
2019-04-04,44,232
2019-04-05,44,0
2019-04-06,44,0
2019-04-07,44,0
2019-04-08,44,92
2019-04-09,44,1605
2019-04-10,44,52
2019-04-11,44,46
2019-04-12,44,2137
2019-04-13,44,0
2019-04-14,44,0
2019-04-15,44,2284
2019-04-16,44,2122
2019-04-17,44,0
2019-04-18,44,2460
2019-04-19,44,0
2019-04-20,44,1108
2019-04-21,44,0
2019-04-22,44,2089
2019-04-23,44,2860
2019-04-24,44,2483
2019-04-25,44,2333
2019-04-26,44,2054
2019-04-27,44,0
2019-04-28,44,0
2019-04-29,44,0
2019-04-30,44,2073
2019-05-01,44,0
2019-05-02,44,2516
2019-05-03,44,2022
2019-05-04,44,0
2019-05-05,44,0
2019-05-06,44,2033
2019-05-07,44,777
2019-05-08,44,1237
2019-05-09,44,1659
2019-05-10,44,2110
2019-05-11,44,0
2019-05-12,44,0
2019-05-13,44,2188
2019-05-14,44,1593
2019-05-15,44,1775
2019-05-16,44,0
2019-05-17,44,0
2019-05-18,44,0
2019-05-19,44,0
2019-05-20,44,0
2019-05-21,44,1355
2019-05-22,44,1557
2019-05-23,44,1208
2019-05-24,44,0
2019-05-25,44,1891
2019-05-26,44,0
2019-05-27,44,2151
2019-05-28,44,2437
2019-05-29,44,1752
2019-05-30,44,1419
2019-05-31,44,1338
2019-06-01,44,340
2019-06-02,44,0
2019-06-03,44,0
2019-06-04,44,2575
2019-06-05,44,0
2019-06-06,44,2337
2019-06-07,44,2550
2019-06-08,44,0
2019-06-09,44,0
2019-06-10,44,2169
2019-06-11,44,2934
2019-06-12,44,2562
2019-06-13,44,2415
2019-06-14,44,2598
2019-06-15,44,581
2019-06-16,44,0
2019-06-17,44,2621
2019-06-18,44,2255
2019-06-19,44,2062
2019-06-20,44,1858
2019-06-21,44,1879
2019-06-22,44,0
2019-06-23,44,0
2019-06-24,44,1489
2019-06-25,44,1695
2019-06-26,44,1608
2019-06-27,44,1799
2019-06-28,44,1902
2019-06-29,44,490
2019-06-30,44,0
2019-07-01,44,2141
2019-07-02,44,0
2019-07-03,44,2499
2019-07-04,44,2065
2019-07-05,44,2145
2019-07-06,44,0
2019-07-07,44,0
2019-07-08,44,1817
2019-07-09,44,2167
2019-07-10,44,1875
2019-07-11,44,1899
2019-07-12,44,0
2019-07-13,44,0
2019-07-14,44,0
2019-07-15,44,2864
2019-07-16,44,0
2019-07-17,44,2353
2019-07-18,44,2305
2019-07-19,44,2102
2019-07-20,44,454
2019-07-21,44,0
2019-07-22,44,1924
2019-07-23,44,1799
2019-07-24,44,1714
2019-07-25,44,0
2019-07-26,44,2036
2019-07-27,44,0
2019-07-28,44,0
2019-07-29,44,1523
2019-07-30,44,1940
2019-07-31,44,1408
2019-08-01,44,0
2019-08-02,44,2336
2019-08-03,44,776
2019-08-04,44,0
2019-08-05,44,0
2019-08-06,44,1905
2019-08-07,44,1997
2019-08-08,44,1778
2019-08-09,44,2002
2019-08-10,44,0
2019-08-11,44,0
2019-08-12,44,0
2019-08-13,44,2306
2019-08-14,44,2314
2019-08-15,44,0
2019-08-16,44,1000
2019-08-17,44,0
2019-08-18,44,0
2019-08-19,44,1992
2019-08-20,44,2545
2019-08-21,44,2447
2019-08-22,44,2349
2019-08-23,44,2482
2019-08-24,44,0
2019-08-25,44,0
2019-08-26,44,1466
2019-08-27,44,0
2019-08-28,44,1814
2019-08-29,44,1761
2019-08-30,44,0
2019-08-31,44,485
2019-09-01,44,0
2019-09-02,44,0
2019-09-03,44,0
2019-09-04,44,1196
2019-09-05,44,1156
2019-09-06,44,1024
2019-09-07,44,316
2019-09-08,44,0
2019-09-09,44,953
2019-09-10,44,857
2019-09-11,44,1194
2019-09-12,44,0
2019-09-13,44,1380
2019-09-14,44,0
2019-09-15,44,0
2019-09-16,44,1410
2019-09-17,44,1116
2019-09-18,44,855
2019-09-19,44,1212
2019-09-20,44,1050
2019-09-21,44,230
2019-09-22,44,0
2019-09-23,44,744
2019-09-24,44,400
2019-09-25,44,0
2019-09-26,44,800
2019-09-27,44,808
2019-09-28,44,0
2019-09-29,44,0
2019-09-30,44,950
2019-10-01,44,455
2019-10-02,44,0
2019-10-03,44,346
2019-10-04,44,239
2019-10-05,44,0
2019-10-06,44,0
2019-10-07,44,137
2019-10-08,44,0
2019-10-09,44,389
2019-10-10,44,480
2019-10-11,44,525
2019-10-12,44,0
2019-10-13,44,0
2019-10-14,44,483
2019-10-15,44,533
2019-10-16,44,530
2019-10-17,44,532
2019-10-18,44,587
2019-10-19,44,143
2019-10-20,44,0
2019-10-21,44,0
2019-10-22,44,369
2019-10-23,44,548
2019-10-24,44,150
2019-10-25,44,0
2019-10-26,44,0
2019-10-27,44,0
2019-10-28,44,0
2019-10-29,44,0
2019-10-30,44,72
2019-10-31,44,127
2019-11-01,44,249
2019-11-02,44,20
2019-11-03,44,0
2019-11-04,44,318
2019-11-05,44,12
2019-11-06,44,15
2019-11-07,44,21
2019-11-08,44,0
2019-11-09,44,19
2019-11-10,44,0
2019-11-11,44,15
2019-11-12,44,0
2019-11-13,44,44
2019-11-14,44,33
2019-11-15,44,50
2019-11-16,44,19
2019-11-17,44,0
2019-11-18,44,75
2019-11-19,44,59
2019-11-20,44,66
2019-11-21,44,31
2019-11-22,44,62
2019-11-23,44,0
2019-11-24,44,0
2019-11-25,44,34
2019-11-26,44,0
2019-11-27,44,38
2019-11-28,44,21
2019-11-29,44,0
2019-11-30,44,0
2019-12-01,44,3
2019-12-02,44,0
2019-12-03,44,0
2019-12-04,44,0
2019-12-05,44,0
2019-12-06,44,0
2019-12-07,44,0
2019-12-08,44,0
2019-12-09,44,0
2019-12-10,44,0
2019-12-11,44,0
2019-12-12,44,821
2019-12-13,44,0
2019-12-14,44,0
2019-12-15,44,0
2019-12-16,44,0
2019-12-17,44,0
2019-12-18,44,0
2019-12-19,44,0
2019-12-20,44,1396
2019-12-21,44,0
2019-12-22,44,0
2019-12-23,44,0
2019-12-24,44,0
2019-12-25,44,0
2019-12-26,44,0
2019-12-27,44,0
2019-12-28,44,0
2019-12-29,44,0
2019-12-30,44,0
2019-12-31,44,0
2020-01-01,44,1803
2020-01-02,44,1789
2020-01-03,44,2029
2020-01-04,44,945
2020-01-05,44,957.832815149802
2020-01-06,44,1000
2020-01-07,44,1629
2020-01-08,44,1801
2020-01-09,44,1780
2020-01-10,44,2134
2020-01-11,44,1865.92592592593
2020-01-12,44,1368.07407407407
2020-01-13,44,1100
2020-01-14,44,2017
2020-01-15,44,1784
2020-01-16,44,2030.5
2020-01-17,44,2277
2020-01-18,44,1000
2020-01-19,44,1515.13418558913
2020-01-20,44,2061
2020-01-21,44,2097
2020-01-22,44,2087
2020-01-23,44,2640
2020-01-24,44,2588.75
2020-01-25,44,2476
2020-01-26,44,2363.25
2020-01-27,44,2312
2020-01-28,44,2390
2020-01-29,44,1807
2020-01-30,44,2216
2020-01-31,44,2674
2020-02-01,44,1196
2020-02-02,44,1628.78560644187
2020-02-03,44,2335
2020-02-04,44,2865
2020-02-05,44,2748
2020-02-06,44,2280
2020-02-07,44,700
2020-02-08,44,448
2020-02-09,44,626.610440265014
2020-02-10,44,1081
2020-02-11,44,2440
2020-02-12,44,2110
2020-02-13,44,2058
2020-02-14,44,950
2020-02-15,44,749
2020-02-16,44,1521
2020-02-17,44,2293
2020-02-18,44,2538
2020-02-19,44,1208
2020-02-20,44,2761
2020-02-21,44,2015.5
2020-02-22,44,1270
2020-02-23,44,1887
2020-02-24,44,2504
2020-02-25,44,2555
2020-02-26,44,2576.5
2020-02-27,44,2598
2020-02-28,44,2694
2020-02-29,44,900
2020-03-01,44,617
2020-03-02,44,334
2020-03-03,44,42
2020-03-04,44,1548
2020-03-05,44,82
2020-03-06,44,104
2020-03-07,44,47
2020-03-08,44,81.5
2020-03-09,44,116
2020-03-10,44,688
2020-03-11,44,1260
2020-03-12,44,850
2020-03-13,44,930.5
2020-03-14,44,1011
2020-03-15,44,700.5
2020-03-16,44,390
2020-03-17,44,1917
2020-03-18,44,2850
2020-03-19,44,2577
2020-03-20,44,695
2020-03-21,44,329
2020-03-22,44,360.5
2020-03-23,44,392
2020-03-24,44,311
2020-03-25,44,230
2020-03-26,44,149
2020-03-27,44,68
2020-03-28,44,334
2020-03-29,44,1756.5
2020-03-30,44,3179
2020-03-31,44,2870.125
2020-04-01,44,2561.25
2020-04-02,44,2252.375
2020-04-03,44,1943.5
2020-04-04,44,1634.625
2020-04-05,44,1325.75
2020-04-06,44,1016.875
2020-04-07,44,708
2020-04-08,44,818.222222222222
2020-04-09,44,928.444444444444
2020-04-10,44,1038.66666666667
2020-04-11,44,1148.88888888889
2020-04-12,44,1259.11111111111
2020-04-13,44,1369.33333333333
2020-04-14,44,1479.55555555556
2020-04-15,44,1589.77777777778
2020-04-16,44,1700
2020-04-17,44,900
2020-04-18,44,97
2020-04-19,44,97
2020-04-20,44,97
2020-04-21,44,97
2020-04-22,44,97
2020-04-23,44,97
2020-04-24,44,97
2020-04-25,44,97
2020-04-26,44,97
2020-04-27,44,97
2020-04-28,44,97
2020-04-29,44,97
