2006-01-01,0.0
2006-01-02,0.0
2006-01-03,0.0
2006-01-04,0.0
2006-01-05,0.0
2006-01-06,0.0
2006-01-07,0.0
2006-01-08,0.0
2006-01-09,0.0
2006-01-10,0.0
2006-01-11,0.0
2006-01-12,0.0
2006-01-13,0.0
2006-01-14,0.0
2006-01-15,0.0
2006-01-16,0.0
2006-01-17,0.0
2006-01-18,0.0
2006-01-19,0.0
2006-01-20,0.0
2006-01-21,0.0
2006-01-22,0.0
2006-01-23,0.0
2006-01-24,0.0
2006-01-25,0.0
2006-01-26,0.0
2006-01-27,0.0
2006-01-28,0.0
2006-01-29,0.0
2006-01-30,0.0
2006-01-31,0.0
2006-02-01,0.0
2006-02-02,0.0
2006-02-03,0.0
2006-02-04,0.0
2006-02-05,0.0
2006-02-06,0.0
2006-02-07,0.0
2006-02-08,0.0
2006-02-09,0.0
2006-02-10,0.0
2006-02-11,0.0
2006-02-12,0.0
2006-02-13,0.0
2006-02-14,0.0
2006-02-15,0.0
2006-02-16,0.0
2006-02-17,0.0
2006-02-18,0.0
2006-02-19,0.0
2006-02-20,0.0
2006-02-21,231
2006-02-22,0.0
2006-02-23,0.0
2006-02-24,0.0
2006-02-25,0.0
2006-02-26,0.0
2006-02-27,0.0
2006-02-28,0.0
2006-03-01,0.0
2006-03-02,0.0
2006-03-03,0.0
2006-03-04,310
2006-03-05,0.0
2006-03-06,0.0
2006-03-07,0.0
2006-03-08,0.0
2006-03-09,0.0
2006-03-10,0.0
2006-03-11,0.0
2006-03-12,0.0
2006-03-13,0.0
2006-03-14,0.0
2006-03-15,0.0
2006-03-16,0.0
2006-03-17,0.0
2006-03-18,0.0
2006-03-19,0.0
2006-03-20,0.0
2006-03-21,0.0
2006-03-22,0.0
2006-03-23,0.0
2006-03-24,0.0
2006-03-25,0.0
2006-03-26,0.0
2006-03-27,0.0
2006-03-28,0.0
2006-03-29,0.0
2006-03-30,0.0
2006-03-31,0.0
2006-04-01,0.0
2006-04-02,0.0
2006-04-03,0.0
2006-04-04,300
2006-04-05,0.0
2006-04-06,0.0
2006-04-07,0.0
2006-04-08,0.0
2006-04-09,350
2006-04-10,0.0
2006-04-11,0.0
2006-04-12,0.0
2006-04-13,240
2006-04-14,250
2006-04-15,0.0
2006-04-16,0.0
2006-04-17,0.0
2006-04-18,265
2006-04-19,245
2006-04-20,281
2006-04-21,270
2006-04-22,0.0
2006-04-23,0.0
2006-04-24,270
2006-04-25,0.0
2006-04-26,0.0
2006-04-27,0.0
2006-04-28,0.0
2006-04-29,0.0
2006-04-30,0.0
2006-05-01,0.0
2006-05-02,0.0
2006-05-03,0.0
2006-05-04,0.0
2006-05-05,0.0
2006-05-06,0.0
2006-05-07,0.0
2006-05-08,0.0
2006-05-09,0.0
2006-05-10,0.0
2006-05-11,0.0
2006-05-12,0.0
2006-05-13,0.0
2006-05-14,0.0
2006-05-15,0.0
2006-05-16,0.0
2006-05-17,0.0
2006-05-18,0.0
2006-05-19,0.0
2006-05-20,0.0
2006-05-21,0.0
2006-05-22,0.0
2006-05-23,0.0
2006-05-24,255
2006-05-25,0.0
2006-05-26,0.0
2006-05-27,0.0
2006-05-28,0.0
2006-05-29,0.0
2006-05-30,0.0
2006-05-31,0.0
2006-06-01,0.0
2006-06-02,0.0
2006-06-03,0.0
2006-06-04,0.0
2006-06-05,0.0
2006-06-06,275
2006-06-07,0.0
2006-06-08,0.0
2006-06-09,0.0
2006-06-10,0.0
2006-06-11,0.0
2006-06-12,0.0
2006-06-13,0.0
2006-06-14,0.0
2006-06-15,0.0
2006-06-16,0.0
2006-06-17,0.0
2006-06-18,0.0
2006-06-19,0.0
2006-06-20,0.0
2006-06-21,0.0
2006-06-22,0.0
2006-06-23,340
2006-06-24,0.0
2006-06-25,0.0
2006-06-26,290
2006-06-27,0.0
2006-06-28,0.0
2006-06-29,0.0
2006-06-30,0.0
2006-07-01,0.0
2006-07-02,0.0
2006-07-03,0.0
2006-07-04,280
2006-07-05,0.0
2006-07-06,0.0
2006-07-07,0.0
2006-07-08,0.0
2006-07-09,0.0
2006-07-10,0.0
2006-07-11,0.0
2006-07-12,0.0
2006-07-13,0.0
2006-07-14,0.0
2006-07-15,0.0
2006-07-16,0.0
2006-07-17,0.0
2006-07-18,0.0
2006-07-19,0.0
2006-07-20,0.0
2006-07-21,0.0
2006-07-22,0.0
2006-07-23,0.0
2006-07-24,0.0
2006-07-25,0.0
2006-07-26,0.0
2006-07-27,0.0
2006-07-28,0.0
2006-07-29,0.0
2006-07-30,0.0
2006-07-31,0.0
2006-08-01,0.0
2006-08-02,0.0
2006-08-03,0.0
2006-08-04,0.0
2006-08-05,0.0
2006-08-06,0.0
2006-08-07,0.0
2006-08-08,0.0
2006-08-09,0.0
2006-08-10,0.0
2006-08-11,0.0
2006-08-12,0.0
2006-08-13,0.0
2006-08-14,0.0
2006-08-15,0.0
2006-08-16,0.0
2006-08-17,0.0
2006-08-18,0.0
2006-08-19,0.0
2006-08-20,0.0
2006-08-21,0.0
2006-08-22,0.0
2006-08-23,0.0
2006-08-24,380
2006-08-25,0.0
2006-08-26,0.0
2006-08-27,0.0
2006-08-28,0.0
2006-08-29,0.0
2006-08-30,0.0
2006-08-31,0.0
2006-09-01,0.0
2006-09-02,0.0
2006-09-03,0.0
2006-09-04,0.0
2006-09-05,0.0
2006-09-06,0.0
2006-09-07,0.0
2006-09-08,0.0
2006-09-09,0.0
2006-09-10,350
2006-09-11,0.0
2006-09-12,0.0
2006-09-13,0.0
2006-09-14,340
2006-09-15,0.0
2006-09-16,0.0
2006-09-17,0.0
2006-09-18,0.0
2006-09-19,0.0
2006-09-20,0.0
2006-09-21,0.0
2006-09-22,0.0
2006-09-23,0.0
2006-09-24,0.0
2006-09-25,0.0
2006-09-26,0.0
2006-09-27,0.0
2006-09-28,0.0
2006-09-29,0.0
2006-09-30,0.0
2006-10-01,0.0
2006-10-02,0.0
2006-10-03,0.0
2006-10-04,275
2006-10-05,0.0
2006-10-06,0.0
2006-10-07,0.0
2006-10-08,0.0
2006-10-09,0.0
2006-10-10,0.0
2006-10-11,0.0
2006-10-12,0.0
2006-10-13,0.0
2006-10-14,0.0
2006-10-15,0.0
2006-10-16,0.0
2006-10-17,0.0
2006-10-18,0.0
2006-10-19,0.0
2006-10-20,0.0
2006-10-21,0.0
2006-10-22,0.0
2006-10-23,0.0
2006-10-24,0.0
2006-10-25,0.0
2006-10-26,0.0
2006-10-27,0.0
2006-10-28,0.0
2006-10-29,0.0
2006-10-30,0.0
2006-10-31,650
2006-11-01,0.0
2006-11-02,0.0
2006-11-03,0.0
2006-11-04,0.0
2006-11-05,0.0
2006-11-06,0.0
2006-11-07,0.0
2006-11-08,0.0
2006-11-09,0.0
2006-11-10,0.0
2006-11-11,0.0
2006-11-12,0.0
2006-11-13,0.0
2006-11-14,0.0
2006-11-15,0.0
2006-11-16,0.0
2006-11-17,0.0
2006-11-18,0.0
2006-11-19,0.0
2006-11-20,0.0
2006-11-21,0.0
2006-11-22,0.0
2006-11-23,0.0
2006-11-24,0.0
2006-11-25,0.0
2006-11-26,0.0
2006-11-27,0.0
2006-11-28,0.0
2006-11-29,0.0
2006-11-30,0.0
2006-12-01,0.0
2006-12-02,0.0
2006-12-03,0.0
2006-12-04,215
2006-12-05,0.0
2006-12-06,0.0
2006-12-07,0.0
2006-12-08,0.0
2006-12-09,0.0
2006-12-10,0.0
2006-12-11,0.0
2006-12-12,0.0
2006-12-13,0.0
2006-12-14,0.0
2006-12-15,0.0
2006-12-16,0.0
2006-12-17,0.0
2006-12-18,0.0
2006-12-19,0.0
2006-12-20,0.0
2006-12-21,0.0
2006-12-22,0.0
2006-12-23,0.0
2006-12-24,0.0
2006-12-25,0.0
2006-12-26,0.0
2006-12-27,0.0
2006-12-28,0.0
2006-12-29,0.0
2006-12-30,0.0
2006-12-31,0.0
2007-01-01,0.0
2007-01-02,0.0
2007-01-03,515
2007-01-04,0.0
2007-01-05,0.0
2007-01-06,0.0
2007-01-07,0.0
2007-01-08,851
2007-01-09,0.0
2007-01-10,1851
2007-01-11,0.0
2007-01-12,0.0
2007-01-13,0.0
2007-01-14,0.0
2007-01-15,0.0
2007-01-16,0.0
2007-01-17,0.0
2007-01-18,0.0
2007-01-19,0.0
2007-01-20,0.0
2007-01-21,0.0
2007-01-22,0.0
2007-01-23,0.0
2007-01-24,0.0
2007-01-25,850
2007-01-26,0.0
2007-01-27,0.0
2007-01-28,0.0
2007-01-29,0.0
2007-01-30,0.0
2007-01-31,0.0
2007-02-01,0.0
2007-02-02,0.0
2007-02-03,0.0
2007-02-04,0.0
2007-02-05,445
2007-02-06,0.0
2007-02-07,0.0
2007-02-08,871
2007-02-09,0.0
2007-02-10,0.0
2007-02-11,951
2007-02-12,0.0
2007-02-13,0.0
2007-02-14,0.0
2007-02-15,0.0
2007-02-16,0.0
2007-02-17,0.0
2007-02-18,0.0
2007-02-19,0.0
2007-02-20,0.0
2007-02-21,0.0
2007-02-22,950
2007-02-23,851
2007-02-24,0.0
2007-02-25,0.0
2007-02-26,551
2007-02-27,500
2007-02-28,451
2007-03-01,0.0
2007-03-02,0.0
2007-03-03,0.0
2007-03-04,485
2007-03-05,0.0
2007-03-06,0.0
2007-03-07,951
2007-03-08,861
2007-03-09,1480
2007-03-10,1721
2007-03-11,0.0
2007-03-12,0.0
2007-03-13,691
2007-03-14,600
2007-03-15,600
2007-03-16,641
2007-03-17,0.0
2007-03-18,0.0
2007-03-19,0.0
2007-03-20,591
2007-03-21,551
2007-03-22,591
2007-03-23,580
2007-03-24,0.0
2007-03-25,0.0
2007-03-26,0.0
2007-03-27,0.0
2007-03-28,0.0
2007-03-29,0.0
2007-03-30,0.0
2007-03-31,0.0
2007-04-01,0.0
2007-04-02,0.0
2007-04-03,0.0
2007-04-04,351
2007-04-05,0.0
2007-04-06,650
2007-04-07,871
2007-04-08,0.0
2007-04-09,0.0
2007-04-10,0.0
2007-04-11,0.0
2007-04-12,641
2007-04-13,440
2007-04-14,0.0
2007-04-15,0.0
2007-04-16,441
2007-04-17,0.0
2007-04-18,400
2007-04-19,390
2007-04-20,400
2007-04-21,0.0
2007-04-22,0.0
2007-04-23,431
2007-04-24,435
2007-04-25,0.0
2007-04-26,0.0
2007-04-27,471
2007-04-28,0.0
2007-04-29,0.0
2007-04-30,0.0
2007-05-01,0.0
2007-05-02,0.0
2007-05-03,760
2007-05-04,485
2007-05-05,500
2007-05-06,641
2007-05-07,871
2007-05-08,0.0
2007-05-09,1301
2007-05-10,0.0
2007-05-11,0.0
2007-05-12,631
2007-05-13,0.0
2007-05-14,425
2007-05-15,450
2007-05-16,0.0
2007-05-17,451
2007-05-18,451
2007-05-19,0.0
2007-05-20,0.0
2007-05-21,451
2007-05-22,430
2007-05-23,0.0
2007-05-24,441
2007-05-25,450
2007-05-26,0.0
2007-05-27,0.0
2007-05-28,500
2007-05-29,575
2007-05-30,411
2007-05-31,580
2007-06-01,0.0
2007-06-02,0.0
2007-06-03,675
2007-06-04,475
2007-06-05,0.0
2007-06-06,600
2007-06-07,865
2007-06-08,881
2007-06-09,1351
2007-06-10,0.0
2007-06-11,0.0
2007-06-12,0.0
2007-06-13,0.0
2007-06-14,0.0
2007-06-15,0.0
2007-06-16,0.0
2007-06-17,0.0
2007-06-18,0.0
2007-06-19,0.0
2007-06-20,0.0
2007-06-21,0.0
2007-06-22,0.0
2007-06-23,0.0
2007-06-24,0.0
2007-06-25,881
2007-06-26,871
2007-06-27,800
2007-06-28,830
2007-06-29,850
2007-06-30,0.0
2007-07-01,0.0
2007-07-02,0.0
2007-07-03,731
2007-07-04,0.0
2007-07-05,0.0
2007-07-06,511
2007-07-07,0.0
2007-07-08,921
2007-07-09,1331
2007-07-10,0.0
2007-07-11,0.0
2007-07-12,0.0
2007-07-13,851
2007-07-14,0.0
2007-07-15,0.0
2007-07-16,831
2007-07-17,831
2007-07-18,831
2007-07-19,831
2007-07-20,841
2007-07-21,0.0
2007-07-22,0.0
2007-07-23,831
2007-07-24,821
2007-07-25,831
2007-07-26,0.0
2007-07-27,875
2007-07-28,0.0
2007-07-29,0.0
2007-07-30,0.0
2007-07-31,910
2007-08-01,0.0
2007-08-02,0.0
2007-08-03,700
2007-08-04,0.0
2007-08-05,500
2007-08-06,775
2007-08-07,0.0
2007-08-08,0.0
2007-08-09,0.0
2007-08-10,1351
2007-08-11,0.0
2007-08-12,0.0
2007-08-13,1051
2007-08-14,1031
2007-08-15,0.0
2007-08-16,1201
2007-08-17,0.0
2007-08-18,0.0
2007-08-19,0.0
2007-08-20,1701
2007-08-21,1371
2007-08-22,1361
2007-08-23,1490
2007-08-24,1501
2007-08-25,0.0
2007-08-26,0.0
2007-08-27,0.0
2007-08-28,0.0
2007-08-29,1301
2007-08-30,1451
2007-08-31,1421
2007-09-01,0.0
2007-09-02,0.0
2007-09-03,0.0
2007-09-04,441
2007-09-05,0.0
2007-09-06,0.0
2007-09-07,851
2007-09-08,931
2007-09-09,0.0
2007-09-10,1351
2007-09-11,0.0
2007-09-12,0.0
2007-09-13,1331
2007-09-14,1251
2007-09-15,0.0
2007-09-16,0.0
2007-09-17,0.0
2007-09-18,1551
2007-09-19,1550
2007-09-20,1600
2007-09-21,1600
2007-09-22,0.0
2007-09-23,0.0
2007-09-24,1451
2007-09-25,0.0
2007-09-26,1501
2007-09-27,1701
2007-09-28,1771
2007-09-29,0.0
2007-09-30,0.0
2007-10-01,0.0
2007-10-02,0.0
2007-10-03,0.0
2007-10-04,461
2007-10-05,0.0
2007-10-06,0.0
2007-10-07,850
2007-10-08,931
2007-10-09,0.0
2007-10-10,0.0
2007-10-11,0.0
2007-10-12,0.0
2007-10-13,0.0
2007-10-14,0.0
2007-10-15,1351
2007-10-16,1351
2007-10-17,1351
2007-10-18,1370
2007-10-19,1351
2007-10-20,0.0
2007-10-21,0.0
2007-10-22,1301
2007-10-23,1261
2007-10-24,1351
2007-10-25,1251
2007-10-26,1090
2007-10-27,0.0
2007-10-28,0.0
2007-10-29,1231
2007-10-30,1151
2007-10-31,1151
2007-11-01,0.0
2007-11-02,0.0
2007-11-03,0.0
2007-11-04,431
2007-11-05,470
2007-11-06,770
2007-11-07,851
2007-11-08,0.0
2007-11-09,1251
2007-11-10,1451
2007-11-11,0.0
2007-11-12,0.0
2007-11-13,0.0
2007-11-14,1261
2007-11-15,1301
2007-11-16,0.0
2007-11-17,0.0
2007-11-18,0.0
2007-11-19,851
2007-11-20,1181
2007-11-21,1051
2007-11-22,761
2007-11-23,0.0
2007-11-24,0.0
2007-11-25,0.0
2007-11-26,0.0
2007-11-27,0.0
2007-11-28,0.0
2007-11-29,0.0
2007-11-30,0.0
2007-12-01,0.0
2007-12-02,0.0
2007-12-03,621
2007-12-04,461
2007-12-05,0.0
2007-12-06,800
2007-12-07,841
2007-12-08,0.0
2007-12-09,1251
2007-12-10,1401
2007-12-11,0.0
2007-12-12,0.0
2007-12-13,0.0
2007-12-14,0.0
2007-12-15,0.0
2007-12-16,0.0
2007-12-17,0.0
2007-12-18,0.0
2007-12-19,0.0
2007-12-20,0.0
2007-12-21,0.0
2007-12-22,0.0
2007-12-23,0.0
2007-12-24,0.0
2007-12-25,0.0
2007-12-26,0.0
2007-12-27,0.0
2007-12-28,0.0
2007-12-29,0.0
2007-12-30,0.0
2007-12-31,0.0
2008-01-01,0.0
2008-01-02,0.0
2008-01-03,0.0
2008-01-04,0.0
2008-01-05,0.0
2008-01-06,0.0
2008-01-07,431
2008-01-08,0.0
2008-01-09,0.0
2008-01-10,651
2008-01-11,0.0
2008-01-12,851
2008-01-13,0.0
2008-01-14,0.0
2008-01-15,0.0
2008-01-16,0.0
2008-01-17,0.0
2008-01-18,0.0
2008-01-19,0.0
2008-01-20,0.0
2008-01-21,0.0
2008-01-22,0.0
2008-01-23,0.0
2008-01-24,0.0
2008-01-25,0.0
2008-01-26,0.0
2008-01-27,0.0
2008-01-28,0.0
2008-01-29,0.0
2008-01-30,0.0
2008-01-31,0.0
2008-02-01,0.0
2008-02-02,0.0
2008-02-03,0.0
2008-02-04,0.0
2008-02-05,0.0
2008-02-06,0.0
2008-02-07,0.0
2008-02-08,0.0
2008-02-09,0.0
2008-02-10,0.0
2008-02-11,0.0
2008-02-12,1071
2008-02-13,0.0
2008-02-14,0.0
2008-02-15,0.0
2008-02-16,0.0
2008-02-17,0.0
2008-02-18,0.0
2008-02-19,0.0
2008-02-20,0.0
2008-02-21,0.0
2008-02-22,0.0
2008-02-23,0.0
2008-02-24,0.0
2008-02-25,0.0
2008-02-26,0.0
2008-02-27,0.0
2008-02-28,0.0
2008-02-29,0.0
2008-03-01,0.0
2008-03-02,0.0
2008-03-03,0.0
2008-03-04,275
2008-03-05,0.0
2008-03-06,0.0
2008-03-07,0.0
2008-03-08,0.0
2008-03-09,0.0
2008-03-10,651
2008-03-11,0.0
2008-03-12,0.0
2008-03-13,0.0
2008-03-14,0.0
2008-03-15,0.0
2008-03-16,0.0
2008-03-17,0.0
2008-03-18,0.0
2008-03-19,0.0
2008-03-20,0.0
2008-03-21,0.0
2008-03-22,0.0
2008-03-23,0.0
2008-03-24,0.0
2008-03-25,0.0
2008-03-26,0.0
2008-03-27,0.0
2008-03-28,0.0
2008-03-29,0.0
2008-03-30,0.0
2008-03-31,0.0
2008-04-01,0.0
2008-04-02,0.0
2008-04-03,0.0
2008-04-04,290
2008-04-05,0.0
2008-04-06,0.0
2008-04-07,0.0
2008-04-08,0.0
2008-04-09,0.0
2008-04-10,0.0
2008-04-11,0.0
2008-04-12,0.0
2008-04-13,0.0
2008-04-14,0.0
2008-04-15,285
2008-04-16,290
2008-04-17,0.0
2008-04-18,0.0
2008-04-19,0.0
2008-04-20,0.0
2008-04-21,285
2008-04-22,281
2008-04-23,0.0
2008-04-24,0.0
2008-04-25,0.0
2008-04-26,0.0
2008-04-27,0.0
2008-04-28,0.0
2008-04-29,0.0
2008-04-30,0.0
2008-05-01,0.0
2008-05-02,0.0
2008-05-03,0.0
2008-05-04,0.0
2008-05-05,0.0
2008-05-06,375
2008-05-07,0.0
2008-05-08,0.0
2008-05-09,0.0
2008-05-10,0.0
2008-05-11,750
2008-05-12,0.0
2008-05-13,261
2008-05-14,0.0
2008-05-15,0.0
2008-05-16,0.0
2008-05-17,0.0
2008-05-18,0.0
2008-05-19,0.0
2008-05-20,0.0
2008-05-21,0.0
2008-05-22,0.0
2008-05-23,0.0
2008-05-24,0.0
2008-05-25,0.0
2008-05-26,0.0
2008-05-27,0.0
2008-05-28,0.0
2008-05-29,0.0
2008-05-30,0.0
2008-05-31,0.0
2008-06-01,0.0
2008-06-02,0.0
2008-06-03,0.0
2008-06-04,0.0
2008-06-05,271
2008-06-06,400
2008-06-07,0.0
2008-06-08,0.0
2008-06-09,0.0
2008-06-10,0.0
2008-06-11,771
2008-06-12,0.0
2008-06-13,0.0
2008-06-14,0.0
2008-06-15,0.0
2008-06-16,0.0
2008-06-17,0.0
2008-06-18,0.0
2008-06-19,400
2008-06-20,0.0
2008-06-21,0.0
2008-06-22,0.0
2008-06-23,0.0
2008-06-24,0.0
2008-06-25,440
2008-06-26,431
2008-06-27,431
2008-06-28,0.0
2008-06-29,0.0
2008-06-30,431
2008-07-01,0.0
2008-07-02,0.0
2008-07-03,0.0
2008-07-04,295
2008-07-05,260
2008-07-06,0.0
2008-07-07,0.0
2008-07-08,0.0
2008-07-09,0.0
2008-07-10,0.0
2008-07-11,780
2008-07-12,0.0
2008-07-13,0.0
2008-07-14,0.0
2008-07-15,0.0
2008-07-16,0.0
2008-07-17,0.0
2008-07-18,0.0
2008-07-19,0.0
2008-07-20,0.0
2008-07-21,0.0
2008-07-22,0.0
2008-07-23,0.0
2008-07-24,0.0
2008-07-25,0.0
2008-07-26,0.0
2008-07-27,0.0
2008-07-28,0.0
2008-07-29,0.0
2008-07-30,0.0
2008-07-31,0.0
2008-08-01,0.0
2008-08-02,0.0
2008-08-03,0.0
2008-08-04,290
2008-08-05,0.0
2008-08-06,0.0
2008-08-07,0.0
2008-08-08,0.0
2008-08-09,0.0
2008-08-10,0.0
2008-08-11,0.0
2008-08-12,951
2008-08-13,0.0
2008-08-14,0.0
2008-08-15,0.0
2008-08-16,0.0
2008-08-17,0.0
2008-08-18,0.0
2008-08-19,0.0
2008-08-20,0.0
2008-08-21,0.0
2008-08-22,0.0
2008-08-23,0.0
2008-08-24,0.0
2008-08-25,0.0
2008-08-26,0.0
2008-08-27,0.0
2008-08-28,0.0
2008-08-29,0.0
2008-08-30,0.0
2008-08-31,0.0
2008-09-01,0.0
2008-09-02,0.0
2008-09-03,0.0
2008-09-04,260
2008-09-05,0.0
2008-09-06,0.0
2008-09-07,0.0
2008-09-08,0.0
2008-09-09,0.0
2008-09-10,0.0
2008-09-11,0.0
2008-09-12,951
2008-09-13,0.0
2008-09-14,0.0
2008-09-15,0.0
2008-09-16,0.0
2008-09-17,0.0
2008-09-18,0.0
2008-09-19,0.0
2008-09-20,0.0
2008-09-21,0.0
2008-09-22,551
2008-09-23,571
2008-09-24,561
2008-09-25,0.0
2008-09-26,0.0
2008-09-27,0.0
2008-09-28,0.0
2008-09-29,0.0
2008-09-30,725
2008-10-01,0.0
2008-10-02,0.0
2008-10-03,0.0
2008-10-04,293
2008-10-05,0.0
2008-10-06,421
2008-10-07,0.0
2008-10-08,0.0
2008-10-09,0.0
2008-10-10,0.0
2008-10-11,951
2008-10-12,900
2008-10-13,621
2008-10-14,571
2008-10-15,485
2008-10-16,551
2008-10-17,571
2008-10-18,0.0
2008-10-19,0.0
2008-10-20,0.0
2008-10-21,0.0
2008-10-22,0.0
2008-10-23,0.0
2008-10-24,0.0
2008-10-25,0.0
2008-10-26,0.0
2008-10-27,0.0
2008-10-28,0.0
2008-10-29,0.0
2008-10-30,0.0
2008-10-31,0.0
2008-11-01,0.0
2008-11-02,0.0
2008-11-03,0.0
2008-11-04,0.0
2008-11-05,0.0
2008-11-06,0.0
2008-11-07,0.0
2008-11-08,0.0
2008-11-09,0.0
2008-11-10,0.0
2008-11-11,1010
2008-11-12,0.0
2008-11-13,1151
2008-11-14,1010
2008-11-15,0.0
2008-11-16,0.0
2008-11-17,881
2008-11-18,875
2008-11-19,900
2008-11-20,1051
2008-11-21,1070
2008-11-22,0.0
2008-11-23,0.0
2008-11-24,0.0
2008-11-25,0.0
2008-11-26,900
2008-11-27,0.0
2008-11-28,0.0
2008-11-29,0.0
2008-11-30,0.0
2008-12-01,0.0
2008-12-02,0.0
2008-12-03,0.0
2008-12-04,0.0
2008-12-05,251
2008-12-06,415
2008-12-07,0.0
2008-12-08,0.0
2008-12-09,0.0
2008-12-10,0.0
2008-12-11,0.0
2008-12-12,0.0
2008-12-13,0.0
2008-12-14,0.0
2008-12-15,1121
2008-12-16,1051
2008-12-17,1041
2008-12-18,985
2008-12-19,951
2008-12-20,0.0
2008-12-21,0.0
2008-12-22,1100
2008-12-23,1111
2008-12-24,1151
2008-12-25,1141
2008-12-26,1225
2008-12-27,0.0
2008-12-28,0.0
2008-12-29,1351
2008-12-30,1221
2008-12-31,0.0
2009-01-01,0.0
2009-01-02,0.0
2009-01-03,0.0
2009-01-04,0.0
2009-01-05,0.0
2009-01-06,0.0
2009-01-07,0.0
2009-01-08,0.0
2009-01-09,571
2009-01-10,1300
2009-01-11,0.0
2009-01-12,1251
2009-01-13,1231
2009-01-14,0.0
2009-01-15,1331
2009-01-16,0.0
2009-01-17,0.0
2009-01-18,0.0
2009-01-19,1440
2009-01-20,1451
2009-01-21,1451
2009-01-22,1431
2009-01-23,1395
2009-01-24,0.0
2009-01-25,0.0
2009-01-26,0.0
2009-01-27,1071
2009-01-28,951
2009-01-29,950
2009-01-30,0.0
2009-01-31,0.0
2009-02-01,1201
2009-02-02,1041
2009-02-03,921
2009-02-04,0.0
2009-02-05,0.0
2009-02-06,652
2009-02-07,0.0
2009-02-08,0.0
2009-02-09,0.0
2009-02-10,0.0
2009-02-11,0.0
2009-02-12,2701
2009-02-13,0.0
2009-02-14,0.0
2009-02-15,0.0
2009-02-16,0.0
2009-02-17,0.0
2009-02-18,0.0
2009-02-19,0.0
2009-02-20,0.0
2009-02-21,0.0
2009-02-22,0.0
2009-02-23,0.0
2009-02-24,0.0
2009-02-25,1151
2009-02-26,1100
2009-02-27,0.0
2009-02-28,0.0
2009-03-01,0.0
2009-03-02,1151
2009-03-03,925
2009-03-04,0.0
2009-03-05,0.0
2009-03-06,711
2009-03-07,0.0
2009-03-08,611
2009-03-09,0.0
2009-03-10,0.0
2009-03-11,1225
2009-03-12,2001
2009-03-13,0.0
2009-03-14,0.0
2009-03-15,0.0
2009-03-16,0.0
2009-03-17,831
2009-03-18,791
2009-03-19,805
2009-03-20,671
2009-03-21,0.0
2009-03-22,0.0
2009-03-23,0.0
2009-03-24,571
2009-03-25,651
2009-03-26,0.0
2009-03-27,0.0
2009-03-28,0.0
2009-03-29,0.0
2009-03-30,0.0
2009-03-31,0.0
2009-04-01,0.0
2009-04-02,1351
2009-04-03,827
2009-04-04,0.0
2009-04-05,475
2009-04-06,661
2009-04-07,0.0
2009-04-08,611
2009-04-09,621
2009-04-10,0.0
2009-04-11,1281
2009-04-12,1600
2009-04-13,611
2009-04-14,0.0
2009-04-15,525
2009-04-16,475
2009-04-17,451
2009-04-18,0.0
2009-04-19,0.0
2009-04-20,451
2009-04-21,461
2009-04-22,390
2009-04-23,0.0
2009-04-24,371
2009-04-25,0.0
2009-04-26,0.0
2009-04-27,371
2009-04-28,431
2009-04-29,431
2009-04-30,450
2009-05-01,0.0
2009-05-02,1211
2009-05-03,801
2009-05-04,0.0
2009-05-05,511
2009-05-06,631
2009-05-07,0.0
2009-05-08,0.0
2009-05-09,0.0
2009-05-10,1511
2009-05-11,1301
2009-05-12,0.0
2009-05-13,431
2009-05-14,461
2009-05-15,460
2009-05-16,0.0
2009-05-17,0.0
2009-05-18,0.0
2009-05-19,441
2009-05-20,401
2009-05-21,431
2009-05-22,441
2009-05-23,0.0
2009-05-24,0.0
2009-05-25,450
2009-05-26,451
2009-05-27,511
2009-05-28,0.0
2009-05-29,0.0
2009-05-30,0.0
2009-05-31,0.0
2009-06-01,0.0
2009-06-02,1151
2009-06-03,821
2009-06-04,551
2009-06-05,490
2009-06-06,0.0
2009-06-07,0.0
2009-06-08,650
2009-06-09,0.0
2009-06-10,1501
2009-06-11,1251
2009-06-12,0.0
2009-06-13,0.0
2009-06-14,0.0
2009-06-15,651
2009-06-16,640
2009-06-17,0.0
2009-06-18,0.0
2009-06-19,661
2009-06-20,0.0
2009-06-21,0.0
2009-06-22,0.0
2009-06-23,550
2009-06-24,611
2009-06-25,0.0
2009-06-26,611
2009-06-27,0.0
2009-06-28,0.0
2009-06-29,0.0
2009-06-30,0.0
2009-07-01,1251
2009-07-02,0.0
2009-07-03,0.0
2009-07-04,0.0
2009-07-05,551
2009-07-06,0.0
2009-07-07,0.0
2009-07-08,641
2009-07-09,625
2009-07-10,1390
2009-07-11,0.0
2009-07-12,0.0
2009-07-13,640
2009-07-14,0.0
2009-07-15,625
2009-07-16,601
2009-07-17,600
2009-07-18,0.0
2009-07-19,0.0
2009-07-20,570
2009-07-21,600
2009-07-22,0.0
2009-07-23,625
2009-07-24,611
2009-07-25,0.0
2009-07-26,0.0
2009-07-27,611
2009-07-28,610
2009-07-29,580
2009-07-30,0.0
2009-07-31,581
2009-08-01,0.0
2009-08-02,0.0
2009-08-03,0.0
2009-08-04,551
2009-08-05,541
2009-08-06,0.0
2009-08-07,631
2009-08-08,0.0
2009-08-09,625
2009-08-10,1361
2009-08-11,0.0
2009-08-12,0.0
2009-08-13,720
2009-08-14,0.0
2009-08-15,0.0
2009-08-16,0.0
2009-08-17,0.0
2009-08-18,625
2009-08-19,611
2009-08-20,0.0
2009-08-21,661
2009-08-22,0.0
2009-08-23,0.0
2009-08-24,0.0
2009-08-25,671
2009-08-26,681
2009-08-27,681
2009-08-28,657
2009-08-29,0.0
2009-08-30,0.0
2009-08-31,575
2009-09-01,1325
2009-09-02,1100
2009-09-03,571
2009-09-04,551
2009-09-05,0.0
2009-09-06,0.0
2009-09-07,631
2009-09-08,0.0
2009-09-09,601
2009-09-10,1100
2009-09-11,1281
2009-09-12,0.0
2009-09-13,0.0
2009-09-14,640
2009-09-15,670
2009-09-16,670
2009-09-17,625
2009-09-18,0.0
2009-09-19,0.0
2009-09-20,0.0
2009-09-21,625
2009-09-22,631
2009-09-23,625
2009-09-24,631
2009-09-25,0.0
2009-09-26,0.0
2009-09-27,0.0
2009-09-28,951
2009-09-29,625
2009-09-30,375
2009-10-01,0.0
2009-10-02,1125
2009-10-03,0.0
2009-10-04,575
2009-10-05,0.0
2009-10-06,0.0
2009-10-07,631
2009-10-08,0.0
2009-10-09,601
2009-10-10,0.0
2009-10-11,1525
2009-10-12,0.0
2009-10-13,0.0
2009-10-14,0.0
2009-10-15,0.0
2009-10-16,0.0
2009-10-17,0.0
2009-10-18,0.0
2009-10-19,0.0
2009-10-20,1291
2009-10-21,1401
2009-10-22,1431
2009-10-23,1401
2009-10-24,0.0
2009-10-25,0.0
2009-10-26,1601
2009-10-27,1391
2009-10-28,1351
2009-10-29,1301
2009-10-30,1450
2009-10-31,0.0
2009-11-01,0.0
2009-11-02,0.0
2009-11-03,0.0
2009-11-04,0.0
2009-11-05,0.0
2009-11-06,0.0
2009-11-07,0.0
2009-11-08,0.0
2009-11-09,575
2009-11-10,0.0
2009-11-11,0.0
2009-11-12,0.0
2009-11-13,0.0
2009-11-14,0.0
2009-11-15,0.0
2009-11-16,0.0
2009-11-17,2101
2009-11-18,1901
2009-11-19,1700
2009-11-20,1551
2009-11-21,0.0
2009-11-22,0.0
2009-11-23,2051
2009-11-24,1801
2009-11-25,1501
2009-11-26,1601
2009-11-27,0.0
2009-11-28,0.0
2009-11-29,0.0
2009-11-30,1301
2009-12-01,1231
2009-12-02,0.0
2009-12-03,0.0
2009-12-04,0.0
2009-12-05,521
2009-12-06,0.0
2009-12-07,0.0
2009-12-08,751
2009-12-09,0.0
2009-12-10,0.0
2009-12-11,1711
2009-12-12,0.0
2009-12-13,0.0
2009-12-14,1151
2009-12-15,1201
2009-12-16,0.0
2009-12-17,1301
2009-12-18,1400
2009-12-19,0.0
2009-12-20,0.0
2009-12-21,1500
2009-12-22,1600
2009-12-23,1301
2009-12-24,1401
2009-12-25,1301
2009-12-26,0.0
2009-12-27,0.0
2009-12-28,1400
2009-12-29,1375
2009-12-30,1251
2009-12-31,1201
2010-01-01,0.0
2010-01-02,0.0
2010-01-03,0.0
2010-01-04,0.0
2010-01-05,0.0
2010-01-06,575
2010-01-07,651
2010-01-08,0.0
2010-01-09,0.0
2010-01-10,1710
2010-01-11,1481
2010-01-12,2701
2010-01-13,1201
2010-01-14,0.0
2010-01-15,0.0
2010-01-16,0.0
2010-01-17,0.0
2010-01-18,1200
2010-01-19,1301
2010-01-20,1301
2010-01-21,1401
2010-01-22,1431
2010-01-23,0.0
2010-01-24,0.0
2010-01-25,0.0
2010-01-26,0.0
2010-01-27,0.0
2010-01-28,0.0
2010-01-29,0.0
2010-01-30,0.0
2010-01-31,0.0
2010-02-01,0.0
2010-02-02,0.0
2010-02-03,700
2010-02-04,0.0
2010-02-05,0.0
2010-02-06,575
2010-02-07,611
2010-02-08,0.0
2010-02-09,0.0
2010-02-10,0.0
2010-02-11,0.0
2010-02-12,2100
2010-02-13,0.0
2010-02-14,0.0
2010-02-15,1000
2010-02-16,951
2010-02-17,831
2010-02-18,925
2010-02-19,0.0
2010-02-20,0.0
2010-02-21,0.0
2010-02-22,781
2010-02-23,700
2010-02-24,715
2010-02-25,651
2010-02-26,650
2010-02-27,0.0
2010-02-28,0.0
2010-03-01,0.0
2010-03-02,1200
2010-03-03,730
2010-03-04,0.0
2010-03-05,0.0
2010-03-06,591
2010-03-07,0.0
2010-03-08,0.0
2010-03-09,0.0
2010-03-10,0.0
2010-03-11,0.0
2010-03-12,2100
2010-03-13,0.0
2010-03-14,0.0
2010-03-15,0.0
2010-03-16,0.0
2010-03-17,611
2010-03-18,600
2010-03-19,551
2010-03-20,0.0
2010-03-21,0.0
2010-03-22,625
2010-03-23,611
2010-03-24,0.0
2010-03-25,611
2010-03-26,451
2010-03-27,0.0
2010-03-28,0.0
2010-03-29,0.0
2010-03-30,0.0
2010-03-31,0.0
2010-04-01,0.0
2010-04-02,1251
2010-04-03,900
2010-04-04,0.0
2010-04-05,0.0
2010-04-06,611
2010-04-07,0.0
2010-04-08,761
2010-04-09,0.0
2010-04-10,1511
2010-04-11,0.0
2010-04-12,0.0
2010-04-13,0.0
2010-04-14,0.0
2010-04-15,541
2010-04-16,600
2010-04-17,0.0
2010-04-18,0.0
2010-04-19,461
2010-04-20,491
2010-04-21,525
2010-04-22,510
2010-04-23,521
2010-04-24,0.0
2010-04-25,0.0
2010-04-26,551
2010-04-27,525
2010-04-28,510
2010-04-29,525
2010-04-30,500
2010-05-01,1331
2010-05-02,0.0
2010-05-03,0.0
2010-05-04,0.0
2010-05-05,0.0
2010-05-06,0.0
2010-05-07,621
2010-05-08,731
2010-05-09,0.0
2010-05-10,1451
2010-05-11,0.0
2010-05-12,0.0
2010-05-13,501
2010-05-14,0.0
2010-05-15,0.0
2010-05-16,0.0
2010-05-17,620
2010-05-18,625
2010-05-19,600
2010-05-20,551
2010-05-21,521
2010-05-22,0.0
2010-05-23,0.0
2010-05-24,600
2010-05-25,601
2010-05-26,601
2010-05-27,600
2010-05-28,561
2010-05-29,0.0
2010-05-30,0.0
2010-05-31,551
2010-06-01,1400
2010-06-02,0.0
2010-06-03,0.0
2010-06-04,0.0
2010-06-05,451
2010-06-06,0.0
2010-06-07,610
2010-06-08,725
2010-06-09,1051
2010-06-10,0.0
2010-06-11,0.0
2010-06-12,0.0
2010-06-13,0.0
2010-06-14,591
2010-06-15,575
2010-06-16,631
2010-06-17,625
2010-06-18,0.0
2010-06-19,0.0
2010-06-20,0.0
2010-06-21,0.0
2010-06-22,0.0
2010-06-23,0.0
2010-06-24,0.0
2010-06-25,0.0
2010-06-26,0.0
2010-06-27,0.0
2010-06-28,0.0
2010-06-29,0.0
2010-06-30,0.0
2010-07-01,1300
2010-07-02,0.0
2010-07-03,0.0
2010-07-04,0.0
2010-07-05,511
2010-07-06,571
2010-07-07,591
2010-07-08,0.0
2010-07-09,0.0
2010-07-10,0.0
2010-07-11,0.0
2010-07-12,0.0
2010-07-13,635
2010-07-14,631
2010-07-15,0.0
2010-07-16,631
2010-07-17,0.0
2010-07-18,0.0
2010-07-19,611
2010-07-20,641
2010-07-21,0.0
2010-07-22,621
2010-07-23,631
2010-07-24,0.0
2010-07-25,0.0
2010-07-26,651
2010-07-27,721
2010-07-28,731
2010-07-29,0.0
2010-07-30,0.0
2010-07-31,0.0
2010-08-01,0.0
2010-08-02,1251
2010-08-03,800
2010-08-04,0.0
2010-08-05,0.0
2010-08-06,575
2010-08-07,631
2010-08-08,0.0
2010-08-09,0.0
2010-08-10,1311
2010-08-11,0.0
2010-08-12,0.0
2010-08-13,831
2010-08-14,0.0
2010-08-15,0.0
2010-08-16,931
2010-08-17,891
2010-08-18,851
2010-08-19,0.0
2010-08-20,831
2010-08-21,0.0
2010-08-22,0.0
2010-08-23,825
2010-08-24,0.0
2010-08-25,931
2010-08-26,1011
2010-08-27,991
2010-08-28,0.0
2010-08-29,0.0
2010-08-30,0.0
2010-08-31,1001
2010-09-01,0.0
2010-09-02,1212
2010-09-03,715
2010-09-04,0.0
2010-09-05,0.0
2010-09-06,575
2010-09-07,655
2010-09-08,0.0
2010-09-09,1211
2010-09-10,0.0
2010-09-11,2300
2010-09-12,0.0
2010-09-13,0.0
2010-09-14,0.0
2010-09-15,0.0
2010-09-16,1401
2010-09-17,1401
2010-09-18,0.0
2010-09-19,0.0
2010-09-20,1431
2010-09-21,1441
2010-09-22,0.0
2010-09-23,1421
2010-09-24,1451
2010-09-25,0.0
2010-09-26,0.0
2010-09-27,1600
2010-09-28,1651
2010-09-29,1711
2010-09-30,0.0
2010-10-01,0.0
2010-10-02,1125
2010-10-03,700
2010-10-04,0.0
2010-10-05,451
2010-10-06,571
2010-10-07,0.0
2010-10-08,725
2010-10-09,0.0
2010-10-10,0.0
2010-10-11,2501
2010-10-12,0.0
2010-10-13,1501
2010-10-14,1511
2010-10-15,1451
2010-10-16,0.0
2010-10-17,0.0
2010-10-18,1391
2010-10-19,1370
2010-10-20,1325
2010-10-21,1350
2010-10-22,1351
2010-10-23,0.0
2010-10-24,0.0
2010-10-25,0.0
2010-10-26,1350
2010-10-27,1431
2010-10-28,1525
2010-10-29,1521
2010-10-30,0.0
2010-10-31,0.0
2010-11-01,1031
2010-11-02,1161
2010-11-03,781
2010-11-04,0.0
2010-11-05,481
2010-11-06,621
2010-11-07,0.0
2010-11-08,790
2010-11-09,0.0
2010-11-10,1311
2010-11-11,2301
2010-11-12,0.0
2010-11-13,0.0
2010-11-14,0.0
2010-11-15,2601
2010-11-16,2900
2010-11-17,0.0
2010-11-18,2500
2010-11-19,2500
2010-11-20,0.0
2010-11-21,0.0
2010-11-22,3200
2010-11-23,3251
2010-11-24,3000
2010-11-25,3461
2010-11-26,3271
2010-11-27,0.0
2010-11-28,0.0
2010-11-29,2900
2010-11-30,2701
2010-12-01,1111
2010-12-02,0.0
2010-12-03,700
2010-12-04,0.0
2010-12-05,501
2010-12-06,0.0
2010-12-07,621
2010-12-08,780
2010-12-09,0.0
2010-12-10,1300
2010-12-11,2151
2010-12-12,0.0
2010-12-13,1601
2010-12-14,0.0
2010-12-15,0.0
2010-12-16,0.0
2010-12-17,0.0
2010-12-18,0.0
2010-12-19,0.0
2010-12-20,0.0
2010-12-21,2601
2010-12-22,0.0
2010-12-23,2001
2010-12-24,1700
2010-12-25,0.0
2010-12-26,0.0
2010-12-27,2700
2010-12-28,2351
2010-12-29,0.0
2010-12-30,2901
2010-12-31,2700
2011-01-01,0.0
2011-01-02,0.0
2011-01-03,0.0
2011-01-04,0.0
2011-01-05,0.0
2011-01-06,0.0
2011-01-07,0.0
2011-01-08,870
2011-01-09,0.0
2011-01-10,0.0
2011-01-11,981
2011-01-12,0.0
2011-01-13,0.0
2011-01-14,0.0
2011-01-15,0.0
2011-01-16,0.0
2011-01-17,0.0
2011-01-18,2500
2011-01-19,2300
2011-01-20,0.0
2011-01-21,0.0
2011-01-22,0.0
2011-01-23,0.0
2011-01-24,0.0
2011-01-25,0.0
2011-01-26,0.0
2011-01-27,0.0
2011-01-28,0.0
2011-01-29,0.0
2011-01-30,0.0
2011-01-31,0.0
2011-02-01,0.0
2011-02-02,0.0
2011-02-03,0.0
2011-02-04,0.0
2011-02-05,570
2011-02-06,550
2011-02-07,0.0
2011-02-08,875
2011-02-09,0.0
2011-02-10,0.0
2011-02-11,1050
2011-02-12,450
2011-02-13,0.0
2011-02-14,0.0
2011-02-15,0.0
2011-02-16,0.0
2011-02-17,0.0
2011-02-18,0.0
2011-02-19,0.0
2011-02-20,0.0
2011-02-21,0.0
2011-02-22,0.0
2011-02-23,0.0
2011-02-24,661
2011-02-25,645
2011-02-26,0.0
2011-02-27,0.0
2011-02-28,541
2011-03-01,2700
2011-03-02,0.0
2011-03-03,531
2011-03-04,0.0
2011-03-05,0.0
2011-03-06,550
2011-03-07,0.0
2011-03-08,951
2011-03-09,0.0
2011-03-10,851
2011-03-11,991
2011-03-12,0.0
2011-03-13,0.0
2011-03-14,0.0
2011-03-15,600
2011-03-16,0.0
2011-03-17,575
2011-03-18,501
2011-03-19,0.0
2011-03-20,0.0
2011-03-21,550
2011-03-22,510
2011-03-23,550
2011-03-24,0.0
2011-03-25,550
2011-03-26,0.0
2011-03-27,0.0
2011-03-28,0.0
2011-03-29,0.0
2011-03-30,0.0
2011-03-31,0.0
2011-04-01,0.0
2011-04-02,0.0
2011-04-03,0.0
2011-04-04,0.0
2011-04-05,550
2011-04-06,0.0
2011-04-07,800
2011-04-08,960
2011-04-09,0.0
2011-04-10,925
2011-04-11,950
2011-04-12,0.0
2011-04-13,550
2011-04-14,0.0
2011-04-15,525
2011-04-16,0.0
2011-04-17,0.0
2011-04-18,550
2011-04-19,600
2011-04-20,641
2011-04-21,615
2011-04-22,0.0
2011-04-23,0.0
2011-04-24,0.0
2011-04-25,575
2011-04-26,611
2011-04-27,571
2011-04-28,570
2011-04-29,570
2011-04-30,0.0
2011-05-01,3100
2011-05-02,0.0
2011-05-03,0.0
2011-05-04,611
2011-05-05,0.0
2011-05-06,0.0
2011-05-07,775
2011-05-08,975
2011-05-09,1170
2011-05-10,915
2011-05-11,0.0
2011-05-12,500
2011-05-13,550
2011-05-14,0.0
2011-05-15,0.0
2011-05-16,550
2011-05-17,0.0
2011-05-18,525
2011-05-19,540
2011-05-20,551
2011-05-21,0.0
2011-05-22,0.0
2011-05-23,550
2011-05-24,550
2011-05-25,550
2011-05-26,550
2011-05-27,550
2011-05-28,0.0
2011-05-29,0.0
2011-05-30,550
2011-05-31,550
2011-06-01,3000
2011-06-02,0.0
2011-06-03,0.0
2011-06-04,575
2011-06-05,0.0
2011-06-06,625
2011-06-07,775
2011-06-08,0.0
2011-06-09,1150
2011-06-10,900
2011-06-11,0.0
2011-06-12,0.0
2011-06-13,650
2011-06-14,675
2011-06-15,701
2011-06-16,751
2011-06-17,760
2011-06-18,0.0
2011-06-19,0.0
2011-06-20,851
2011-06-21,850
2011-06-22,850
2011-06-23,800
2011-06-24,775
2011-06-25,0.0
2011-06-26,0.0
2011-06-27,775
2011-06-28,750
2011-06-29,775
2011-06-30,861
2011-07-01,0.0
2011-07-02,0.0
2011-07-03,0.0
2011-07-04,621
2011-07-05,0.0
2011-07-06,625
2011-07-07,851
2011-07-08,0.0
2011-07-09,1100
2011-07-10,870
2011-07-11,0.0
2011-07-12,425
2011-07-13,875
2011-07-14,0.0
2011-07-15,925
2011-07-16,0.0
2011-07-17,0.0
2011-07-18,890
2011-07-19,851
2011-07-20,851
2011-07-21,860
2011-07-22,841
2011-07-23,0.0
2011-07-24,0.0
2011-07-25,0.0
2011-07-26,825
2011-07-27,850
2011-07-28,861
2011-07-29,860
2011-07-30,0.0
2011-07-31,0.0
2011-08-01,0.0
2011-08-02,0.0
2011-08-03,0.0
2011-08-04,625
2011-08-05,0.0
2011-08-06,650
2011-08-07,801
2011-08-08,960
2011-08-09,1000
2011-08-10,0.0
2011-08-11,750
2011-08-12,450
2011-08-13,0.0
2011-08-14,0.0
2011-08-15,0.0
2011-08-16,1201
2011-08-17,1225
2011-08-18,1240
2011-08-19,0.0
2011-08-20,0.0
2011-08-21,0.0
2011-08-22,0.0
2011-08-23,1180
2011-08-24,1240
2011-08-25,1251
2011-08-26,0.0
2011-08-27,0.0
2011-08-28,0.0
2011-08-29,1241
2011-08-30,1150
2011-08-31,0.0
2011-09-01,0.0
2011-09-02,0.0
2011-09-03,471
2011-09-04,0.0
2011-09-05,550
2011-09-06,701
2011-09-07,0.0
2011-09-08,1010
2011-09-09,0.0
2011-09-10,0.0
2011-09-11,751
2011-09-12,375
2011-09-13,0.0
2011-09-14,0.0
2011-09-15,0.0
2011-09-16,0.0
2011-09-17,0.0
2011-09-18,0.0
2011-09-19,0.0
2011-09-20,0.0
2011-09-21,1100
2011-09-22,1100
2011-09-23,1061
2011-09-24,0.0
2011-09-25,0.0
2011-09-26,950
2011-09-27,0.0
2011-09-28,950
2011-09-29,950
2011-09-30,0.0
2011-10-01,0.0
2011-10-02,0.0
2011-10-03,575
2011-10-04,0.0
2011-10-05,550
2011-10-06,0.0
2011-10-07,0.0
2011-10-08,0.0
2011-10-09,0.0
2011-10-10,850
2011-10-11,0.0
2011-10-12,0.0
2011-10-13,840
2011-10-14,825
2011-10-15,0.0
2011-10-16,0.0
2011-10-17,875
2011-10-18,860
2011-10-19,775
2011-10-20,750
2011-10-21,815
2011-10-22,0.0
2011-10-23,0.0
2011-10-24,0.0
2011-10-25,0.0
2011-10-26,0.0
2011-10-27,0.0
2011-10-28,0.0
2011-10-29,0.0
2011-10-30,0.0
2011-10-31,0.0
2011-11-01,0.0
2011-11-02,0.0
2011-11-03,475
2011-11-04,575
2011-11-05,550
2011-11-06,0.0
2011-11-07,0.0
2011-11-08,1025
2011-11-09,0.0
2011-11-10,801
2011-11-11,750
2011-11-12,0.0
2011-11-13,0.0
2011-11-14,651
2011-11-15,601
2011-11-16,600
2011-11-17,421
2011-11-18,550
2011-11-19,0.0
2011-11-20,0.0
2011-11-21,650
2011-11-22,650
2011-11-23,675
2011-11-24,625
2011-11-25,0.0
2011-11-26,0.0
2011-11-27,0.0
2011-11-28,600
2011-11-29,450
2011-11-30,425
2011-12-01,0.0
2011-12-02,0.0
2011-12-03,0.0
2011-12-04,0.0
2011-12-05,550
2011-12-06,0.0
2011-12-07,851
2011-12-08,1075
2011-12-09,0.0
2011-12-10,825
2011-12-11,0.0
2011-12-12,375
2011-12-13,401
2011-12-14,400
2011-12-15,375
2011-12-16,350
2011-12-17,0.0
2011-12-18,0.0
2011-12-19,350
2011-12-20,300
2011-12-21,350
2011-12-22,325
2011-12-23,325
2011-12-24,0.0
2011-12-25,0.0
2011-12-26,350
2011-12-27,325
2011-12-28,350
2011-12-29,301
2011-12-30,250
2011-12-31,0.0
2012-01-01,0.0
2012-01-02,0.0
2012-01-03,328
2012-01-04,0.0
2012-01-05,0.0
2012-01-06,415
2012-01-07,0.0
2012-01-08,550
2012-01-09,0.0
2012-01-10,570
2012-01-11,950
2012-01-12,0.0
2012-01-13,213
2012-01-14,0.0
2012-01-15,0.0
2012-01-16,0.0
2012-01-17,0.0
2012-01-18,0.0
2012-01-19,0.0
2012-01-20,410
2012-01-21,0.0
2012-01-22,0.0
2012-01-23,0.0
2012-01-24,375
2012-01-25,0.0
2012-01-26,0.0
2012-01-27,0.0
2012-01-28,0.0
2012-01-29,0.0
2012-01-30,0.0
2012-01-31,0.0
2012-02-01,316
2012-02-02,0.0
2012-02-03,300
2012-02-04,0.0
2012-02-05,375
2012-02-06,0.0
2012-02-07,585
2012-02-08,0.0
2012-02-09,0.0
2012-02-10,0.0
2012-02-11,925
2012-02-12,0.0
2012-02-13,0.0
2012-02-14,0.0
2012-02-15,0.0
2012-02-16,0.0
2012-02-17,350
2012-02-18,0.0
2012-02-19,0.0
2012-02-20,0.0
2012-02-21,0.0
2012-02-22,0.0
2012-02-23,370
2012-02-24,0.0
2012-02-25,0.0
2012-02-26,0.0
2012-02-27,290
2012-02-28,334
2012-02-29,300
2012-03-01,300
2012-03-02,0.0
2012-03-03,0.0
2012-03-04,490
2012-03-05,380
2012-03-06,0.0
2012-03-07,0.0
2012-03-08,540
2012-03-09,451
2012-03-10,581
2012-03-11,0.0
2012-03-12,901
2012-03-13,391
2012-03-14,411
2012-03-15,410
2012-03-16,400
2012-03-17,0.0
2012-03-18,0.0
2012-03-19,415
2012-03-20,415
2012-03-21,411
2012-03-22,0.0
2012-03-23,0.0
2012-03-24,0.0
2012-03-25,0.0
2012-03-26,425
2012-03-27,425
2012-03-28,0.0
2012-03-29,0.0
2012-03-30,0.0
2012-03-31,0.0
2012-04-01,286
2012-04-02,0.0
2012-04-03,0.0
2012-04-04,475
2012-04-05,380
2012-04-06,425
2012-04-07,550
2012-04-08,0.0
2012-04-09,475
2012-04-10,550
2012-04-11,0.0
2012-04-12,1051
2012-04-13,411
2012-04-14,0.0
2012-04-15,0.0
2012-04-16,411
2012-04-17,415
2012-04-18,390
2012-04-19,370
2012-04-20,350
2012-04-21,0.0
2012-04-22,0.0
2012-04-23,390
2012-04-24,375
2012-04-25,390
2012-04-26,375
2012-04-27,390
2012-04-28,0.0
2012-04-29,0.0
2012-04-30,390
2012-05-01,231
2012-05-02,0.0
2012-05-03,390
2012-05-04,0.0
2012-05-05,0.0
2012-05-06,415
2012-05-07,550
2012-05-08,0.0
2012-05-09,490
2012-05-10,510
2012-05-11,925
2012-05-12,950
2012-05-13,0.0
2012-05-14,360
2012-05-15,350
2012-05-16,350
2012-05-17,350
2012-05-18,370
2012-05-19,0.0
2012-05-20,0.0
2012-05-21,350
2012-05-22,375
2012-05-23,381
2012-05-24,385
2012-05-25,370
2012-05-26,0.0
2012-05-27,0.0
2012-05-28,380
2012-05-29,375
2012-05-30,400
2012-05-31,390
2012-06-01,301
2012-06-02,0.0
2012-06-03,310
2012-06-04,0.0
2012-06-05,0.0
2012-06-06,415
2012-06-07,485
2012-06-08,0.0
2012-06-09,540
2012-06-10,580
2012-06-11,775
2012-06-12,970
2012-06-13,475
2012-06-14,515
2012-06-15,501
2012-06-16,0.0
2012-06-17,0.0
2012-06-18,540
2012-06-19,0.0
2012-06-20,530
2012-06-21,500
2012-06-22,480
2012-06-23,0.0
2012-06-24,0.0
2012-06-25,461
2012-06-26,470
2012-06-27,500
2012-06-28,540
2012-06-29,545
2012-06-30,0.0
2012-07-01,0.0
2012-07-02,0.0
2012-07-03,305
2012-07-04,0.0
2012-07-05,391
2012-07-06,401
2012-07-07,0.0
2012-07-08,600
2012-07-09,525
2012-07-10,0.0
2012-07-11,850
2012-07-12,950
2012-07-13,525
2012-07-14,0.0
2012-07-15,0.0
2012-07-16,490
2012-07-17,505
2012-07-18,530
2012-07-19,0.0
2012-07-20,531
2012-07-21,0.0
2012-07-22,0.0
2012-07-23,540
2012-07-24,550
2012-07-25,560
2012-07-26,550
2012-07-27,550
2012-07-28,0.0
2012-07-29,0.0
2012-07-30,0.0
2012-07-31,550
2012-08-01,0.0
2012-08-02,0.0
2012-08-03,0.0
2012-08-04,0.0
2012-08-05,375
2012-08-06,425
2012-08-07,0.0
2012-08-08,590
2012-08-09,0.0
2012-08-10,640
2012-08-11,775
2012-08-12,0.0
2012-08-13,670
2012-08-14,0.0
2012-08-15,0.0
2012-08-16,650
2012-08-17,0.0
2012-08-18,0.0
2012-08-19,0.0
2012-08-20,0.0
2012-08-21,0.0
2012-08-22,675
2012-08-23,640
2012-08-24,625
2012-08-25,0.0
2012-08-26,0.0
2012-08-27,580
2012-08-28,580
2012-08-29,590
2012-08-30,550
2012-08-31,530
2012-09-01,0.0
2012-09-02,360
2012-09-03,311
2012-09-04,425
2012-09-05,375
2012-09-06,0.0
2012-09-07,510
2012-09-08,625
2012-09-09,0.0
2012-09-10,740
2012-09-11,750
2012-09-12,0.0
2012-09-13,0.0
2012-09-14,480
2012-09-15,0.0
2012-09-16,0.0
2012-09-17,460
2012-09-18,441
2012-09-19,0.0
2012-09-20,0.0
2012-09-21,466
2012-09-22,0.0
2012-09-23,0.0
2012-09-24,0.0
2012-09-25,0.0
2012-09-26,551
2012-09-27,470
2012-09-28,460
2012-09-29,551
2012-09-30,0.0
2012-10-01,0.0
2012-10-02,0.0
2012-10-03,0.0
2012-10-04,415
2012-10-05,360
2012-10-06,0.0
2012-10-07,530
2012-10-08,0.0
2012-10-09,490
2012-10-10,785
2012-10-11,0.0
2012-10-12,950
2012-10-13,800
2012-10-14,0.0
2012-10-15,671
2012-10-16,750
2012-10-17,850
2012-10-18,975
2012-10-19,975
2012-10-20,951
2012-10-21,0.0
2012-10-22,1125
2012-10-23,1125
2012-10-24,0.0
2012-10-25,1015
2012-10-26,970
2012-10-27,581
2012-10-28,0.0
2012-10-29,1000
2012-10-30,1040
2012-10-31,975
2012-11-01,0.0
2012-11-02,0.0
2012-11-03,0.0
2012-11-04,425
2012-11-05,360
2012-11-06,425
2012-11-07,525
2012-11-08,0.0
2012-11-09,480
2012-11-10,671
2012-11-11,0.0
2012-11-12,0.0
2012-11-13,0.0
2012-11-14,0.0
2012-11-15,0.0
2012-11-16,0.0
2012-11-17,0.0
2012-11-18,0.0
2012-11-19,850
2012-11-20,975
2012-11-21,1000
2012-11-22,950
2012-11-23,850
2012-11-24,0.0
2012-11-25,0.0
2012-11-26,850
2012-11-27,900
2012-11-28,0.0
2012-11-29,1000
2012-11-30,950
2012-12-01,101
2012-12-02,0.0
2012-12-03,0.0
2012-12-04,431
2012-12-05,0.0
2012-12-06,430
2012-12-07,530
2012-12-08,0.0
2012-12-09,470
2012-12-10,650
2012-12-11,0.0
2012-12-12,1000
2012-12-13,0.0
2012-12-14,900
2012-12-15,0.0
2012-12-16,0.0
2012-12-17,900
2012-12-18,951
2012-12-19,850
2012-12-20,0.0
2012-12-21,775
2012-12-22,0.0
2012-12-23,0.0
2012-12-24,0.0
2012-12-25,0.0
2012-12-26,1090
2012-12-27,0.0
2012-12-28,0.0
2012-12-29,0.0
2012-12-30,0.0
2012-12-31,0.0
2013-01-01,0.0
2013-01-02,0.0
2013-01-03,1020
2013-01-04,0.0
2013-01-05,0.0
2013-01-06,0.0
2013-01-07,1690
2013-01-08,2401
2013-01-09,0.0
2013-01-10,3721
2013-01-11,0.0
2013-01-12,0.0
2013-01-13,0.0
2013-01-14,0.0
2013-01-15,0.0
2013-01-16,0.0
2013-01-17,0.0
2013-01-18,0.0
2013-01-19,0.0
2013-01-20,0.0
2013-01-21,0.0
2013-01-22,0.0
2013-01-23,0.0
2013-01-24,0.0
2013-01-25,0.0
2013-01-26,0.0
2013-01-27,0.0
2013-01-28,0.0
2013-01-29,0.0
2013-01-30,0.0
2013-01-31,0.0
2013-02-01,0.0
2013-02-02,0.0
2013-02-03,0.0
2013-02-04,1025
2013-02-05,790
2013-02-06,0.0
2013-02-07,1725
2013-02-08,2650
2013-02-09,0.0
2013-02-10,0.0
2013-02-11,0.0
2013-02-12,0.0
2013-02-13,1350
2013-02-14,1000
2013-02-15,1090
2013-02-16,0.0
2013-02-17,0.0
2013-02-18,1370
2013-02-19,0.0
2013-02-20,0.0
2013-02-21,1360
2013-02-22,1225
2013-02-23,0.0
2013-02-24,0.0
2013-02-25,1275
2013-02-26,0.0
2013-02-27,1175
2013-02-28,1050
2013-03-01,0.0
2013-03-02,0.0
2013-03-03,0.0
2013-03-04,980
2013-03-05,0.0
2013-03-06,1275
2013-03-07,1701
2013-03-08,0.0
2013-03-09,4300
2013-03-10,3850
2013-03-11,0.0
2013-03-12,0.0
2013-03-13,1051
2013-03-14,1051
2013-03-15,1010
2013-03-16,0.0
2013-03-17,0.0
2013-03-18,1050
2013-03-19,1025
2013-03-20,1000
2013-03-21,951
2013-03-22,950
2013-03-23,0.0
2013-03-24,0.0
2013-03-25,950
2013-03-26,0.0
2013-03-27,0.0
2013-03-28,0.0
2013-03-29,0.0
2013-03-30,0.0
2013-03-31,0.0
2013-04-01,0.0
2013-04-02,1550
2013-04-03,950
2013-04-04,930
2013-04-05,0.0
2013-04-06,1340
2013-04-07,1850
2013-04-08,0.0
2013-04-09,4225
2013-04-10,0.0
2013-04-11,0.0
2013-04-12,0.0
2013-04-13,0.0
2013-04-14,0.0
2013-04-15,771
2013-04-16,781
2013-04-17,825
2013-04-18,821
2013-04-19,0.0
2013-04-20,0.0
2013-04-21,0.0
2013-04-22,810
2013-04-23,0.0
2013-04-24,825
2013-04-25,810
2013-04-26,810
2013-04-27,0.0
2013-04-28,0.0
2013-04-29,801
2013-04-30,841
2013-05-01,0.0
2013-05-02,0.0
2013-05-03,1000
2013-05-04,825
2013-05-05,0.0
2013-05-06,1250
2013-05-07,1890
2013-05-08,3000
2013-05-09,0.0
2013-05-10,0.0
2013-05-11,0.0
2013-05-12,0.0
2013-05-13,801
2013-05-14,850
2013-05-15,850
2013-05-16,840
2013-05-17,825
2013-05-18,0.0
2013-05-19,0.0
2013-05-20,841
2013-05-21,851
2013-05-22,871
2013-05-23,875
2013-05-24,900
2013-05-25,0.0
2013-05-26,0.0
2013-05-27,1151
2013-05-28,1100
2013-05-29,1075
2013-05-30,1150
2013-05-31,1201
2013-06-01,0.0
2013-06-02,0.0
2013-06-03,1025
2013-06-04,0.0
2013-06-05,900
2013-06-06,1250
2013-06-07,0.0
2013-06-08,0.0
2013-06-09,4300
2013-06-10,0.0
2013-06-11,0.0
2013-06-12,0.0
2013-06-13,1351
2013-06-14,1375
2013-06-15,0.0
2013-06-16,0.0
2013-06-17,1525
2013-06-18,1525
2013-06-19,1511
2013-06-20,1461
2013-06-21,1425
2013-06-22,0.0
2013-06-23,0.0
2013-06-24,1401
2013-06-25,1470
2013-06-26,1550
2013-06-27,1575
2013-06-28,1525
2013-06-29,0.0
2013-06-30,0.0
2013-07-01,0.0
2013-07-02,1750
2013-07-03,1015
2013-07-04,0.0
2013-07-05,851
2013-07-06,1250
2013-07-07,0.0
2013-07-08,2970
2013-07-09,4311
2013-07-10,4201
2013-07-11,0.0
2013-07-12,0.0
2013-07-13,0.0
2013-07-14,0.0
2013-07-15,2225
2013-07-16,2375
2013-07-17,2500
2013-07-18,2375
2013-07-19,0.0
2013-07-20,0.0
2013-07-21,0.0
2013-07-22,0.0
2013-07-23,2275
2013-07-24,2325
2013-07-25,2210
2013-07-26,2250
2013-07-27,0.0
2013-07-28,0.0
2013-07-29,2270
2013-07-30,2330
2013-07-31,2401
2013-08-01,0.0
2013-08-02,1700
2013-08-03,980
2013-08-04,790
2013-08-05,831
2013-08-06,0.0
2013-08-07,0.0
2013-08-08,3425
2013-08-09,0.0
2013-08-10,4650
2013-08-11,0.0
2013-08-12,0.0
2013-08-13,4500
2013-08-14,4700
2013-08-15,0.0
2013-08-16,4201
2013-08-17,4201
2013-08-18,0.0
2013-08-19,3601
2013-08-20,3711
2013-08-21,4100
2013-08-22,4040
2013-08-23,4100
2013-08-24,4001
2013-08-25,0.0
2013-08-26,3900
2013-08-27,3350
2013-08-28,0.0
2013-08-29,3500
2013-08-30,3600
2013-08-31,0.0
2013-09-01,0.0
2013-09-02,0.0
2013-09-03,0.0
2013-09-04,830
2013-09-05,0.0
2013-09-06,0.0
2013-09-07,1975
2013-09-08,0.0
2013-09-09,0.0
2013-09-10,4700
2013-09-11,0.0
2013-09-12,0.0
2013-09-13,4801
2013-09-14,0.0
2013-09-15,0.0
2013-09-16,5151
2013-09-17,5501
2013-09-18,0.0
2013-09-19,5201
2013-09-20,0.0
2013-09-21,0.0
2013-09-22,0.0
2013-09-23,4500
2013-09-24,4901
2013-09-25,0.0
2013-09-26,4550
2013-09-27,0.0
2013-09-28,0.0
2013-09-29,0.0
2013-09-30,3900
2013-10-01,0.0
2013-10-02,0.0
2013-10-03,0.0
2013-10-04,0.0
2013-10-05,800
2013-10-06,1275
2013-10-07,1850
2013-10-08,0.0
2013-10-09,4301
2013-10-10,0.0
2013-10-11,0.0
2013-10-12,0.0
2013-10-13,0.0
2013-10-14,5200
2013-10-15,5300
2013-10-16,0.0
2013-10-17,0.0
2013-10-18,5700
2013-10-19,0.0
2013-10-20,0.0
2013-10-21,5300
2013-10-22,5350
2013-10-23,5401
2013-10-24,5400
2013-10-25,5600
2013-10-26,0.0
2013-10-27,0.0
2013-10-28,4701
2013-10-29,5400
2013-10-30,4800
2013-10-31,5000
2013-11-01,0.0
2013-11-02,1520
2013-11-03,0.0
2013-11-04,0.0
2013-11-05,0.0
2013-11-06,1170
2013-11-07,1880
2013-11-08,0.0
2013-11-09,4500
2013-11-10,0.0
2013-11-11,4461
2013-11-12,0.0
2013-11-13,0.0
2013-11-14,0.0
2013-11-15,0.0
2013-11-16,0.0
2013-11-17,0.0
2013-11-18,0.0
2013-11-19,0.0
2013-11-20,815
2013-11-21,0.0
2013-11-22,0.0
2013-11-23,0.0
2013-11-24,0.0
2013-11-25,0.0
2013-11-26,0.0
2013-11-27,0.0
2013-11-28,0.0
2013-11-29,0.0
2013-11-30,0.0
2013-12-01,0.0
2013-12-02,1360
2013-12-03,1070
2013-12-04,770
2013-12-05,0.0
2013-12-06,1300
2013-12-07,1940
2013-12-08,4350
2013-12-09,4451
2013-12-10,0.0
2013-12-11,0.0
2013-12-12,0.0
2013-12-13,0.0
2013-12-14,0.0
2013-12-15,0.0
2013-12-16,0.0
2013-12-17,0.0
2013-12-18,0.0
2013-12-19,0.0
2013-12-20,0.0
2013-12-21,0.0
2013-12-22,0.0
2013-12-23,0.0
2013-12-24,0.0
2013-12-25,0.0
2013-12-26,0.0
2013-12-27,0.0
2013-12-28,0.0
2013-12-29,0.0
2013-12-30,0.0
2013-12-31,0.0
2014-01-01,0.0
2014-01-02,0.0
2014-01-03,0.0
2014-01-04,0.0
2014-01-05,0.0
2014-01-06,0.0
2014-01-07,1850
2014-01-08,0.0
2014-01-09,0.0
2014-01-10,0.0
2014-01-11,1421
2014-01-12,0.0
2014-01-13,0.0
2014-01-14,0.0
2014-01-15,0.0
2014-01-16,0.0
2014-01-17,0.0
2014-01-18,0.0
2014-01-19,0.0
2014-01-20,0.0
2014-01-21,0.0
2014-01-22,0.0
2014-01-23,0.0
2014-01-24,925
2014-01-25,0.0
2014-01-26,0.0
2014-01-27,0.0
2014-01-28,0.0
2014-01-29,0.0
2014-01-30,0.0
2014-01-31,0.0
2014-02-01,0.0
2014-02-02,0.0
2014-02-03,0.0
2014-02-04,0.0
2014-02-05,1000
2014-02-06,0.0
2014-02-07,2011
2014-02-08,1725
2014-02-09,0.0
2014-02-10,0.0
2014-02-11,0.0
2014-02-12,1325
2014-02-13,0.0
2014-02-14,651
2014-02-15,651
2014-02-16,0.0
2014-02-17,611
2014-02-18,700
2014-02-19,0.0
2014-02-20,760
2014-02-21,750
2014-02-22,770
2014-02-23,0.0
2014-02-24,875
2014-02-25,875
2014-02-26,780
2014-02-27,0.0
2014-02-28,0.0
2014-03-01,0.0
2014-03-02,0.0
2014-03-03,0.0
2014-03-04,825
2014-03-05,0.0
2014-03-06,0.0
2014-03-07,1875
2014-03-08,0.0
2014-03-09,0.0
2014-03-10,0.0
2014-03-11,1375
2014-03-12,1400
2014-03-13,0.0
2014-03-14,0.0
2014-03-15,0.0
2014-03-16,0.0
2014-03-17,0.0
2014-03-18,0.0
2014-03-19,0.0
2014-03-20,0.0
2014-03-21,0.0
2014-03-22,0.0
2014-03-23,0.0
2014-03-24,0.0
2014-03-25,0.0
2014-03-26,0.0
2014-03-27,0.0
2014-03-28,0.0
2014-03-29,0.0
2014-03-30,0.0
2014-03-31,0.0
2014-04-01,0.0
2014-04-02,0.0
2014-04-03,0.0
2014-04-04,825
2014-04-05,0.0
2014-04-06,0.0
2014-04-07,2015
2014-04-08,0.0
2014-04-09,0.0
2014-04-10,0.0
2014-04-11,0.0
2014-04-12,1400
2014-04-13,0.0
2014-04-14,0.0
2014-04-15,0.0
2014-04-16,910
2014-04-17,925
2014-04-18,0.0
2014-04-19,900
2014-04-20,0.0
2014-04-21,960
2014-04-22,0.0
2014-04-23,0.0
2014-04-24,0.0
2014-04-25,975
2014-04-26,900
2014-04-27,0.0
2014-04-28,975
2014-04-29,0.0
2014-04-30,950
2014-05-01,0.0
2014-05-02,651
2014-05-03,0.0
2014-05-04,850
2014-05-05,950
2014-05-06,1200
2014-05-07,2100
2014-05-08,0.0
2014-05-09,0.0
2014-05-10,0.0
2014-05-11,1375
2014-05-12,1400
2014-05-13,1050
2014-05-14,0.0
2014-05-15,1050
2014-05-16,1000
2014-05-17,1000
2014-05-18,0.0
2014-05-19,0.0
2014-05-20,1050
2014-05-21,975
2014-05-22,950
2014-05-23,950
2014-05-24,0.0
2014-05-25,0.0
2014-05-26,925
2014-05-27,1025
2014-05-28,1025
2014-05-29,1000
2014-05-30,975
2014-05-31,0.0
2014-06-01,0.0
2014-06-02,701
2014-06-03,0.0
2014-06-04,0.0
2014-06-05,950
2014-06-06,0.0
2014-06-07,0.0
2014-06-08,0.0
2014-06-09,0.0
2014-06-10,0.0
2014-06-11,0.0
2014-06-12,1100
2014-06-13,0.0
2014-06-14,0.0
2014-06-15,0.0
2014-06-16,0.0
2014-06-17,0.0
2014-06-18,1325
2014-06-19,1351
2014-06-20,1360
2014-06-21,1360
2014-06-22,0.0
2014-06-23,1425
2014-06-24,1500
2014-06-25,1625
2014-06-26,1750
2014-06-27,0.0
2014-06-28,2000
2014-06-29,0.0
2014-06-30,1930
2014-07-01,0.0
2014-07-02,0.0
2014-07-03,0.0
2014-07-04,850
2014-07-05,910
2014-07-06,0.0
2014-07-07,2150
2014-07-08,0.0
2014-07-09,0.0
2014-07-10,0.0
2014-07-11,1375
2014-07-12,0.0
2014-07-13,0.0
2014-07-14,1851
2014-07-15,1900
2014-07-16,2000
2014-07-17,2015
2014-07-18,1875
2014-07-19,1851
2014-07-20,0.0
2014-07-21,1750
2014-07-22,1800
2014-07-23,1800
2014-07-24,1800
2014-07-25,1750
2014-07-26,0.0
2014-07-27,0.0
2014-07-28,1725
2014-07-29,0.0
2014-07-30,1750
2014-07-31,1700
2014-08-01,0.0
2014-08-02,0.0
2014-08-03,0.0
2014-08-04,0.0
2014-08-05,940
2014-08-06,0.0
2014-08-07,2160
2014-08-08,0.0
2014-08-09,0.0
2014-08-10,0.0
2014-08-11,1350
2014-08-12,1300
2014-08-13,0.0
2014-08-14,0.0
2014-08-15,0.0
2014-08-16,1725
2014-08-17,0.0
2014-08-18,0.0
2014-08-19,0.0
2014-08-20,0.0
2014-08-21,0.0
2014-08-22,0.0
2014-08-23,0.0
2014-08-24,0.0
2014-08-25,0.0
2014-08-26,0.0
2014-08-27,0.0
2014-08-28,0.0
2014-08-29,0.0
2014-08-30,0.0
2014-08-31,0.0
2014-09-01,0.0
2014-09-02,0.0
2014-09-03,0.0
2014-09-04,850
2014-09-05,0.0
2014-09-06,1401
2014-09-07,0.0
2014-09-08,0.0
2014-09-09,0.0
2014-09-10,0.0
2014-09-11,0.0
2014-09-12,0.0
2014-09-13,0.0
2014-09-14,0.0
2014-09-15,0.0
2014-09-16,0.0
2014-09-17,0.0
2014-09-18,0.0
2014-09-19,0.0
2014-09-20,0.0
2014-09-21,0.0
2014-09-22,0.0
2014-09-23,0.0
2014-09-24,0.0
2014-09-25,0.0
2014-09-26,0.0
2014-09-27,0.0
2014-09-28,0.0
2014-09-29,0.0
2014-09-30,0.0
2014-10-01,0.0
2014-10-02,0.0
2014-10-03,0.0
2014-10-04,725
2014-10-05,0.0
2014-10-06,1375
2014-10-07,1875
2014-10-08,0.0
2014-10-09,0.0
2014-10-10,0.0
2014-10-11,1350
2014-10-12,0.0
2014-10-13,1600
2014-10-14,0.0
2014-10-15,0.0
2014-10-16,0.0
2014-10-17,0.0
2014-10-18,0.0
2014-10-19,0.0
2014-10-20,0.0
2014-10-21,0.0
2014-10-22,0.0
2014-10-23,0.0
2014-10-24,0.0
2014-10-25,0.0
2014-10-26,0.0
2014-10-27,0.0
2014-10-28,1751
2014-10-29,1751
2014-10-30,0.0
2014-10-31,1450
2014-11-01,0.0
2014-11-02,710
2014-11-03,0.0
2014-11-04,0.0
2014-11-05,0.0
2014-11-06,1250
2014-11-07,0.0
2014-11-08,0.0
2014-11-09,1475
2014-11-10,0.0
2014-11-11,1375
2014-11-12,0.0
2014-11-13,0.0
2014-11-14,0.0
2014-11-15,1500
2014-11-16,0.0
2014-11-17,1475
2014-11-18,0.0
2014-11-19,0.0
2014-11-20,0.0
2014-11-21,0.0
2014-11-22,0.0
2014-11-23,0.0
2014-11-24,1425
2014-11-25,1300
2014-11-26,1400
2014-11-27,1601
2014-11-28,0.0
2014-11-29,0.0
2014-11-30,0.0
2014-12-01,0.0
2014-12-02,0.0
2014-12-03,0.0
2014-12-04,0.0
2014-12-05,1025
2014-12-06,1300
2014-12-07,1850
2014-12-08,3951
2014-12-09,1475
2014-12-10,0.0
2014-12-11,1425
2014-12-12,0.0
2014-12-13,0.0
2014-12-14,0.0
2014-12-15,0.0
2014-12-16,0.0
2014-12-17,0.0
2014-12-18,0.0
2014-12-19,0.0
2014-12-20,0.0
2014-12-21,0.0
2014-12-22,0.0
2014-12-23,0.0
2014-12-24,0.0
2014-12-25,0.0
2014-12-26,0.0
2014-12-27,0.0
2014-12-28,0.0
2014-12-29,0.0
2014-12-30,0.0
2014-12-31,0.0
2015-01-01,0.0
2015-01-02,0.0
2015-01-03,0.0
2015-01-04,0.0
2015-01-05,0.0
2015-01-06,0.0
2015-01-07,1551
2015-01-08,3100
2015-01-09,4400
2015-01-10,3500
2015-01-11,0.0
2015-01-12,0.0
2015-01-13,0.0
2015-01-14,0.0
2015-01-15,0.0
2015-01-16,0.0
2015-01-17,0.0
2015-01-18,0.0
2015-01-19,0.0
2015-01-20,0.0
2015-01-21,0.0
2015-01-22,0.0
2015-01-23,0.0
2015-01-24,0.0
2015-01-25,0.0
2015-01-26,0.0
2015-01-27,0.0
2015-01-28,0.0
2015-01-29,0.0
2015-01-30,0.0
2015-01-31,0.0
2015-02-01,0.0
2015-02-02,0.0
2015-02-03,0.0
2015-02-04,0.0
2015-02-05,1101
2015-02-06,0.0
2015-02-07,1575
2015-02-08,0.0
2015-02-09,4500
2015-02-10,0.0
2015-02-11,3500
2015-02-12,0.0
2015-02-13,0.0
2015-02-14,0.0
2015-02-15,0.0
2015-02-16,0.0
2015-02-17,0.0
2015-02-18,0.0
2015-02-19,0.0
2015-02-20,0.0
2015-02-21,0.0
2015-02-22,0.0
2015-02-23,0.0
2015-02-24,0.0
2015-02-25,0.0
2015-02-26,0.0
2015-02-27,0.0
2015-02-28,0.0
2015-03-01,0.0
2015-03-02,0.0
2015-03-03,0.0
2015-03-04,0.0
2015-03-05,0.0
2015-03-06,1500
2015-03-07,1625
2015-03-08,3400
2015-03-09,4500
2015-03-10,3600
2015-03-11,3700
2015-03-12,0.0
2015-03-13,0.0
2015-03-14,0.0
2015-03-15,0.0
2015-03-16,0.0
2015-03-17,0.0
2015-03-18,0.0
2015-03-19,0.0
2015-03-20,0.0
2015-03-21,0.0
2015-03-22,0.0
2015-03-23,0.0
2015-03-24,0.0
2015-03-25,1000
2015-03-26,1050
2015-03-27,1150
2015-03-28,0.0
2015-03-29,0.0
2015-03-30,0.0
2015-03-31,0.0
2015-04-01,0.0
2015-04-02,0.0
2015-04-03,0.0
2015-04-04,0.0
2015-04-05,0.0
2015-04-06,1550
2015-04-07,1525
2015-04-08,3550
2015-04-09,4400
2015-04-10,0.0
2015-04-11,4000
2015-04-12,0.0
2015-04-13,1125
2015-04-14,1160
2015-04-15,1150
2015-04-16,1125
2015-04-17,950
2015-04-18,0.0
2015-04-19,0.0
2015-04-20,1050
2015-04-21,0.0
2015-04-22,0.0
2015-04-23,1050
2015-04-24,1025
2015-04-25,1050
2015-04-26,0.0
2015-04-27,1100
2015-04-28,1050
2015-04-29,1050
2015-04-30,1100
2015-05-01,0.0
2015-05-02,0.0
2015-05-03,0.0
2015-05-04,0.0
2015-05-05,1250
2015-05-06,1550
2015-05-07,0.0
2015-05-08,3600
2015-05-09,4200
2015-05-10,3600
2015-05-11,3500
2015-05-12,0.0
2015-05-13,1100
2015-05-14,1150
2015-05-15,1200
2015-05-16,1300
2015-05-17,0.0
2015-05-18,0.0
2015-05-19,1100
2015-05-20,1100
2015-05-21,1125
2015-05-22,1100
2015-05-23,1150
2015-05-24,0.0
2015-05-25,1100
2015-05-26,1175
2015-05-27,1175
2015-05-28,1250
2015-05-29,1400
2015-05-30,1500
2015-05-31,0.0
2015-06-01,0.0
2015-06-02,0.0
2015-06-03,0.0
2015-06-04,1150
2015-06-05,1275
2015-06-06,1600
2015-06-07,1650
2015-06-08,3550
2015-06-09,0.0
2015-06-10,3700
2015-06-11,4000
2015-06-12,0.0
2015-06-13,1550
2015-06-14,0.0
2015-06-15,1550
2015-06-16,0.0
2015-06-17,1650
2015-06-18,1550
2015-06-19,1600
2015-06-20,1600
2015-06-21,0.0
2015-06-22,1600
2015-06-23,1550
2015-06-24,1525
2015-06-25,1550
2015-06-26,1500
2015-06-27,1500
2015-06-28,0.0
2015-06-29,1400
2015-06-30,1450
2015-07-01,0.0
2015-07-02,0.0
2015-07-03,0.0
2015-07-04,1150
2015-07-05,1300
2015-07-06,0.0
2015-07-07,1650
2015-07-08,3300
2015-07-09,4500
2015-07-10,4000
2015-07-11,3700
2015-07-12,0.0
2015-07-13,1860
2015-07-14,2025
2015-07-15,2000
2015-07-16,0.0
2015-07-17,1975
2015-07-18,0.0
2015-07-19,0.0
2015-07-20,2200
2015-07-21,2460
2015-07-22,2540
2015-07-23,2550
2015-07-24,2500
2015-07-25,2550
2015-07-26,0.0
2015-07-27,0.0
2015-07-28,3400
2015-07-29,3250
2015-07-30,0.0
2015-07-31,3100
2015-08-01,0.0
2015-08-02,0.0
2015-08-03,0.0
2015-08-04,1150
2015-08-05,1200
2015-08-06,1700
2015-08-07,1700
2015-08-08,3150
2015-08-09,4500
2015-08-10,3550
2015-08-11,0.0
2015-08-12,0.0
2015-08-13,3611
2015-08-14,0.0
2015-08-15,0.0
2015-08-16,0.0
2015-08-17,4300
2015-08-18,0.0
2015-08-19,4500
2015-08-20,5200
2015-08-21,5500
2015-08-22,5700
2015-08-23,0.0
2015-08-24,0.0
2015-08-25,4850
2015-08-26,4850
2015-08-27,4800
2015-08-28,4800
2015-08-29,0.0
2015-08-30,0.0
2015-08-31,4500
2015-09-01,0.0
2015-09-02,0.0
2015-09-03,0.0
2015-09-04,1125
2015-09-05,1250
2015-09-06,1700
2015-09-07,1725
2015-09-08,0.0
2015-09-09,4850
2015-09-10,3500
2015-09-11,0.0
2015-09-12,0.0
2015-09-13,0.0
2015-09-14,4300
2015-09-15,4100
2015-09-16,4300
2015-09-17,0.0
2015-09-18,0.0
2015-09-19,3900
2015-09-20,0.0
2015-09-21,3800
2015-09-22,3900
2015-09-23,3500
2015-09-24,3500
2015-09-25,0.0
2015-09-26,0.0
2015-09-27,0.0
2015-09-28,3600
2015-09-29,3600
2015-09-30,3500
2015-10-01,0.0
2015-10-02,0.0
2015-10-03,0.0
2015-10-04,1125
2015-10-05,0.0
2015-10-06,1560
2015-10-07,1650
2015-10-08,3300
2015-10-09,4750
2015-10-10,0.0
2015-10-11,0.0
2015-10-12,0.0
2015-10-13,2850
2015-10-14,2951
2015-10-15,2950
2015-10-16,2800
2015-10-17,2900
2015-10-18,0.0
2015-10-19,2500
2015-10-20,2600
2015-10-21,2600
2015-10-22,0.0
2015-10-23,2900
2015-10-24,0.0
2015-10-25,0.0
2015-10-26,3400
2015-10-27,3100
2015-10-28,3400
2015-10-29,3100
2015-10-30,2800
2015-10-31,3900
2015-11-01,0.0
2015-11-02,1455
2015-11-03,0.0
2015-11-04,1150
2015-11-05,1100
2015-11-06,1550
2015-11-07,1650
2015-11-08,3500
2015-11-09,0.0
2015-11-10,0.0
2015-11-11,0.0
2015-11-12,0.0
2015-11-13,0.0
2015-11-14,0.0
2015-11-15,0.0
2015-11-16,2600
2015-11-17,4141
2015-11-18,0.0
2015-11-19,2400
2015-11-20,3500
2015-11-21,0.0
2015-11-22,0.0
2015-11-23,0.0
2015-11-24,3770
2015-11-25,0.0
2015-11-26,1850
2015-11-27,0.0
2015-11-28,0.0
2015-11-29,0.0
2015-11-30,0.0
2015-12-01,0.0
2015-12-02,0.0
2015-12-03,0.0
2015-12-04,0.0
2015-12-05,1100
2015-12-06,0.0
2015-12-07,0.0
2015-12-08,3350
2015-12-09,0.0
2015-12-10,0.0
2015-12-11,0.0
2015-12-12,0.0
2015-12-13,0.0
2015-12-14,0.0
2015-12-15,0.0
2015-12-16,0.0
2015-12-17,0.0
2015-12-18,0.0
2015-12-19,0.0
2015-12-20,0.0
2015-12-21,0.0
2015-12-22,0.0
2015-12-23,0.0
2015-12-24,0.0
2015-12-25,0.0
2015-12-26,0.0
2015-12-27,0.0
2015-12-28,0.0
2015-12-29,0.0
2015-12-30,0.0
2015-12-31,0.0
2016-01-01,0.0
2016-01-02,1091
2016-01-03,851
2016-01-04,0.0
2016-01-05,0.0
2016-01-06,850
2016-01-07,825
2016-01-08,800
2016-01-09,0.0
2016-01-10,350
2016-01-11,0.0
2016-01-12,750
2016-01-13,0.0
2016-01-14,0.0
2016-01-15,0.0
2016-01-16,0.0
2016-01-17,0.0
2016-01-18,0.0
2016-01-19,0.0
2016-01-20,0.0
2016-01-21,0.0
2016-01-22,0.0
2016-01-23,0.0
2016-01-24,0.0
2016-01-25,0.0
2016-01-26,0.0
2016-01-27,0.0
2016-01-28,0.0
2016-01-29,0.0
2016-01-30,0.0
2016-01-31,0.0
2016-02-01,0.0
2016-02-02,0.0
2016-02-03,741
2016-02-04,0.0
2016-02-05,750
2016-02-06,825
2016-02-07,850
2016-02-08,0.0
2016-02-09,650
2016-02-10,0.0
2016-02-11,0.0
2016-02-12,650
2016-02-13,0.0
2016-02-14,0.0
2016-02-15,0.0
2016-02-16,730
2016-02-17,748
2016-02-18,0.0
2016-02-19,0.0
2016-02-20,905
2016-02-21,0.0
2016-02-22,707
2016-02-23,831
2016-02-24,851
2016-02-25,850
2016-02-26,850
2016-02-27,0.0
2016-02-28,0.0
2016-02-29,850
2016-03-01,0.0
2016-03-02,0.0
2016-03-03,800
2016-03-04,0.0
2016-03-05,750
2016-03-06,825
2016-03-07,0.0
2016-03-08,800
2016-03-09,610
2016-03-10,0.0
2016-03-11,750
2016-03-12,0.0
2016-03-13,0.0
2016-03-14,700
2016-03-15,675
2016-03-16,675
2016-03-17,701
2016-03-18,751
2016-03-19,701
2016-03-20,0.0
2016-03-21,850
2016-03-22,850
2016-03-23,0.0
2016-03-24,0.0
2016-03-25,0.0
2016-03-26,0.0
2016-03-27,0.0
2016-03-28,0.0
2016-03-29,0.0
2016-03-30,0.0
2016-03-31,0.0
2016-04-01,0.0
2016-04-02,0.0
2016-04-03,825
2016-04-04,0.0
2016-04-05,750
2016-04-06,0.0
2016-04-07,0.0
2016-04-08,801
2016-04-09,0.0
2016-04-10,501
2016-04-11,675
2016-04-12,0.0
2016-04-13,775
2016-04-14,0.0
2016-04-15,0.0
2016-04-16,775
2016-04-17,0.0
2016-04-18,760
2016-04-19,0.0
2016-04-20,811
2016-04-21,800
2016-04-22,801
2016-04-23,0.0
2016-04-24,0.0
2016-04-25,750
2016-04-26,750
2016-04-27,825
2016-04-28,725
2016-04-29,725
2016-04-30,725
2016-05-01,0.0
2016-05-02,0.0
2016-05-03,725
2016-05-04,800
2016-05-05,750
2016-05-06,0.0
2016-05-07,800
2016-05-08,850
2016-05-09,0.0
2016-05-10,650
2016-05-11,0.0
2016-05-12,500
2016-05-13,750
2016-05-14,0.0
2016-05-15,0.0
2016-05-16,700
2016-05-17,725
2016-05-18,750
2016-05-19,750
2016-05-20,750
2016-05-21,0.0
2016-05-22,0.0
2016-05-23,750
2016-05-24,850
2016-05-25,840
2016-05-26,840
2016-05-27,852
2016-05-28,0.0
2016-05-29,0.0
2016-05-30,825
2016-05-31,850
2016-06-01,0.0
2016-06-02,0.0
2016-06-03,0.0
2016-06-04,850
2016-06-05,0.0
2016-06-06,825
2016-06-07,0.0
2016-06-08,850
2016-06-09,0.0
2016-06-10,581
2016-06-11,0.0
2016-06-12,525
2016-06-13,825
2016-06-14,860
2016-06-15,825
2016-06-16,775
2016-06-17,850
2016-06-18,0.0
2016-06-19,0.0
2016-06-20,0.0
2016-06-21,900
2016-06-22,900
2016-06-23,890
2016-06-24,850
2016-06-25,0.0
2016-06-26,0.0
2016-06-27,800
2016-06-28,850
2016-06-29,825
2016-06-30,800
2016-07-01,0.0
2016-07-02,0.0
2016-07-03,0.0
2016-07-04,0.0
2016-07-05,735
2016-07-06,825
2016-07-07,825
2016-07-08,0.0
2016-07-09,525
2016-07-10,750
2016-07-11,825
2016-07-12,425
2016-07-13,0.0
2016-07-14,0.0
2016-07-15,0.0
2016-07-16,0.0
2016-07-17,0.0
2016-07-18,0.0
2016-07-19,0.0
2016-07-20,0.0
2016-07-21,0.0
2016-07-22,0.0
2016-07-23,0.0
2016-07-24,0.0
2016-07-25,0.0
2016-07-26,844
2016-07-27,821
2016-07-28,825
2016-07-29,850
2016-07-30,825
2016-07-31,0.0
2016-08-01,1251
2016-08-02,0.0
2016-08-03,800
2016-08-04,851
2016-08-05,0.0
2016-08-06,900
2016-08-07,825
2016-08-08,850
2016-08-09,425
2016-08-10,0.0
2016-08-11,750
2016-08-12,0.0
2016-08-13,0.0
2016-08-14,0.0
2016-08-15,0.0
2016-08-16,715
2016-08-17,0.0
2016-08-18,0.0
2016-08-19,650
2016-08-20,625
2016-08-21,0.0
2016-08-22,625
2016-08-23,630
2016-08-24,625
2016-08-25,0.0
2016-08-26,625
2016-08-27,625
2016-08-28,0.0
2016-08-29,640
2016-08-30,0.0
2016-08-31,621
2016-09-01,0.0
2016-09-02,0.0
2016-09-03,0.0
2016-09-04,0.0
2016-09-05,750
2016-09-06,930
2016-09-07,0.0
2016-09-08,781
2016-09-09,425
2016-09-10,0.0
2016-09-11,801
2016-09-12,0.0
2016-09-13,425
2016-09-14,0.0
2016-09-15,0.0
2016-09-16,425
2016-09-17,425
2016-09-18,0.0
2016-09-19,0.0
2016-09-20,0.0
2016-09-21,0.0
2016-09-22,0.0
2016-09-23,0.0
2016-09-24,0.0
2016-09-25,0.0
2016-09-26,351
2016-09-27,0.0
2016-09-28,0.0
2016-09-29,350
2016-09-30,0.0
2016-10-01,0.0
2016-10-02,0.0
2016-10-03,800
2016-10-04,0.0
2016-10-05,750
2016-10-06,900
2016-10-07,0.0
2016-10-08,725
2016-10-09,0.0
2016-10-10,700
2016-10-11,0.0
2016-10-12,0.0
2016-10-13,700
2016-10-14,650
2016-10-15,650
2016-10-16,0.0
2016-10-17,550
2016-10-18,600
2016-10-19,550
2016-10-20,600
2016-10-21,550
2016-10-22,0.0
2016-10-23,0.0
2016-10-24,650
2016-10-25,600
2016-10-26,0.0
2016-10-27,0.0
2016-10-28,0.0
2016-10-29,0.0
2016-10-30,0.0
2016-10-31,0.0
2016-11-01,0.0
2016-11-02,733
2016-11-03,801
2016-11-04,750
2016-11-05,750
2016-11-06,0.0
2016-11-07,0.0
2016-11-08,775
2016-11-09,0.0
2016-11-10,650
2016-11-11,0.0
2016-11-12,0.0
2016-11-13,0.0
2016-11-14,0.0
2016-11-15,0.0
2016-11-16,0.0
2016-11-17,0.0
2016-11-18,750
2016-11-19,0.0
2016-11-20,0.0
2016-11-21,550
2016-11-22,650
2016-11-23,0.0
2016-11-24,601
2016-11-25,550
2016-11-26,0.0
2016-11-27,0.0
2016-11-28,550
2016-11-29,0.0
2016-11-30,550
2016-12-01,0.0
2016-12-02,760
2016-12-03,0.0
2016-12-04,775
2016-12-05,725
2016-12-06,0.0
2016-12-07,0.0
2016-12-08,700
2016-12-09,0.0
2016-12-10,0.0
2016-12-11,0.0
2016-12-12,0.0
2016-12-13,450
2016-12-14,450
2016-12-15,450
2016-12-16,0.0
2016-12-17,0.0
2016-12-18,0.0
2016-12-19,0.0
2016-12-20,0.0
2016-12-21,0.0
2016-12-22,0.0
2016-12-23,0.0
2016-12-24,0.0
2016-12-25,0.0
2016-12-26,0.0
2016-12-27,0.0
2016-12-28,0.0
2016-12-29,0.0
2016-12-30,650
2016-12-31,0.0
2017-01-01,0.0
2017-01-02,0.0
2017-01-03,0.0
2017-01-04,0.0
2017-01-05,0.0
2017-01-06,0.0
2017-01-07,0.0
2017-01-08,1250
2017-01-09,1700
2017-01-10,0.0
2017-01-11,2931
2017-01-12,0.0
2017-01-13,0.0
2017-01-14,0.0
2017-01-15,0.0
2017-01-16,0.0
2017-01-17,0.0
2017-01-18,0.0
2017-01-19,0.0
2017-01-20,0.0
2017-01-21,0.0
2017-01-22,0.0
2017-01-23,0.0
2017-01-24,0.0
2017-01-25,0.0
2017-01-26,0.0
2017-01-27,0.0
2017-01-28,0.0
2017-01-29,0.0
2017-01-30,0.0
2017-01-31,0.0
2017-02-01,0.0
2017-02-02,0.0
2017-02-03,0.0
2017-02-04,0.0
2017-02-05,470
2017-02-06,0.0
2017-02-07,0.0
2017-02-08,1700
2017-02-09,0.0
2017-02-10,0.0
2017-02-11,3025
2017-02-12,0.0
2017-02-13,0.0
2017-02-14,0.0
2017-02-15,0.0
2017-02-16,0.0
2017-02-17,0.0
2017-02-18,0.0
2017-02-19,0.0
2017-02-20,0.0
2017-02-21,0.0
2017-02-22,0.0
2017-02-23,0.0
2017-02-24,0.0
2017-02-25,0.0
2017-02-26,0.0
2017-02-27,0.0
2017-02-28,0.0
2017-03-01,0.0
2017-03-02,0.0
2017-03-03,0.0
2017-03-04,575
2017-03-05,480
2017-03-06,0.0
2017-03-07,541
2017-03-08,2110
2017-03-09,0.0
2017-03-10,1610
2017-03-11,0.0
2017-03-12,0.0
2017-03-13,0.0
2017-03-14,551
2017-03-15,601
2017-03-16,550
2017-03-17,0.0
2017-03-18,0.0
2017-03-19,0.0
2017-03-20,600
2017-03-21,601
2017-03-22,640
2017-03-23,631
2017-03-24,0.0
2017-03-25,611
2017-03-26,0.0
2017-03-27,0.0
2017-03-28,0.0
2017-03-29,0.0
2017-03-30,0.0
2017-03-31,0.0
2017-04-01,0.0
2017-04-02,0.0
2017-04-03,0.0
2017-04-04,0.0
2017-04-05,470
2017-04-06,0.0
2017-04-07,0.0
2017-04-08,2160
2017-04-09,1820
2017-04-10,1800
2017-04-11,0.0
2017-04-12,0.0
2017-04-13,570
2017-04-14,0.0
2017-04-15,0.0
2017-04-16,0.0
2017-04-17,570
2017-04-18,575
2017-04-19,0.0
2017-04-20,0.0
2017-04-21,0.0
2017-04-22,0.0
2017-04-23,0.0
2017-04-24,0.0
2017-04-25,0.0
2017-04-26,0.0
2017-04-27,0.0
2017-04-28,0.0
2017-04-29,0.0
2017-04-30,0.0
2017-05-01,700
2017-05-02,0.0
2017-05-03,0.0
2017-05-04,580
2017-05-05,450
2017-05-06,0.0
2017-05-07,581
2017-05-08,0.0
2017-05-09,0.0
2017-05-10,1950
2017-05-11,0.0
2017-05-12,0.0
2017-05-13,0.0
2017-05-14,0.0
2017-05-15,500
2017-05-16,350
2017-05-17,350
2017-05-18,450
2017-05-19,501
2017-05-20,0.0
2017-05-21,0.0
2017-05-22,500
2017-05-23,450
2017-05-24,450
2017-05-25,0.0
2017-05-26,475
2017-05-27,0.0
2017-05-28,0.0
2017-05-29,480
2017-05-30,480
2017-05-31,450
2017-06-01,0.0
2017-06-02,0.0
2017-06-03,590
2017-06-04,570
2017-06-05,0.0
2017-06-06,0.0
2017-06-07,560
2017-06-08,0.0
2017-06-09,1645
2017-06-10,2020
2017-06-11,3100
2017-06-12,0.0
2017-06-13,590
2017-06-14,570
2017-06-15,540
2017-06-16,525
2017-06-17,0.0
2017-06-18,0.0
2017-06-19,550
2017-06-20,550
2017-06-21,525
2017-06-22,525
2017-06-23,581
2017-06-24,0.0
2017-06-25,0.0
2017-06-26,0.0
2017-06-27,540
2017-06-28,551
2017-06-29,550
2017-06-30,550
2017-07-01,0.0
2017-07-02,0.0
2017-07-03,585
2017-07-04,575
2017-07-05,0.0
2017-07-06,0.0
2017-07-07,565
2017-07-08,0.0
2017-07-09,1510
2017-07-10,0.0
2017-07-11,2670
2017-07-12,0.0
2017-07-13,571
2017-07-14,560
2017-07-15,0.0
2017-07-16,0.0
2017-07-17,570
2017-07-18,635
2017-07-19,720
2017-07-20,701
2017-07-21,680
2017-07-22,0.0
2017-07-23,0.0
2017-07-24,870
2017-07-25,870
2017-07-26,1000
2017-07-27,1250
2017-07-28,1350
2017-07-29,0.0
2017-07-30,0.0
2017-07-31,1340
2017-08-01,0.0
2017-08-02,0.0
2017-08-03,551
2017-08-04,0.0
2017-08-05,400
2017-08-06,0.0
2017-08-07,0.0
2017-08-08,2311
2017-08-09,1451
2017-08-10,0.0
2017-08-11,2652
2017-08-12,0.0
2017-08-13,0.0
2017-08-14,1850
2017-08-15,0.0
2017-08-16,1851
2017-08-17,0.0
2017-08-18,2200
2017-08-19,0.0
2017-08-20,0.0
2017-08-21,0.0
2017-08-22,1851
2017-08-23,1751
2017-08-24,1751
2017-08-25,0.0
2017-08-26,0.0
2017-08-27,0.0
2017-08-28,1651
2017-08-29,1751
2017-08-30,1850
2017-08-31,1900
2017-09-01,0.0
2017-09-02,0.0
2017-09-03,531
2017-09-04,0.0
2017-09-05,490
2017-09-06,0.0
2017-09-07,0.0
2017-09-08,0.0
2017-09-09,0.0
2017-09-10,2510
2017-09-11,2350
2017-09-12,0.0
2017-09-13,1430
2017-09-14,1000
2017-09-15,0.0
2017-09-16,0.0
2017-09-17,0.0
2017-09-18,0.0
2017-09-19,1360
2017-09-20,0.0
2017-09-21,1720
2017-09-22,1620
2017-09-23,0.0
2017-09-24,0.0
2017-09-25,0.0
2017-09-26,1500
2017-09-27,1430
2017-09-28,1451
2017-09-29,1451
2017-09-30,0.0
2017-10-01,0.0
2017-10-02,0.0
2017-10-03,531
2017-10-04,575
2017-10-05,0.0
2017-10-06,0.0
2017-10-07,611
2017-10-08,2450
2017-10-09,0.0
2017-10-10,2250
2017-10-11,2700
2017-10-12,0.0
2017-10-13,1961
2017-10-14,0.0
2017-10-15,0.0
2017-10-16,2351
2017-10-17,0.0
2017-10-18,0.0
2017-10-19,0.0
2017-10-20,0.0
2017-10-21,0.0
2017-10-22,0.0
2017-10-23,2900
2017-10-24,2770
2017-10-25,2560
2017-10-26,2425
2017-10-27,2471
2017-10-28,0.0
2017-10-29,0.0
2017-10-30,2661
2017-10-31,2632
2017-11-01,0.0
2017-11-02,0.0
2017-11-03,0.0
2017-11-04,570
2017-11-05,450
2017-11-06,0.0
2017-11-07,615
2017-11-08,2100
2017-11-09,1570
2017-11-10,2460
2017-11-11,0.0
2017-11-12,0.0
2017-11-13,2491
2017-11-14,2701
2017-11-15,3151
2017-11-16,3245
2017-11-17,3400
2017-11-18,0.0
2017-11-19,0.0
2017-11-20,3300
2017-11-21,3200
2017-11-22,0.0
2017-11-23,4060
2017-11-24,0.0
2017-11-25,4000
2017-11-26,0.0
2017-11-27,3651
2017-11-28,3701
2017-11-29,3551
2017-11-30,3000
2017-12-01,0.0
2017-12-02,0.0
2017-12-03,0.0
2017-12-04,570
2017-12-05,400
2017-12-06,570
2017-12-07,585
2017-12-08,2200
2017-12-09,1500
2017-12-10,2401
2017-12-11,0.0
2017-12-12,0.0
2017-12-13,0.0
2017-12-14,0.0
2017-12-15,0.0
2017-12-16,0.0
2017-12-17,0.0
2017-12-18,0.0
2017-12-19,0.0
2017-12-20,0.0
2017-12-21,0.0
2017-12-22,0.0
2017-12-23,0.0
2017-12-24,0.0
2017-12-25,0.0
2017-12-26,0.0
2017-12-27,0.0
2017-12-28,0.0
2017-12-29,0.0
2017-12-30,0.0
2017-12-31,0.0
2018-01-01,0.0
2018-01-02,1551
2018-01-03,0.0
2018-01-04,0.0
2018-01-05,0.0
2018-01-06,830
2018-01-07,0.0
2018-01-08,1030
2018-01-09,780
2018-01-10,875
2018-01-11,951
2018-01-12,280
2018-01-13,0.0
2018-01-14,0.0
2018-01-15,0.0
2018-01-16,0.0
2018-01-17,0.0
2018-01-18,0.0
2018-01-19,0.0
2018-01-20,0.0
2018-01-21,0.0
2018-01-22,0.0
2018-01-23,0.0
2018-01-24,0.0
2018-01-25,0.0
2018-01-26,0.0
2018-01-27,0.0
2018-01-28,0.0
2018-01-29,0.0
2018-01-30,0.0
2018-01-31,0.0
2018-02-01,0.0
2018-02-02,0.0
2018-02-03,0.0
2018-02-04,0.0
2018-02-05,720
2018-02-06,0.0
2018-02-07,1351
2018-02-08,1051
2018-02-09,0.0
2018-02-10,0.0
2018-02-11,0.0
2018-02-12,0.0
2018-02-13,0.0
2018-02-14,0.0
2018-02-15,0.0
2018-02-16,1600
2018-02-17,0.0
2018-02-18,0.0
2018-02-19,1551
2018-02-20,1560
2018-02-21,1551
2018-02-22,1400
2018-02-23,1400
2018-02-24,0.0
2018-02-25,0.0
2018-02-26,1041
2018-02-27,961
2018-02-28,1001
2018-03-01,0.0
2018-03-02,0.0
2018-03-03,0.0
2018-03-04,0.0
2018-03-05,680
2018-03-06,0.0
2018-03-07,1301
2018-03-08,1060
2018-03-09,0.0
2018-03-10,870
2018-03-11,0.0
2018-03-12,351
2018-03-13,751
2018-03-14,780
2018-03-15,775
2018-03-16,770
2018-03-17,0.0
2018-03-18,0.0
2018-03-19,751
2018-03-20,770
2018-03-21,770
2018-03-22,840
2018-03-23,860
2018-03-24,0.0
2018-03-25,0.0
2018-03-26,810
2018-03-27,0.0
2018-03-28,0.0
2018-03-29,0.0
2018-03-30,0.0
2018-03-31,0.0
2018-04-01,0.0
2018-04-02,0.0
2018-04-03,0.0
2018-04-04,700
2018-04-05,670
2018-04-06,851
2018-04-07,1201
2018-04-08,1030
2018-04-09,770
2018-04-10,960
2018-04-11,0.0
2018-04-12,340
2018-04-13,630
2018-04-14,0.0
2018-04-15,0.0
2018-04-16,0.0
2018-04-17,610
2018-04-18,600
2018-04-19,620
2018-04-20,0.0
2018-04-21,0.0
2018-04-22,0.0
2018-04-23,675
2018-04-24,0.0
2018-04-25,400
2018-04-26,680
2018-04-27,675
2018-04-28,0.0
2018-04-29,0.0
2018-04-30,740
2018-05-01,0.0
2018-05-02,0.0
2018-05-03,1075
2018-05-04,775
2018-05-05,0.0
2018-05-06,851
2018-05-07,1250
2018-05-08,0.0
2018-05-09,775
2018-05-10,901
2018-05-11,0.0
2018-05-12,360
2018-05-13,0.0
2018-05-14,670
2018-05-15,0.0
2018-05-16,640
2018-05-17,600
2018-05-18,601
2018-05-19,0.0
2018-05-20,0.0
2018-05-21,710
2018-05-22,720
2018-05-23,750
2018-05-24,720
2018-05-25,751
2018-05-26,0.0
2018-05-27,0.0
2018-05-28,751
2018-05-29,790
2018-05-30,780
2018-05-31,820
2018-06-01,0.0
2018-06-02,0.0
2018-06-03,0.0
2018-06-04,700
2018-06-05,0.0
2018-06-06,751
2018-06-07,1220
2018-06-08,1030
2018-06-09,0.0
2018-06-10,860
2018-06-11,0.0
2018-06-12,0.0
2018-06-13,0.0
2018-06-14,851
2018-06-15,951
2018-06-16,0.0
2018-06-17,0.0
2018-06-18,921
2018-06-19,1100
2018-06-20,1090
2018-06-21,1251
2018-06-22,1200
2018-06-23,0.0
2018-06-24,0.0
2018-06-25,1050
2018-06-26,1130
2018-06-27,1151
2018-06-28,1150
2018-06-29,0.0
2018-06-30,1125
2018-07-01,0.0
2018-07-02,0.0
2018-07-03,900
2018-07-04,0.0
2018-07-05,650
2018-07-06,801
2018-07-07,1240
2018-07-08,960
2018-07-09,751
2018-07-10,0.0
2018-07-11,0.0
2018-07-12,0.0
2018-07-13,0.0
2018-07-14,0.0
2018-07-15,0.0
2018-07-16,1130
2018-07-17,1070
2018-07-18,1060
2018-07-19,1090
2018-07-20,1110
2018-07-21,0.0
2018-07-22,0.0
2018-07-23,0.0
2018-07-24,0.0
2018-07-25,1110
2018-07-26,0.0
2018-07-27,0.0
2018-07-28,0.0
2018-07-29,1101
2018-07-30,1050
2018-07-31,1001
2018-08-01,0.0
2018-08-02,0.0
2018-08-03,860
2018-08-04,0.0
2018-08-05,670
2018-08-06,830
2018-08-07,0.0
2018-08-08,930
2018-08-09,801
2018-08-10,840
2018-08-11,0.0
2018-08-12,370
2018-08-13,950
2018-08-14,960
2018-08-15,0.0
2018-08-16,1020
2018-08-17,0.0
2018-08-18,1060
2018-08-19,0.0
2018-08-20,950
2018-08-21,940
2018-08-22,0.0
2018-08-23,0.0
2018-08-24,0.0
2018-08-25,920
2018-08-26,0.0
2018-08-27,870
2018-08-28,870
2018-08-29,820
2018-08-30,840
2018-08-31,820
2018-09-01,0.0
2018-09-02,0.0
2018-09-03,850
2018-09-04,680
2018-09-05,660
2018-09-06,0.0
2018-09-07,1130
2018-09-08,0.0
2018-09-09,0.0
2018-09-10,0.0
2018-09-11,0.0
2018-09-12,0.0
2018-09-13,0.0
2018-09-14,830
2018-09-15,851
2018-09-16,0.0
2018-09-17,801
2018-09-18,751
2018-09-19,725
2018-09-20,0.0
2018-09-21,701
2018-09-22,0.0
2018-09-23,0.0
2018-09-24,701
2018-09-25,0.0
2018-09-26,651
2018-09-27,680
2018-09-28,801
2018-09-29,851
2018-09-30,0.0
2018-10-01,0.0
2018-10-02,0.0
2018-10-03,870
2018-10-04,670
2018-10-05,655
2018-10-06,0.0
2018-10-07,0.0
2018-10-08,1051
2018-10-09,780
2018-10-10,1051
2018-10-11,0.0
2018-10-12,370
2018-10-13,0.0
2018-10-14,0.0
2018-10-15,1851
2018-10-16,1851
2018-10-17,2100
2018-10-18,0.0
2018-10-19,1651
2018-10-20,1501
2018-10-21,0.0
2018-10-22,1501
2018-10-23,1551
2018-10-24,1551
2018-10-25,1360
2018-10-26,0.0
2018-10-27,1251
2018-10-28,0.0
2018-10-29,1050
2018-10-30,1151
2018-10-31,1051
2018-11-01,0.0
2018-11-02,0.0
2018-11-03,0.0
2018-11-04,650
2018-11-05,660
2018-11-06,770
2018-11-07,1151
2018-11-08,0.0
2018-11-09,0.0
2018-11-10,1230
2018-11-11,0.0
2018-11-12,370
2018-11-13,851
2018-11-14,801
2018-11-15,700
2018-11-16,501
2018-11-17,0.0
2018-11-18,0.0
2018-11-19,551
2018-11-20,575
2018-11-21,0.0
2018-11-22,0.0
2018-11-23,300
2018-11-24,0.0
2018-11-25,0.0
2018-11-26,451
2018-11-27,0.0
2018-11-28,351
2018-11-29,380
2018-11-30,350
2018-12-01,0.0
2018-12-02,0.0
2018-12-03,775
2018-12-04,640
2018-12-05,0.0
2018-12-06,840
2018-12-07,1160
2018-12-08,0.0
2018-12-09,840
2018-12-10,1201
2018-12-11,801
2018-12-12,331
2018-12-13,380
2018-12-14,351
2018-12-15,301
2018-12-16,0.0
2018-12-17,340
2018-12-18,325
2018-12-19,301
2018-12-20,250
2018-12-21,201
2018-12-22,0.0
2018-12-23,0.0
2018-12-24,170
2018-12-25,0.0
2018-12-26,190
2018-12-27,151
2018-12-28,165
2018-12-29,130
2018-12-30,0.0
2018-12-31,240
2019-01-01,240
2019-01-02,231
2019-01-03,0.0
2019-01-04,0.0
2019-01-05,0.0
2019-01-06,1200
2019-01-07,1360
2019-01-08,0.0
2019-01-09,0.0
2019-01-10,3200
2019-01-11,4551
2019-01-12,4451
2019-01-13,0.0
2019-01-14,201
2019-01-15,0.0
2019-01-16,0.0
2019-01-17,0.0
2019-01-18,220
2019-01-19,270
2019-01-20,0.0
2019-01-21,225
2019-01-22,275
2019-01-23,220
2019-01-24,0.0
2019-01-25,190
2019-01-26,0.0
2019-01-27,0.0
2019-01-28,200
2019-01-29,220
2019-01-30,277
2019-01-31,271
2019-02-01,201
2019-02-02,181
2019-02-03,0.0
2019-02-04,581
2019-02-05,860
2019-02-06,0.0
2019-02-07,0.0
2019-02-08,1320
2019-02-09,0.0
2019-02-10,0.0
2019-02-11,4901
2019-02-12,0.0
2019-02-13,0.0
2019-02-14,0.0
2019-02-15,0.0
2019-02-16,0.0
2019-02-17,0.0
2019-02-18,0.0
2019-02-19,0.0
2019-02-20,0.0
2019-02-21,401
2019-02-22,0.0
2019-02-23,0.0
2019-02-24,0.0
2019-02-25,0.0
2019-02-26,0.0
2019-02-27,0.0
2019-02-28,0.0
2019-03-01,160
2019-03-02,0.0
2019-03-03,0.0
2019-03-04,920
2019-03-05,801
2019-03-06,0.0
2019-03-07,1351
2019-03-08,1301
2019-03-09,0.0
2019-03-10,2651
2019-03-11,0.0
2019-03-12,0.0
2019-03-13,740
2019-03-14,680
2019-03-15,650
2019-03-16,601
2019-03-17,0.0
2019-03-18,650
2019-03-19,751
2019-03-20,751
2019-03-21,0.0
2019-03-22,825
2019-03-23,0.0
2019-03-24,0.0
2019-03-25,0.0
2019-03-26,0.0
2019-03-27,0.0
2019-03-28,0.0
2019-03-29,0.0
2019-03-30,0.0
2019-03-31,0.0
2019-04-01,180
2019-04-02,0.0
2019-04-03,0.0
2019-04-04,901
2019-04-05,0.0
2019-04-06,1151
2019-04-07,1320
2019-04-08,0.0
2019-04-09,2380
2019-04-10,2801
2019-04-11,5501
2019-04-12,0.0
2019-04-13,0.0
2019-04-14,0.0
2019-04-15,871
2019-04-16,871
2019-04-17,0.0
2019-04-18,920
2019-04-19,0.0
2019-04-20,925
2019-04-21,0.0
2019-04-22,920
2019-04-23,880
2019-04-24,851
2019-04-25,801
2019-04-26,780
2019-04-27,0.0
2019-04-28,0.0
2019-04-29,0.0
2019-04-30,851
2019-05-01,0.0
2019-05-02,230
2019-05-03,0.0
2019-05-04,0.0
2019-05-05,0.0
2019-05-06,0.0
2019-05-07,1280
2019-05-08,0.0
2019-05-09,2450
2019-05-10,0.0
2019-05-11,4500
2019-05-12,0.0
2019-05-13,870
2019-05-14,901
2019-05-15,920
2019-05-16,0.0
2019-05-17,0.0
2019-05-18,0.0
2019-05-19,0.0
2019-05-20,0.0
2019-05-21,960
2019-05-22,1001
2019-05-23,1101
2019-05-24,0.0
2019-05-25,1125
2019-05-26,0.0
2019-05-27,1151
2019-05-28,1101
2019-05-29,1120
2019-05-30,1101
2019-05-31,1110
2019-06-01,0.0
2019-06-02,260
2019-06-03,0.0
2019-06-04,0.0
2019-06-05,860
2019-06-06,1200
2019-06-07,0.0
2019-06-08,1480
2019-06-09,2401
2019-06-10,0.0
2019-06-11,4451
2019-06-12,0.0
2019-06-13,1320
2019-06-14,1280
2019-06-15,1260
2019-06-16,0.0
2019-06-17,1220
2019-06-18,1250
2019-06-19,1160
2019-06-20,1210
2019-06-21,1220
2019-06-22,0.0
2019-06-23,0.0
2019-06-24,1201
2019-06-25,1230
2019-06-26,1240
2019-06-27,1225
2019-06-28,1280
2019-06-29,1241
2019-06-30,0.0
2019-07-01,212
2019-07-02,0.0
2019-07-03,0.0
2019-07-04,0.0
2019-07-05,840
2019-07-06,1151
2019-07-07,0.0
2019-07-08,1320
2019-07-09,2525
2019-07-10,3700
2019-07-11,4501
2019-07-12,0.0
2019-07-13,0.0
2019-07-14,0.0
2019-07-15,1201
2019-07-16,0.0
2019-07-17,1200
2019-07-18,1201
2019-07-19,1151
2019-07-20,1160
2019-07-21,0.0
2019-07-22,1151
2019-07-23,1180
2019-07-24,1225
2019-07-25,0.0
2019-07-26,1220
2019-07-27,0.0
2019-07-28,0.0
2019-07-29,1225
2019-07-30,1201
2019-07-31,1251
2019-08-01,225
2019-08-02,0.0
2019-08-03,0.0
2019-08-04,875
2019-08-05,801
2019-08-06,0.0
2019-08-07,1335
2019-08-08,1351
2019-08-09,0.0
2019-08-10,0.0
2019-08-11,0.0
2019-08-12,0.0
2019-08-13,1435
2019-08-14,1670
2019-08-15,0.0
2019-08-16,1800
2019-08-17,0.0
2019-08-18,0.0
2019-08-19,1901
2019-08-20,2051
2019-08-21,2351
2019-08-22,2301
2019-08-23,2251
2019-08-24,0.0
2019-08-25,0.0
2019-08-26,2381
2019-08-27,0.0
2019-08-28,2650
2019-08-29,2551
2019-08-30,0.0
2019-08-31,2351
2019-09-01,222
2019-09-02,0.0
2019-09-03,0.0
2019-09-04,851
2019-09-05,890
2019-09-06,0.0
2019-09-07,1251
2019-09-08,1401
2019-09-09,2551
2019-09-10,3551
2019-09-11,4740
2019-09-12,0.0
2019-09-13,2851
2019-09-14,0.0
2019-09-15,0.0
2019-09-16,3201
2019-09-17,3301
2019-09-18,3501
2019-09-19,4001
2019-09-20,4000
2019-09-21,4100
2019-09-22,0.0
2019-09-23,4000
2019-09-24,4000
2019-09-25,0.0
2019-09-26,3351
2019-09-27,3600
2019-09-28,0.0
2019-09-29,0.0
2019-09-30,3000
2019-10-01,185
2019-10-02,0.0
2019-10-03,0.0
2019-10-04,840
2019-10-05,901
2019-10-06,1301
2019-10-07,1200
2019-10-08,0.0
2019-10-09,2580
2019-10-10,3401
2019-10-11,0.0
2019-10-12,0.0
2019-10-13,0.0
2019-10-14,2851
2019-10-15,2801
2019-10-16,2700
2019-10-17,2501
2019-10-18,2400
2019-10-19,2580
2019-10-20,0.0
2019-10-21,0.0
2019-10-22,3560
2019-10-23,3501
2019-10-24,3350
2019-10-25,0.0
2019-10-26,0.0
2019-10-27,0.0
2019-10-28,0.0
2019-10-29,0.0
2019-10-30,3900
2019-10-31,4100
2019-11-01,260
2019-11-02,0.0
2019-11-03,801
2019-11-04,880
2019-11-05,0.0
2019-11-06,1320
2019-11-07,1315
2019-11-08,0.0
2019-11-09,2650
2019-11-10,3100
2019-11-11,5200
2019-11-12,0.0
2019-11-13,4601
2019-11-14,4701
2019-11-15,5051
2019-11-16,4740
2019-11-17,0.0
2019-11-18,4320
2019-11-19,5551
2019-11-20,5875
2019-11-21,6451
2019-11-22,7012
2019-11-23,0.0
2019-11-24,0.0
2019-11-25,7051
2019-11-26,0.0
2019-11-27,5701
2019-11-28,3700
2019-11-29,0.0
2019-11-30,0.0
2019-12-01,0.0
2019-12-02,0.0
2019-12-03,800
2019-12-04,875
2019-12-05,0.0
2019-12-06,1201
2019-12-07,0.0
2019-12-08,0.0
2019-12-09,0.0
2019-12-10,0.0
2019-12-11,0.0
2019-12-12,6301
2019-12-13,0.0
2019-12-14,0.0
2019-12-15,0.0
2019-12-16,0.0
2019-12-17,0.0
2019-12-18,0.0
2019-12-19,0.0
2019-12-20,5000
2019-12-21,0.0
2019-12-22,0.0
2019-12-23,0.0
2019-12-24,0.0
2019-12-25,0.0
2019-12-26,0.0
2019-12-27,0.0
2019-12-28,0.0
2019-12-29,0.0
2019-12-30,0.0
2019-12-31,0.0
