,-1,,NR,2nd Sort,1400,1900,1400
,-1,,NR,2nd Sort,1500,1800,1800
,-1,,NR,2nd Sort,1500,2400,2400
,-1,,NR,2nd Sort,1500,2400,2400
,-1,,NR,2nd Sort,1500,2800,1500
,-1,,NR,2nd Sort,1600,2000,2000
,-1,,NR,2nd Sort,2000,2800,2000
,-1,,NR,2nd Sort,2000,2800,2000
,-1,,NR,2nd Sort,2000,2800,2800
,-1,,NR,2nd Sort,2000,2800,2800
,-1,,NR,2nd Sort,2000,3400,3400
,-1,,NR,2nd Sort,2500,3700,2500
,-1,,NR,2nd Sort,2500,3700,3700
,-1,,NR,2nd Sort,800,1100,1100
,-1,,NR,2nd Sort,800,1300,1300
,-1,,NR,2nd Sort,900,1400,1400
,-1,,NR,Other,1000,1800,1800
,-1,,NR,Other,1000,1800,1800
,-1,,NR,Other,1000,1800,1800
,-1,,NR,Other,1000,1800,1800
,-1,,NR,Other,2000,5500,3500
,-1,,NR,Other,300,1400,1400
,-1,,NR,Other,300,700,700
,-1,,NR,Other,300,700,700
,-1,,NR,Other,300,700,700
,-1,,NR,Other,400,1400,1400
,-1,,NR,Other,500,1300,1300
,-1,,NR,Other,500,1700,1700
,-1,,NR,Other,500,1900,1900
,-1,,NR,Other,500,2400,2400
,-1,,NR,Other,500,2400,2400
,-1,,NR,Other,600,1400,1400
,-1,,NR,Other,800,1600,1600
,138,,NR,Red,1000,3500,1150
,138,,NR,Red,1800,2500,2100
,146,,NR,Red,1500,4342,3200
,147,,NR,White,1000,2025,1800
,147,,NR,White,1000,2086,1500
,147,,NR,White,1000,2120,1500
,147,,NR,White,1000,2121,1500
,147,,NR,White,1000,3200,2400
,147,,NR,White,1000,3290,2600
,147,,NR,White,1000,3300,2500
,147,,NR,White,1000,3500,2800
,147,,NR,White,1000,3791,3000
,147,,NR,White,1100,2430,2000
,147,,NR,White,1100,2500,2100
,147,,NR,White,1100,2534,2200
,147,,NR,White,1100,2600,2200
,147,,NR,White,1100,2671,2100
,147,,NR,White,1100,2800,2300
,147,,NR,White,1150,2710,2100
,147,,NR,White,1200,2691,2400
,147,,NR,White,1200,2750,2400
,147,,NR,White,1500,2400,2200
,147,,NR,White,1500,3371,2700
,147,,NR,White,700,3920,3000
,147,,NR,White,800,1360,1100
,147,,NR,White,800,1479,1200
,147,,NR,White,800,1491,1200
,147,,NR,White,800,1496,1200
,147,,NR,White,800,1669,1400
,147,,NR,White,800,1681,1300
,147,,NR,White,800,1700,1300
,147,,NR,White,800,1811,1500
,147,,NR,White,800,1900,1550
,379,,NR,White,1000,2500,2125
,379,,NR,White,1000,2500,2125
,379,,NR,White,1000,2800,2350
,379,,NR,White,1000,2800,2350
,379,,NR,White,1200,2500,2175
,379,,NR,White,1400,2500,2225
,379,,NR,White,1500,2000,1875
,379,,NR,White,1500,2400,2175
,379,,NR,White,1500,2800,2475
,379,,NR,White,1500,3000,2625
,379,,NR,White,1500,3000,2625
,379,,NR,White,1500,3000,2625
,379,,NR,White,1500,3500,3000
,379,,NR,White,1500,3500,3000
,379,,NR,White,1500,4000,3375
,379,,NR,White,1500,4000,3375
,379,,NR,White,1500,4500,3750
,379,,NR,White,1600,2300,2125
,379,,NR,White,1800,4000,3450
,379,,NR,White,1800,4200,3600
,379,,NR,White,2000,4000,3500
,379,,NR,White,2000,4500,3875
,379,,NR,White,2000,5000,4250
,379,,NR,White,2200,6000,5050
,379,,NR,White,2400,6000,5100
,471,,NR,White,1000,3100,2050
,471,,NR,White,1200,3500,2000
,471,,NR,White,300,1250,850
,471,,NR,White,400,1250,800
,471,,NR,White,400,1500,950
,471,,NR,White,400,1500,950
,471,,NR,White,500,1500,1000
,471,,NR,White,500,1500,1000
,471,,NR,White,500,1750,1125
,471,,NR,White,550,2200,1400
,471,,NR,White,600,1500,1050
,471,,NR,White,600,2500,1550
,471,,NR,White,700,2500,1600
,471,,NR,White,700,2600,1650
,471,,NR,White,700,2625,1650
,471,,NR,White,700,2650,1575
,471,,NR,White,700,2700,1700
,471,,NR,White,700,2700,1700
,471,,NR,White,700,2800,1750
,471,,NR,White,700,2800,1800
,471,,NR,White,700,2875,1785
,471,,NR,White,800,2700,1750
,471,,NR,White,800,2750,1775
,471,,NR,White,800,3000,1900
,471,,NR,White,800,3000,1900
,471,,NR,White,800,3000,1900
,471,,NR,White,800,3750,2275
,471,,NR,White,800,4000,2400
,471,,NR,White,800,4000,2400
,471,,NR,White,900,3750,2300
,471,,NR,White,900,3750,2300
,471,,NR,White,900,3750,2325
,675,,NR,White,250,3700,2600
2020-01-01,-1,48,NR,Red,2910,5620,4520
2020-01-01,-1,7,NR,Other,300,6000,4500
2020-01-01,138,33,NR,Local,5000,6500,5750
2020-01-01,139,896,NR,Red,1000,4516,3800
2020-01-01,140,396,NR,Red,2000,5005,4000
2020-01-01,142,276,NR,Red,2500,5675,3550
2020-01-01,145,244,NR,Other,1500,6000,3500
2020-01-01,146,1803,NR,Red,1051,4600,3801
2020-01-01,147,50,NR,Red,1000,4600,3400
2020-01-01,149,441,NR,Red,500,5100,3250
2020-01-01,150,139,NR,Other,2000,5200,3500
2020-01-01,154,142,NR,Red,500,4181,3100
2020-01-01,156,1,NR,Local,3000,6000,4500
2020-01-01,159,306,NR,Red,1250,4450,3850
2020-01-01,161,2959,NR,Red,100,5500,2500
2020-01-01,162,653,NR,Other,4500,6500,5500
2020-01-01,163,1033,NR,Red,700,4444,3400
2020-01-01,378,640,NR,Other,2000,5000,3500
2020-01-01,379,79,NR,Red,2500,6000,2875
2020-01-01,382,4,NR,Red,1500,5255,4800
2020-01-01,426,2573,NR,Red,1000,4500,3000
2020-01-01,427,1323,NR,Local,1500,5000,3000
2020-01-01,471,35,NR,Red,1000,3750,2375
2020-01-01,472,15,NR,Other,4000,7000,7000
2020-01-01,474,134,NR,Red,2000,4300,3900
2020-01-01,500,22,NR,White,4000,6500,6000
2020-01-01,504,4,NR,Other,400,5001,3501
2020-01-01,506,950,NR,Red,1200,4766,3800
2020-01-01,540,1191,NR,Red,500,5500,4000
2020-01-01,675,169,NR,Red,200,4150,3600
2020-01-01,685,1709,NR,Pole,1000,4951,3341
2020-01-01,838,1,NR,Local,4500,5500,5000
2020-01-01,897,4,NR,Red,1512,3511,3050
2020-01-01,937,77,NR,Red,500,6500,3000
2020-01-02,-1,1,NR,Other,7000,8000,7500
2020-01-02,-1,10,NR,1st Sort,3000,4000,3000
2020-01-02,-1,48,NR,Red,2950,5640,4510
2020-01-02,1029,23,NR,Other,800,4000,2300
2020-01-02,1041,1,NR,Other,1750,5000,4000
2020-01-02,1068,109,NR,Red,200,4500,2400
2020-01-02,139,1230,NR,Red,1000,4500,4100
2020-01-02,140,383,NR,Red,2000,5005,4000
2020-01-02,1412,56,NR,Other,1000,4500,2790
2020-01-02,142,192,NR,Red,3000,5640,4750
2020-01-02,144,95,NR,Red,2100,5300,4850
2020-01-02,145,288,NR,Other,1000,5000,3000
2020-01-02,146,1789,NR,Red,1200,5031,4351
2020-01-02,147,30,NR,Red,900,4351,3400
2020-01-02,149,483,NR,Red,250,4399,3200
2020-01-02,150,120,NR,Pole,1500,5000,3500
2020-01-02,156,1,NR,Local,3000,5000,4000
2020-01-02,159,300,NR,Red,1150,4815,3850
2020-01-02,161,3202,NR,Red,100,5000,2500
2020-01-02,162,709,NR,Other,3500,5500,4500
2020-01-02,163,574,NR,Red,1000,4472,3700
2020-01-02,379,120,NR,Red,2500,6000,5125
2020-01-02,380,55,NR,Red,200,5500,3500
2020-01-02,422,4,NR,Red,800,4501,2375
2020-01-02,423,25,NR,Other,1500,4600,4000
2020-01-02,427,1621,NR,Local,1500,4800,3200
2020-01-02,429,781,NR,Red,1000,6200,3600
2020-01-02,430,16,NR,Other,1500,4500,3000
2020-01-02,471,34,NR,Red,1000,4375,2650
2020-01-02,472,15,NR,Other,4000,7500,7500
2020-01-02,474,92,NR,Red,1500,4629,4300
2020-01-02,477,1145,NR,Red,500,4500,3000
2020-01-02,500,14,NR,White,5000,7000,6000
2020-01-02,505,54,NR,Other,700,4600,3300
2020-01-02,506,1050,NR,Red,1000,4490,3700
2020-01-02,602,187,NR,Other,1250,4800,2550
2020-01-02,675,194,NR,Red,200,7150,4150
2020-01-02,685,1517,NR,Pole,1000,5030,3901
2020-01-02,793,33,NR,Red,2500,10000,4500
2020-01-02,799,8,NR,Local,1100,3375,2200
2020-01-02,838,1,NR,Local,2200,4500,3350
2020-01-02,862,51,NR,Red,1675,4000,3001
2020-01-02,897,46,NR,Red,900,5100,2350
2020-01-03,-1,32,NR,Red,2750,5300,4000
2020-01-03,-1,8,NR,Other,500,5000,3900
2020-01-03,138,66,NR,Local,4000,5000,4500
2020-01-03,139,924,NR,Red,1000,4600,4100
2020-01-03,140,367,NR,Red,2000,5010,4005
2020-01-03,142,264,NR,Red,3100,5601,4400
2020-01-03,144,120,NR,Red,2100,5040,4600
2020-01-03,145,242,NR,Other,1000,4000,3000
2020-01-03,146,2029,NR,Red,1200,4799,4251
2020-01-03,147,22,NR,Red,850,4550,3800
2020-01-03,149,545,NR,Red,400,4211,3150
2020-01-03,153,13,NR,Red,500,4200,2500
2020-01-03,154,138,NR,Red,500,4179,3300
2020-01-03,156,1,NR,Local,2000,4000,3000
2020-01-03,157,459,NR,Red,500,4500,3500
2020-01-03,159,300,NR,Red,1150,4450,3650
2020-01-03,161,3331,NR,Red,100,5000,2300
2020-01-03,162,726,NR,Other,3800,5000,4500
2020-01-03,163,1071,NR,Red,1000,4601,3800
2020-01-03,427,2300,NR,Local,1000,4500,3000
2020-01-03,428,1242,NR,Red,500,4300,2900
2020-01-03,471,44,NR,Red,1000,4525,2760
2020-01-03,474,27,NR,Red,1601,4601,4200
2020-01-03,500,61,NR,White,5000,7000,6000
2020-01-03,506,1550,NR,Red,1251,4716,4170
2020-01-03,540,982,NR,Red,500,5100,3800
2020-01-03,675,210,NR,Red,200,4700,3700
2020-01-03,685,1583,NR,Pole,1200,5002,3855
2020-01-03,720,1,NR,Red,500,3495,1805
2020-01-03,799,9,NR,Local,1175,3375,2825
2020-01-03,838,1,NR,Local,2250,4300,3250
2020-01-03,862,4,NR,Red,3101,3501,3351
2020-01-03,930,1063,NR,Other,3700,5700,4700
2020-01-03,937,90,NR,Red,500,5100,2800
2020-01-04,-1,32,NR,Red,2730,5300,4000
2020-01-04,-1,5,NR,1st Sort,3000,5000,3000
2020-01-04,138,45,NR,Local,4000,5000,4500
2020-01-04,139,1000,NR,Red,1000,4401,3850
2020-01-04,1412,69,NR,Other,2000,3500,2750
2020-01-04,142,179,NR,Red,2800,4900,4000
2020-01-04,145,368,NR,Other,1000,4000,3000
2020-01-04,146,945,NR,Red,1400,4575,4000
2020-01-04,147,18,NR,Red,900,4273,3800
2020-01-04,149,92,NR,Red,500,4402,3300
2020-01-04,150,188,NR,Pole,1500,5200,3500
2020-01-04,154,121,NR,Red,500,4115,2850
2020-01-04,155,6,NR,Local,1200,4500,2800
2020-01-04,156,1,NR,Local,1600,2500,2050
2020-01-04,161,4005,NR,Red,200,5000,2500
2020-01-04,162,917,NR,Other,4000,5000,4500
2020-01-04,163,512,NR,Red,600,4260,3400
2020-01-04,375,4168,NR,Red,500,5500,4600
2020-01-04,378,620,NR,Other,2000,4600,3500
2020-01-04,379,101,NR,Red,2000,6000,5000
2020-01-04,380,79,NR,Red,200,4500,3000
2020-01-04,382,21,NR,Red,400,6700,4000
2020-01-04,426,2577,NR,Red,1000,4500,3000
2020-01-04,470,8,NR,Other,250,4100,2025
2020-01-04,471,32,NR,Red,1000,4625,2800
2020-01-04,472,10,NR,Other,2000,2600,2600
2020-01-04,474,122,NR,Red,1401,4420,4000
2020-01-04,477,722,NR,Red,500,5000,3800
2020-01-04,675,235,NR,Red,100,4200,3000
2020-01-04,685,971,NR,Pole,1300,4667,3715
2020-01-04,897,23,NR,Red,800,4600,2750
2020-01-04,905,25,NR,Local,200,5500,2850
2020-01-05,-1,80,NR,Red,2620,5100,3700
2020-01-05,138,39,NR,Local,4000,5000,4500
2020-01-05,1412,74,NR,Other,1800,4300,3050
2020-01-05,153,7,NR,Red,1000,4000,2500
2020-01-05,157,326,NR,Red,500,4500,3500
2020-01-05,423,88,NR,Other,2500,4500,4000
2020-01-05,424,351,NR,Other,2000,5000,4500
2020-01-05,427,2389,NR,Local,1500,4500,3200
2020-01-05,428,402,NR,Red,1000,4500,3500
2020-01-05,429,751,NR,Red,1000,5011,3005
2020-01-05,430,37,NR,Other,1500,4500,3000
2020-01-05,472,10,NR,Other,3500,5000,5000
2020-01-05,540,1127,NR,Red,500,5500,4000
2020-01-05,602,333,NR,Other,2500,5000,3100
2020-01-05,862,65,NR,Other,2000,4600,3725
2020-01-06,-1,31,NR,Other,500,5735,4100
2020-01-06,-1,32,NR,Red,2620,5100,3650
2020-01-06,-1,9,NR,1st Sort,3800,5100,3800
2020-01-06,1024,420,NR,Red,1101,4400,2960
2020-01-06,1029,35,NR,Other,1000,4000,2500
2020-01-06,1068,122,NR,Red,500,5201,2000
2020-01-06,1296,27,NR,Local,1000,6000,4000
2020-01-06,138,39,NR,Local,4000,5000,4500
2020-01-06,140,365,NR,Red,2000,5305,4300
2020-01-06,1412,65,NR,Other,1700,4100,2900
2020-01-06,142,260,NR,Red,3751,5255,4450
2020-01-06,144,140,NR,Other,2150,5050,4751
2020-01-06,145,250,NR,Other,1000,5000,3000
2020-01-06,146,1000,NR,,NR,NR,NR
2020-01-06,147,580,NR,Red,950,4522,4000
2020-01-06,149,448,NR,Red,500,4551,3450
2020-01-06,150,135,NR,Pole,1550,5200,3700
2020-01-06,154,114,NR,Red,500,4440,3580
2020-01-06,155,5,NR,Local,1500,4200,3000
2020-01-06,156,1,NR,Local,1000,3000,2000
2020-01-06,159,317,NR,Red,1050,4495,3795
2020-01-06,160,1058,NR,Red,500,5500,4000
2020-01-06,161,3551,NR,Red,200,6000,2900
2020-01-06,162,1147,NR,Other,4000,6000,4750
2020-01-06,163,1192,NR,Red,800,4370,3600
2020-01-06,375,3992,NR,Red,500,5500,4500
2020-01-06,379,109,NR,Red,1500,4500,3750
2020-01-06,426,1972,NR,Red,1000,4500,3000
2020-01-06,427,1746,NR,Local,1500,4500,3000
2020-01-06,470,5,NR,Other,1000,4200,2005
2020-01-06,471,18,NR,Red,1100,4375,2737
2020-01-06,474,163,NR,Red,1500,4565,4201
2020-01-06,477,721,NR,Red,500,5500,4000
2020-01-06,500,32,NR,White,4000,6000,5000
2020-01-06,504,4,NR,Other,300,5000,2550
2020-01-06,505,27,NR,Other,700,5000,3200
2020-01-06,506,1250,NR,Red,1500,4700,4000
2020-01-06,675,52,NR,Red,400,4300,3000
2020-01-06,685,1411,NR,Pole,1000,4899,3871
2020-01-06,897,79,NR,Red,1000,5200,3380
2020-01-06,937,59,NR,Red,500,5000,2200
2020-01-07,-1,1,NR,Other,2200,4200,4050
2020-01-07,-1,365,NR,Local,2000,5500,3500
2020-01-07,1024,152,NR,Red,700,4511,2801
2020-01-07,1068,9,NR,Red,1201,4601,1900
2020-01-07,138,68,NR,Local,3500,4000,3750
2020-01-07,139,1032,NR,Red,1500,4600,4100
2020-01-07,140,396,NR,Red,2000,5105,4400
2020-01-07,1412,73,NR,Other,2000,8000,3000
2020-01-07,142,120,NR,Red,4021,5231,4500
2020-01-07,144,120,NR,Red,2100,4900,4400
2020-01-07,145,244,NR,Other,1500,5000,3000
2020-01-07,146,1629,NR,Red,1301,4752,4300
2020-01-07,147,31,NR,Red,950,4500,3800
2020-01-07,149,507,NR,Red,600,4600,3500
2020-01-07,153,12,NR,Red,500,4000,3500
2020-01-07,154,124,NR,Red,500,4489,3600
2020-01-07,155,6,NR,Local,1800,4500,3000
2020-01-07,157,449,NR,Red,500,4500,3500
2020-01-07,159,347,NR,Red,1050,4870,3950
2020-01-07,160,268,NR,Red,500,4425,4050
2020-01-07,161,3718,NR,Red,200,5850,2700
2020-01-07,162,568,NR,Other,4000,5000,4500
2020-01-07,380,68,NR,Red,500,5000,3000
2020-01-07,427,1720,NR,Local,1500,4800,3000
2020-01-07,428,552,NR,Red,1000,5000,3700
2020-01-07,429,529,NR,Red,1000,5500,3250
2020-01-07,471,120,NR,Red,1000,4875,2900
2020-01-07,474,214,NR,Red,1500,4599,4000
2020-01-07,500,19,NR,White,4000,6000,5000
2020-01-07,504,6,NR,Other,300,4801,2101
2020-01-07,506,1250,NR,Red,1551,4665,3800
2020-01-07,655,72,NR,Hybrid,1000,6800,4000
2020-01-07,685,1572,NR,Pole,1200,5003,3931
2020-01-07,838,1,NR,Local,2500,4200,3350
2020-01-07,862,162,NR,Red,2001,5100,4101
2020-01-07,883,1,NR,Local,3000,7000,6000
2020-01-07,897,9,NR,Red,1400,4600,3305
2020-01-07,905,15,NR,Local,500,6000,3250
2020-01-07,930,934,NR,Other,1750,5750,3750
2020-01-08,-1,5,NR,Other,246,4500,3500
2020-01-08,1024,125,NR,Red,1200,4500,3600
2020-01-08,138,58,NR,Local,3500,4000,3750
2020-01-08,139,911,NR,Red,2000,4257,3800
2020-01-08,140,318,NR,Red,2000,4950,4100
2020-01-08,1412,53,NR,Other,1600,4400,3000
2020-01-08,142,293,NR,Red,3800,5501,4200
2020-01-08,145,247,NR,Other,1000,5000,3000
2020-01-08,146,1801,NR,Red,1200,4650,3651
2020-01-08,147,37,NR,Red,950,4350,3700
2020-01-08,149,437,NR,Red,400,4000,3100
2020-01-08,150,139,NR,Pole,1400,5000,3000
2020-01-08,154,152,NR,Red,300,4172,3300
2020-01-08,159,323,NR,Red,1050,4700,3850
2020-01-08,160,621,NR,Red,400,5100,3700
2020-01-08,161,4029,NR,Red,200,5200,2500
2020-01-08,162,750,NR,Other,4000,5000,4500
2020-01-08,163,1027,NR,Red,1000,4223,3500
2020-01-08,378,420,NR,Other,3000,5500,4000
2020-01-08,379,39,NR,Red,1500,4500,3750
2020-01-08,382,10,NR,Red,1800,4580,4000
2020-01-08,426,2149,NR,Red,1000,5000,4000
2020-01-08,427,1657,NR,Local,2000,5000,3000
2020-01-08,471,34,NR,Red,900,4750,2800
2020-01-08,474,202,NR,Red,1300,4100,3750
2020-01-08,506,1250,NR,Red,1500,4701,3800
2020-01-08,540,1292,NR,Red,500,5500,3500
2020-01-08,602,281,NR,Other,2500,5110,3050
2020-01-08,675,190,NR,Red,300,4500,3800
2020-01-08,685,1376,NR,Pole,500,4816,3575
2020-01-08,720,4,NR,Other,1500,5000,3550
2020-01-08,838,1,NR,Local,2500,4200,3350
2020-01-08,897,19,NR,Red,1900,4200,3350
2020-01-08,937,21,NR,Red,500,7000,2600
2020-01-09,-1,10,NR,1st Sort,3800,5100,3800
2020-01-09,-1,424,NR,Local,2000,5500,3500
2020-01-09,-1,48,NR,Red,2600,5000,3500
2020-01-09,1024,91,NR,Red,1000,3800,3300
2020-01-09,1029,27,NR,Other,800,4175,2300
2020-01-09,1041,4,NR,Other,600,3800,3100
2020-01-09,1068,125,NR,Red,100,4100,2000
2020-01-09,139,845,NR,Red,1000,3761,3300
2020-01-09,140,390,NR,Red,1500,4200,3600
2020-01-09,1412,88,NR,Other,1200,4300,2750
2020-01-09,142,245,NR,Red,2700,4950,3780
2020-01-09,145,220,NR,Other,1000,5000,3000
2020-01-09,146,1780,NR,Other,1500,4342,3500
2020-01-09,147,699,NR,Red,700,3890,3200
2020-01-09,149,394,NR,Red,400,3719,2900
2020-01-09,150,130,NR,Other,1300,4500,3050
2020-01-09,156,1,NR,Local,800,3500,2150
2020-01-09,159,319,NR,Red,1050,4150,3350
2020-01-09,160,223,NR,Red,500,3925,3500
2020-01-09,161,4731,NR,Red,200,5200,2350
2020-01-09,162,904,NR,Other,3800,4500,4150
2020-01-09,163,510,NR,Red,500,3500,2900
2020-01-09,375,4717,NR,Red,500,5500,4400
2020-01-09,380,47,NR,Red,400,5100,3000
2020-01-09,427,2258,NR,Local,2000,4500,3000
2020-01-09,429,530,NR,Red,1000,5211,3105
2020-01-09,430,36,NR,Other,1500,5000,3250
2020-01-09,471,20,NR,Red,800,3800,2300
2020-01-09,474,205,NR,Red,1100,3901,3400
2020-01-09,477,1111,NR,Red,500,4500,3500
2020-01-09,504,8,NR,Other,500,4001,2150
2020-01-09,505,53,NR,Other,700,3850,2800
2020-01-09,506,1050,NR,Red,1150,4000,3250
2020-01-09,602,312,NR,Other,2000,5100,3550
2020-01-09,675,145,NR,Red,300,4350,3850
2020-01-09,685,1341,NR,Pole,500,3915,2991
2020-01-09,793,35,NR,Red,1500,6600,4200
2020-01-09,799,4,NR,Local,1050,3300,3000
2020-01-09,862,252,NR,Red,2000,3600,3051
2020-01-09,883,1,NR,Local,3000,7000,6000
2020-01-09,897,101,NR,Red,1000,4700,3100
2020-01-10,-1,387,NR,Local,1700,4200,2900
2020-01-10,-1,6,NR,Other,600,5000,3550
2020-01-10,1068,5,NR,Red,200,3200,2000
2020-01-10,138,13,NR,Local,1000,4000,2500
2020-01-10,139,1000,NR,Red,1500,3280,2600
2020-01-10,140,323,NR,Red,1000,3675,3200
2020-01-10,142,265,NR,Red,2000,4380,3250
2020-01-10,144,150,NR,Red,1500,3805,3000
2020-01-10,145,296,NR,Other,1000,4200,2800
2020-01-10,146,2134,NR,Red,1000,3540,2700
2020-01-10,147,620,NR,Red,700,3200,2600
2020-01-10,149,572,NR,Red,500,3378,2500
2020-01-10,151,2,NR,Red,1600,3900,2750
2020-01-10,153,15,NR,Red,500,4000,3200
2020-01-10,154,340,NR,Red,401,3050,2300
2020-01-10,157,557,NR,Red,500,3500,2900
2020-01-10,160,688,NR,Red,400,4011,3000
2020-01-10,161,4746,NR,Red,100,4800,2200
2020-01-10,162,929,NR,Other,3700,4400,4050
2020-01-10,163,1269,NR,Red,500,3299,2700
2020-01-10,427,2237,NR,Local,1500,4000,3000
2020-01-10,428,521,NR,Red,500,4000,2900
2020-01-10,471,40,NR,Red,900,3375,2100
2020-01-10,474,198,NR,Red,1100,3500,2800
2020-01-10,506,1150,NR,Red,1101,3570,3000
2020-01-10,540,1066,NR,Red,500,4100,2500
2020-01-10,675,150,NR,Red,100,3650,2500
2020-01-10,685,1694,NR,Pole,500,3501,2711
2020-01-10,799,4,NR,Local,900,2325,2225
2020-01-10,862,111,NR,Red,1700,2911,2311
2020-01-10,897,34,NR,Red,700,2718,2000
2020-01-10,937,35,NR,Red,500,5100,2800
2020-01-11,-1,543,NR,Local,1500,4000,2500
2020-01-11,-1,9,NR,1st Sort,3500,5100,5100
2020-01-11,138,21,NR,Local,1000,4000,2500
2020-01-11,1412,58,NR,Other,1000,3500,2250
2020-01-11,142,189,NR,Red,1000,3652,2400
2020-01-11,145,404,NR,Other,1500,4000,3000
2020-01-11,147,37,NR,Red,750,2901,2400
2020-01-11,150,127,NR,Pole,1100,3250,2250
2020-01-11,161,4886,NR,Red,200,5200,2300
2020-01-11,162,980,NR,Other,3000,3800,3400
2020-01-11,163,821,NR,Red,500,2940,2500
2020-01-11,378,610,NR,Other,1500,3500,3000
2020-01-11,379,93,NR,Red,2000,4500,3875
2020-01-11,380,58,NR,Red,300,4000,3000
2020-01-11,382,20,NR,Red,350,3750,3200
2020-01-11,471,32,NR,Red,750,3200,1950
2020-01-11,675,233,NR,Red,200,3100,2000
2020-01-11,685,1035,NR,Pole,800,3340,2535
2020-01-11,897,74,NR,Red,500,4000,2200
2020-01-11,905,26,NR,Local,400,4500,2450
2020-01-12,-1,1,NR,Other,3000,4000,3500
2020-01-12,-1,1,NR,Other,6000,7000,6500
2020-01-12,-1,48,NR,Red,2500,4900,3400
2020-01-12,138,93,NR,Local,1000,4000,2500
2020-01-12,153,12,NR,Red,500,3500,2500
2020-01-12,156,2,NR,Local,1000,5000,3000
2020-01-12,157,509,NR,Red,500,3000,2500
2020-01-12,379,140,NR,Red,1500,4000,3375
2020-01-12,423,55,NR,Other,2500,4500,4000
2020-01-12,424,380,NR,Other,2000,3250,3000
2020-01-12,427,2388,NR,Local,1000,3500,2500
2020-01-12,428,550,NR,Red,500,3500,2400
2020-01-12,429,688,NR,Red,1000,3500,2250
2020-01-12,430,46,NR,Other,3500,4000,3750
2020-01-12,504,4,NR,Other,1490,3670,2580
2020-01-12,720,7,NR,Red,1700,5300,3800
2020-01-12,838,1,NR,Local,2000,3300,2650
2020-01-12,930,1122,NR,Other,500,3300,2020
2020-01-13,-1,16,NR,Other,300,4100,2500
2020-01-13,-1,20,NR,1st Sort,2000,3600,2000
2020-01-13,-1,311,NR,Local,1800,4000,2900
2020-01-13,-1,48,NR,Red,2500,4900,3400
2020-01-13,1029,39,NR,Other,700,3300,2000
2020-01-13,1068,10,NR,Red,300,3200,2200
2020-01-13,138,37,NR,Local,1000,4200,2600
2020-01-13,140,531,NR,Red,1500,3305,3100
2020-01-13,1412,71,NR,Other,750,3200,1975
2020-01-13,142,353,NR,Red,1000,3900,2800
2020-01-13,144,180,NR,Red,1500,3350,3000
2020-01-13,145,261,NR,Other,700,3500,2500
2020-01-13,146,1100,NR,Red,1500,3195,2800
2020-01-13,147,45,NR,Red,750,3200,2500
2020-01-13,149,700,NR,Red,300,3258,2400
2020-01-13,150,190,NR,Other,1250,3500,2350
2020-01-13,154,245,NR,Red,500,3269,2600
2020-01-13,156,1,NR,Local,2000,3000,2500
2020-01-13,159,299,NR,Red,950,3350,2650
2020-01-13,160,1202,NR,Red,400,4000,2700
2020-01-13,162,928,NR,Other,2800,3200,3000
2020-01-13,163,1637,NR,Red,500,3340,2700
2020-01-13,375,1078,NR,Red,300,3700,2700
2020-01-13,379,104,NR,Red,1500,3500,2250
2020-01-13,426,2345,NR,Red,500,3500,2500
2020-01-13,427,1829,NR,Local,1000,3200,2400
2020-01-13,471,32,NR,Red,750,3060,1905
2020-01-13,474,261,NR,Red,1050,3112,2751
2020-01-13,477,650,NR,Red,300,3500,2700
2020-01-13,504,5,NR,Other,300,3451,1850
2020-01-13,505,33,NR,Other,700,3200,2200
2020-01-13,506,1250,NR,Red,1100,3200,2800
2020-01-13,602,528,NR,Other,1500,3510,2675
2020-01-13,675,81,NR,Red,150,3100,2700
2020-01-13,685,1725,NR,Pole,500,3400,2751
2020-01-13,937,36,NR,Red,500,4100,1800
2020-01-14,-1,1,NR,Other,2500,3500,3000
2020-01-14,-1,221,NR,Local,1500,4000,2700
2020-01-14,-1,88,NR,Red,1800,3000,2200
2020-01-14,1024,230,NR,Red,1700,4200,3500
2020-01-14,138,41,NR,Local,1000,4000,2500
2020-01-14,139,919,NR,Red,2000,3552,3100
2020-01-14,140,540,NR,Red,2000,3950,3500
2020-01-14,1412,95,NR,Other,1200,3000,2200
2020-01-14,142,219,NR,Red,2500,3934,3321
2020-01-14,144,210,NR,Red,1700,3605,3200
2020-01-14,145,203,NR,Other,700,3700,2800
2020-01-14,146,2017,NR,Red,1200,3800,3351
2020-01-14,147,40,NR,Red,1000,3641,3000
2020-01-14,150,139,NR,Pole,1500,4000,2500
2020-01-14,153,10,NR,Red,500,3600,2900
2020-01-14,154,384,NR,Red,500,3500,2900
2020-01-14,160,301,NR,Red,500,3600,3200
2020-01-14,162,504,NR,Other,2800,3800,3300
2020-01-14,379,156,NR,Red,2000,3500,3125
2020-01-14,380,88,NR,Red,200,4000,2500
2020-01-14,427,1182,NR,Local,1500,3500,2800
2020-01-14,428,499,NR,Red,1000,4000,2900
2020-01-14,429,522,NR,Red,1000,4500,3250
2020-01-14,471,30,NR,Red,900,3500,2200
2020-01-14,474,202,NR,Red,1350,3652,3400
2020-01-14,500,15,NR,White,2500,3700,3000
2020-01-14,506,1050,NR,Red,1151,3690,3200
2020-01-14,602,288,NR,Other,1100,3800,2550
2020-01-14,655,72,NR,Hybrid,1000,4001,2800
2020-01-14,675,259,NR,Red,300,3300,2700
2020-01-14,685,1708,NR,Pole,700,3803,3155
2020-01-14,862,161,NR,Red,701,4000,3285
2020-01-14,897,12,NR,Red,1201,3901,2050
2020-01-14,905,9,NR,Local,300,4100,2200
2020-01-15,-1,120,NR,Local,2000,4500,3200
2020-01-15,-1,2,NR,Other,300,3110,2500
2020-01-15,-1,88,NR,Red,1200,2400,1800
2020-01-15,138,41,NR,Local,1000,4000,2500
2020-01-15,139,976,NR,Red,1000,3770,3450
2020-01-15,1412,40,NR,Other,800,3400,2100
2020-01-15,142,206,NR,Red,2800,4570,3550
2020-01-15,145,134,NR,Other,1000,4000,2800
2020-01-15,146,1784,NR,Red,1151,3900,3460
2020-01-15,147,22,NR,Red,900,3600,3000
2020-01-15,149,329,NR,Red,500,3700,3000
2020-01-15,150,110,NR,Other,1200,3800,2400
2020-01-15,154,168,NR,Red,500,3500,2850
2020-01-15,155,2,NR,Local,1500,4000,3200
2020-01-15,160,808,NR,Red,400,4100,3300
2020-01-15,162,380,NR,Other,3000,4000,3500
2020-01-15,382,2,NR,Red,750,3150,2500
2020-01-15,426,1942,NR,Red,1000,4500,3000
2020-01-15,427,936,NR,Local,1500,4000,3000
2020-01-15,474,128,NR,Red,1600,3501,3351
2020-01-15,506,950,NR,Red,1151,3926,3200
2020-01-15,540,752,NR,Red,500,5000,3500
2020-01-15,602,4,NR,Other,1000,3500,2465
2020-01-15,675,185,NR,Red,600,3800,3100
2020-01-15,685,1550,NR,Pole,600,4051,3041
2020-01-15,720,18,NR,Red,2000,4300,3800
2020-01-15,838,1,NR,Local,1200,2400,1800
2020-01-15,897,8,NR,Red,1451,3395,2877
2020-01-15,937,10,NR,Other,700,4500,3500
2020-01-16,-1,1,NR,Other,5000,6000,5500
2020-01-16,-1,112,NR,Red,1100,2100,1510
2020-01-16,-1,183,NR,Local,2000,4500,3200
2020-01-16,-1,8,NR,1st Sort,3000,5000,5000
2020-01-16,1029,15,NR,Other,800,4000,2400
2020-01-16,1041,2,NR,Other,300,3000,2600
2020-01-16,1068,71,NR,Red,500,4102,2000
2020-01-16,139,124,NR,Red,2000,3770,3550
2020-01-16,1412,63,NR,Other,1700,3300,2500
2020-01-16,142,119,NR,Red,2400,4570,2850
2020-01-16,147,430,NR,Red,900,3650,3250
2020-01-16,150,76,NR,Pole,1300,4100,2500
2020-01-16,155,6,NR,Local,1600,4000,3000
2020-01-16,161,1744,NR,Red,200,5000,2600
2020-01-16,162,651,NR,Other,3000,4000,3500
2020-01-16,375,3182,NR,Red,1500,5000,4100
2020-01-16,379,46,NR,Red,2000,4000,3500
2020-01-16,380,19,NR,Red,400,5000,3000
2020-01-16,427,1815,NR,Local,1500,4000,2700
2020-01-16,429,640,NR,Red,1000,4500,2750
2020-01-16,430,37,NR,Other,1000,4200,2600
2020-01-16,471,154,NR,Red,700,3627,2750
2020-01-16,474,145,NR,Red,1101,3684,3500
2020-01-16,477,412,NR,Red,500,4500,3200
2020-01-16,505,58,NR,Other,700,3750,2500
2020-01-16,602,230,NR,Other,1350,4300,2450
2020-01-16,793,18,NR,Red,1500,6320,4000
2020-01-16,862,83,NR,Red,1500,3850,3300
2020-01-16,897,71,NR,Red,1000,4500,3100
2020-01-17,-1,12,NR,Other,450,5010,3500
2020-01-17,-1,203,NR,Local,2000,4400,3200
2020-01-17,1068,5,NR,Red,1500,4100,3300
2020-01-17,138,41,NR,Local,1000,4000,2500
2020-01-17,139,1200,NR,Red,200,3700,3250
2020-01-17,140,500,NR,Red,2000,3875,3500
2020-01-17,142,273,NR,Red,2600,4500,3675
2020-01-17,145,249,NR,Other,1000,4500,3000
2020-01-17,146,2277,NR,Red,1200,3720,3451
2020-01-17,147,45,NR,Red,1000,3535,3000
2020-01-17,149,680,NR,Red,503,3617,3000
2020-01-17,150,91,NR,Pole,1250,4500,2600
2020-01-17,153,10,NR,Red,500,3500,2900
2020-01-17,154,323,NR,Red,500,3569,2820
2020-01-17,155,9,NR,Local,1500,4000,3000
2020-01-17,157,520,NR,Red,500,4000,3100
2020-01-17,159,367,NR,Red,950,4090,2950
2020-01-17,160,1100,NR,Red,500,4300,3300
2020-01-17,161,1197,NR,Red,200,5000,2700
2020-01-17,162,803,NR,Other,3000,4500,3750
2020-01-17,163,1443,NR,Red,1100,3822,3300
2020-01-17,423,20,NR,Other,2500,4000,3000
2020-01-17,424,312,NR,Other,2000,4500,3500
2020-01-17,427,1570,NR,Local,1500,4100,3200
2020-01-17,428,429,NR,Red,1000,4300,3400
2020-01-17,471,30,NR,Red,900,3625,2250
2020-01-17,474,140,NR,Red,1000,3600,3400
2020-01-17,500,14,NR,White,2000,3000,2500
2020-01-17,506,1350,NR,Red,1200,3750,3100
2020-01-17,540,981,NR,Red,500,5000,2700
2020-01-17,675,27,NR,Red,800,4050,3700
2020-01-17,685,1907,NR,Pole,600,3776,3061
2020-01-17,720,2,NR,Red,1980,4500,3630
2020-01-17,799,1,NR,Local,1200,2500,1500
2020-01-17,862,122,NR,Red,1500,3700,3400
2020-01-17,897,12,NR,Red,1100,3451,2960
2020-01-17,937,13,NR,Other,700,4500,2000
2020-01-18,-1,10,NR,1st Sort,3000,4800,3000
2020-01-18,-1,331,NR,Local,2000,5000,3500
2020-01-18,138,53,NR,Local,1000,4000,2500
2020-01-18,1412,74,NR,Other,1000,4500,2750
2020-01-18,145,243,NR,Other,1000,4500,3200
2020-01-18,146,1000,NR,Red,1500,4000,3551
2020-01-18,147,30,NR,Red,975,3853,3400
2020-01-18,149,222,NR,Red,600,3700,3150
2020-01-18,154,319,NR,Red,500,4025,3235
2020-01-18,161,2455,NR,Red,200,5300,2700
2020-01-18,162,630,NR,Other,3500,4500,4000
2020-01-18,163,742,NR,Red,800,3951,3400
2020-01-18,375,3637,NR,Red,1300,4500,3800
2020-01-18,380,44,NR,Red,500,6000,4000
2020-01-18,382,12,NR,Red,1050,4600,3725
2020-01-18,426,2004,NR,Red,1000,4200,3000
2020-01-18,471,297,NR,Red,750,3625,1875
2020-01-18,472,10,NR,Other,3500,4000,4000
2020-01-18,474,188,NR,Red,1350,3654,3500
2020-01-18,477,474,NR,Red,500,4500,3000
2020-01-18,500,29,NR,White,2500,3500,3000
2020-01-18,675,54,NR,Red,1300,4100,3050
2020-01-18,685,1164,NR,Pole,1000,4100,3401
2020-01-18,897,91,NR,Red,1000,4400,3050
2020-01-18,905,13,NR,Local,700,5000,2850
2020-01-19,-1,1,NR,Other,5000,6000,5500
2020-01-19,-1,32,NR,Red,1030,1800,1400
2020-01-19,1412,82,NR,Other,1000,4500,2750
2020-01-19,153,12,NR,Red,500,3500,3000
2020-01-19,156,2,NR,Local,1500,3000,2250
2020-01-19,157,354,NR,Red,500,5000,4100
2020-01-19,423,40,NR,Other,2500,4000,3500
2020-01-19,427,1876,NR,Local,2000,4500,3000
2020-01-19,428,409,NR,Red,1000,4500,3400
2020-01-19,429,735,NR,Red,1000,5151,3075
2020-01-19,430,43,NR,Other,1500,4500,3000
2020-01-19,472,15,NR,Other,2000,3800,3800
2020-01-19,504,3,NR,Other,851,4100,2475
2020-01-19,540,1186,NR,Red,500,5500,3000
2020-01-19,602,547,NR,Other,2000,5000,3550
2020-01-19,720,2,NR,Red,1500,3900,2800
2020-01-19,838,1,NR,Local,3000,4000,3500
2020-01-20,-1,10,NR,Other,600,4500,3000
2020-01-20,-1,15,NR,1st Sort,3000,5400,3000
2020-01-20,-1,375,NR,Local,2000,5500,3700
2020-01-20,-1,96,NR,Red,1030,1800,1400
2020-01-20,1029,31,NR,Other,1000,4400,2800
2020-01-20,138,30,NR,Local,1000,4000,2500
2020-01-20,140,630,NR,Red,2000,4740,4300
2020-01-20,1412,63,NR,Other,1200,4000,2600
2020-01-20,142,395,NR,Red,3000,5001,4300
2020-01-20,144,320,NR,Red,1500,4750,4150
2020-01-20,145,332,NR,Other,1000,5000,3500
2020-01-20,146,2061,NR,Red,1301,4855,4051
2020-01-20,147,40,NR,Red,1000,4650,4100
2020-01-20,150,136,NR,Pole,1500,5000,3200
2020-01-20,159,347,NR,Red,1050,4800,3350
2020-01-20,160,1060,NR,Red,500,5100,4000
2020-01-20,161,4611,NR,Red,200,5300,2700
2020-01-20,162,919,NR,Other,4000,5500,4750
2020-01-20,163,1621,NR,Red,1500,4681,4000
2020-01-20,375,3978,NR,Red,1500,5250,4500
2020-01-20,379,154,NR,Red,2000,4000,3500
2020-01-20,426,1975,NR,Red,1000,4500,3500
2020-01-20,427,2242,NR,Local,2000,4500,3500
2020-01-20,474,240,NR,Red,2000,4599,4200
2020-01-20,477,538,NR,Red,500,5000,4000
2020-01-20,504,6,NR,Other,752,4000,2380
2020-01-20,505,65,NR,Other,1000,4700,3200
2020-01-20,506,1350,NR,Red,1151,4855,4200
2020-01-20,675,45,NR,Red,600,4410,4000
2020-01-20,897,129,NR,Red,1000,5105,3550
2020-01-21,-1,1,NR,Other,2000,3200,3050
2020-01-21,-1,176,NR,Red,1050,1750,1370
2020-01-21,-1,445,NR,Local,2000,5000,3500
2020-01-21,1024,142,NR,Red,1500,3900,3600
2020-01-21,1068,113,NR,Red,1300,4851,2800
2020-01-21,138,30,NR,Local,1600,2500,2050
2020-01-21,139,1578,NR,Red,2000,4270,3750
2020-01-21,140,594,NR,Red,1500,4185,3550
2020-01-21,1412,68,NR,Other,1400,4000,2700
2020-01-21,142,330,NR,Red,3400,4855,3815
2020-01-21,144,345,NR,Other,1600,4230,3900
2020-01-21,145,315,NR,Other,1000,4500,3500
2020-01-21,146,2097,NR,Red,1300,4223,3801
2020-01-21,147,20,NR,Red,850,3950,3500
2020-01-21,149,837,NR,Red,699,4050,3150
2020-01-21,150,151,NR,Pole,1500,4800,3100
2020-01-21,153,13,NR,Red,500,3500,2500
2020-01-21,154,504,NR,Red,500,3912,3250
2020-01-21,157,696,NR,Red,500,4500,3700
2020-01-21,159,491,NR,Red,1050,4215,3450
2020-01-21,160,474,NR,Red,1000,4175,3600
2020-01-21,161,3827,NR,Red,200,5000,2600
2020-01-21,379,151,NR,Red,1600,4500,3775
2020-01-21,380,75,NR,Red,300,5200,3500
2020-01-21,427,2418,NR,Local,2000,4700,3500
2020-01-21,428,483,NR,Red,1000,5000,3400
2020-01-21,429,864,NR,Red,1000,4701,2850
2020-01-21,471,20,NR,Red,1000,4000,2500
2020-01-21,472,15,NR,Other,4000,5000,5000
2020-01-21,474,246,NR,Red,1200,3801,3500
2020-01-21,506,1450,NR,Red,1100,4300,3500
2020-01-21,602,593,NR,Other,1300,4510,2650
2020-01-21,655,113,NR,Hybrid,1000,4500,3000
2020-01-21,685,2029,NR,Pole,700,4425,3851
2020-01-21,862,189,NR,Red,1500,3850,3351
2020-01-21,897,14,NR,Red,1501,4002,3055
2020-01-21,905,17,NR,Local,800,5000,2900
2020-01-21,930,1180,NR,Other,1500,4750,3000
2020-01-22,-1,176,NR,Red,1000,1700,1310
2020-01-22,-1,482,NR,Local,2000,4500,3200
2020-01-22,-1,6,NR,Other,480,4000,3100
2020-01-22,138,36,NR,Local,1800,2500,2150
2020-01-22,139,1300,NR,Red,2000,3700,3200
2020-01-22,140,657,NR,Red,1500,4205,3600
2020-01-22,1412,72,NR,Other,1200,4200,2100
2020-01-22,142,492,NR,Red,2500,4154,3400
2020-01-22,145,471,NR,Other,1000,4200,3500
2020-01-22,146,2087,NR,Red,1300,4107,3700
2020-01-22,147,29,NR,Red,900,3936,3200
2020-01-22,149,859,NR,Red,400,3801,3000
2020-01-22,150,125,NR,Pole,1600,4300,3600
2020-01-22,154,594,NR,Red,500,3652,3100
2020-01-22,159,509,NR,Red,1050,3905,3150
2020-01-22,160,1140,NR,Red,500,4211,3300
2020-01-22,161,4291,NR,Red,200,4800,2400
2020-01-22,162,1395,NR,Other,4000,5000,4500
2020-01-22,163,1362,NR,Red,1500,4031,3400
2020-01-22,379,102,NR,Red,2000,4500,3875
2020-01-22,382,7,NR,Red,1250,4450,3400
2020-01-22,426,2115,NR,Red,1500,4500,3000
2020-01-22,427,2227,NR,Local,1500,4200,3000
2020-01-22,472,15,NR,Other,3000,4500,4500
2020-01-22,474,227,NR,Red,1300,3799,3550
2020-01-22,506,1550,NR,Red,1201,4000,3300
2020-01-22,540,1558,NR,Red,700,5000,3000
2020-01-22,685,2280,NR,Pole,500,3991,3221
2020-01-22,720,8,NR,Red,1775,4000,3400
2020-01-22,897,19,NR,Red,1501,4002,3030
2020-01-22,937,60,NR,Other,600,5100,2000
2020-01-23,-1,25,NR,1st Sort,3000,4100,3000
2020-01-23,-1,315,NR,Local,2000,4100,3000
2020-01-23,-1,80,NR,Red,1000,1700,1310
2020-01-23,1029,40,NR,Other,1000,3600,2400
2020-01-23,139,1426,NR,Red,1500,3652,3300
2020-01-23,140,706,NR,Red,1000,3905,3450
2020-01-23,1412,88,NR,Other,1000,4400,2700
2020-01-23,142,425,NR,Red,3000,4143,3280
2020-01-23,144,440,NR,Red,1500,3710,3300
2020-01-23,145,314,NR,Other,1000,4000,2500
2020-01-23,146,2640,NR,Red,1251,3815,3500
2020-01-23,147,1145,NR,Red,925,3705,3200
2020-01-23,149,1047,NR,Red,200,3679,2900
2020-01-23,150,168,NR,Pole,1700,4200,3200
2020-01-23,156,1,NR,Local,3500,3800,3650
2020-01-23,159,577,NR,Red,1050,3680,3250
2020-01-23,160,468,NR,Red,500,3430,3000
2020-01-23,161,5105,NR,Red,200,4100,2200
2020-01-23,162,874,NR,Other,3500,4300,4000
2020-01-23,163,1049,NR,Red,1500,3993,3250
2020-01-23,375,4973,NR,Red,500,4100,3200
2020-01-23,379,119,NR,Red,2000,4000,3500
2020-01-23,380,59,NR,Red,300,5000,3000
2020-01-23,422,4,NR,Other,1000,3711,2435
2020-01-23,423,18,NR,Other,1000,3600,3100
2020-01-23,427,2741,NR,Local,1500,4000,2700
2020-01-23,429,1083,NR,Red,1000,4051,2525
2020-01-23,471,25,NR,Red,900,3500,2200
2020-01-23,472,15,NR,Other,2800,3200,3200
2020-01-23,474,330,NR,Red,1000,3590,3200
2020-01-23,477,733,NR,Red,500,3790,2700
2020-01-23,504,6,NR,Other,300,4100,2200
2020-01-23,505,148,NR,Other,900,3650,2500
2020-01-23,506,1850,NR,Red,1151,3700,3100
2020-01-23,602,793,NR,Other,1500,4000,2925
2020-01-23,685,2244,NR,Pole,500,3741,3201
2020-01-23,793,44,NR,Red,2000,6600,4200
2020-01-23,799,3,NR,Local,1300,1600,1400
2020-01-23,883,1,NR,Local,4000,4500,4400
2020-01-23,897,130,NR,Red,700,4100,2850
2020-01-24,-1,337,NR,Local,2000,3500,2800
2020-01-24,-1,6,NR,Other,510,4300,3000
2020-01-24,138,52,NR,Local,2200,3000,2600
2020-01-24,140,165,NR,Red,1000,3425,3000
2020-01-24,144,210,NR,Red,1700,3435,3000
2020-01-24,145,340,NR,Other,800,3100,2100
2020-01-24,149,134,NR,Red,455,3500,2800
2020-01-24,153,13,NR,Red,500,4500,3700
2020-01-24,155,6,NR,Local,1000,3000,2500
2020-01-24,157,738,NR,Red,500,3500,2900
2020-01-24,162,1080,NR,Other,3000,3800,3400
2020-01-24,427,3661,NR,Local,1000,3200,2500
2020-01-24,428,680,NR,Red,1000,4000,2900
2020-01-24,471,160,NR,Red,900,3375,2150
2020-01-24,540,1160,NR,Red,500,4500,3000
2020-01-24,675,204,NR,Red,200,3700,3000
2020-01-24,685,1817,NR,Pole,500,3414,2931
2020-01-24,720,2,NR,Red,600,3125,1700
2020-01-24,799,2,NR,Local,1100,2625,2200
2020-01-24,862,279,NR,Red,1000,3201,2875
2020-01-24,930,1279,NR,Other,1500,3750,2800
2020-01-24,937,67,NR,Other,700,4100,1800
2020-01-25,-1,15,NR,1st Sort,2500,3500,2500
2020-01-25,-1,620,NR,Local,1000,3500,2200
2020-01-25,-1,80,NR,Red,910,1600,1230
2020-01-25,138,61,NR,Local,2200,3000,2600
2020-01-25,139,1300,NR,Red,2000,3200,2950
2020-01-25,1412,63,NR,Other,650,3500,2075
2020-01-25,142,345,NR,Red,2500,3701,2900
2020-01-25,145,347,NR,Other,1000,3000,2200
2020-01-25,147,20,NR,Red,850,3231,2800
2020-01-25,156,2,NR,Local,1500,3500,2500
2020-01-25,161,8179,NR,Red,200,3250,1800
2020-01-25,162,1139,NR,Other,2700,3500,2950
2020-01-25,163,970,NR,Red,800,3080,2600
2020-01-25,378,1473,NR,Other,1200,3300,2700
2020-01-25,380,99,NR,Red,300,3600,2500
2020-01-25,382,5,NR,Red,1200,3350,3000
2020-01-25,426,2082,NR,Red,1000,3500,2500
2020-01-25,430,46,NR,Other,1000,3500,2250
2020-01-25,471,38,NR,Red,900,3125,2000
2020-01-25,474,410,NR,Red,1000,3181,2800
2020-01-25,477,539,NR,Red,300,3000,2000
2020-01-25,675,255,NR,Red,200,3000,2600
2020-01-25,685,1408,NR,Pole,500,3261,2751
2020-01-25,838,1,NR,Local,2600,3000,2800
2020-01-25,862,342,NR,Red,1000,3001,2555
2020-01-25,890,1,NR,Other,2500,2500,2500
2020-01-25,897,78,NR,Red,700,3500,2200
2020-01-25,905,32,NR,Local,400,3500,1950
2020-01-26,-1,1,NR,Other,3000,3200,3100
2020-01-26,-1,1,NR,Other,4000,5000,4500
2020-01-26,-1,88,NR,Red,900,1600,1200
2020-01-26,153,11,NR,Red,500,4200,3500
2020-01-26,422,13,NR,Red,951,3201,2722
2020-01-26,423,51,NR,Other,400,1600,1200
2020-01-26,424,363,NR,Other,500,3510,3200
2020-01-26,429,1108,NR,Red,1000,3100,2050
2020-01-26,540,1107,NR,Red,300,3200,2300
2020-01-26,720,5,NR,Red,1630,3250,2725
2020-01-26,838,1,NR,Local,3000,4000,3500
2020-01-26,930,1093,NR,Other,1110,3310,2210
2020-01-27,-1,16,NR,1st Sort,2500,3100,2500
2020-01-27,-1,17,NR,Other,420,3300,2500
2020-01-27,-1,56,NR,Red,900,1600,1120
2020-01-27,-1,589,NR,Local,1000,3200,2100
2020-01-27,1029,44,NR,Other,900,3000,2250
2020-01-27,1068,146,NR,Red,300,2900,1300
2020-01-27,138,62,NR,Local,2000,2400,2200
2020-01-27,140,956,NR,Red,1000,2805,2350
2020-01-27,142,596,NR,Red,2000,3352,2525
2020-01-27,144,560,NR,Red,1000,2640,2400
2020-01-27,145,383,NR,Other,1000,3200,2500
2020-01-27,146,2312,NR,Red,1500,2930,2500
2020-01-27,147,30,NR,Red,700,2771,2350
2020-01-27,149,1086,NR,Red,300,2701,2100
2020-01-27,150,191,NR,Pole,1500,3300,2600
2020-01-27,154,674,NR,Red,500,2752,2210
2020-01-27,159,714,NR,Red,850,2900,2450
2020-01-27,160,1478,NR,Red,300,3100,2400
2020-01-27,161,4115,NR,Red,200,3500,1800
2020-01-27,162,1139,NR,Other,2700,3500,2950
2020-01-27,163,1840,NR,Red,700,2667,2300
2020-01-27,426,1826,NR,Red,1000,3000,2500
2020-01-27,427,1493,NR,Local,1000,3200,2500
2020-01-27,471,35,NR,Red,800,2700,1700
2020-01-27,474,487,NR,Red,1000,2772,2451
2020-01-27,477,560,NR,Red,300,3000,2250
2020-01-27,504,7,NR,Other,400,3201,1850
2020-01-27,505,134,NR,Other,700,2800,2200
2020-01-27,506,1850,NR,Red,700,2650,2000
2020-01-27,685,2443,NR,Pole,500,2801,2311
2020-01-27,838,1,NR,Local,3000,3200,3100
2020-01-27,897,99,NR,Red,500,3000,2100
2020-01-27,937,54,NR,Other,300,3500,2200
2020-01-28,-1,570,NR,Local,1000,3000,2000
2020-01-28,-1,88,NR,Red,850,1600,1200
2020-01-28,1068,146,NR,Red,300,2900,1300
2020-01-28,138,71,NR,Local,2000,2500,2250
2020-01-28,139,1887,NR,Red,1000,2870,2500
2020-01-28,140,730,NR,Red,1000,3000,2450
2020-01-28,1412,70,NR,Other,400,3200,1800
2020-01-28,142,305,NR,Red,2000,3311,2650
2020-01-28,144,380,NR,Red,1700,2830,2601
2020-01-28,145,427,NR,Other,700,3100,2200
2020-01-28,146,2390,NR,Red,1100,2990,2680
2020-01-28,147,31,NR,Red,700,2951,2350
2020-01-28,149,814,NR,Red,200,3001,2300
2020-01-28,153,11,NR,Red,500,2600,2000
2020-01-28,154,623,NR,Red,400,2756,2230
2020-01-28,157,836,NR,Red,500,2500,2000
2020-01-28,159,799,NR,Red,850,2800,2350
2020-01-28,160,371,NR,Red,500,2976,2600
2020-01-28,161,4579,NR,Red,200,3650,1800
2020-01-28,162,1059,NR,Other,2700,3200,2950
2020-01-28,379,220,NR,Red,1500,3500,3000
2020-01-28,380,102,NR,Red,200,3600,2500
2020-01-28,427,2586,NR,Local,1000,2800,2000
2020-01-28,428,535,NR,Red,500,3000,2000
2020-01-28,429,1041,NR,Red,800,3401,2100
2020-01-28,471,28,NR,Red,725,2875,1850
2020-01-28,472,10,NR,Other,2000,3000,3000
2020-01-28,474,268,NR,Red,1300,2848,2551
2020-01-28,504,3,NR,Other,500,3300,1850
2020-01-28,506,1850,NR,Red,751,2880,2300
2020-01-28,602,564,NR,Other,1250,3000,2250
2020-01-28,655,176,NR,Hybrid,1000,3000,2200
2020-01-28,675,226,NR,Red,100,2800,2300
2020-01-28,685,2133,NR,Pole,600,2977,2410
2020-01-28,838,1,NR,Local,2000,2800,2400
2020-01-28,862,344,NR,Red,1001,2751,2505
2020-01-28,897,27,NR,Red,500,2485,2170
2020-01-28,905,27,NR,Local,300,3200,1750
2020-01-28,930,1331,NR,Other,1110,3310,2210
2020-01-29,-1,11,NR,Other,400,3020,2300
2020-01-29,-1,48,NR,Red,825,1580,1200
2020-01-29,138,30,NR,Local,1800,2400,2100
2020-01-29,139,1649,NR,Red,1500,2930,2650
2020-01-29,140,646,NR,Red,1500,3215,2850
2020-01-29,1412,2,NR,Other,600,3000,1800
2020-01-29,142,432,NR,Red,2300,3345,2650
2020-01-29,146,1807,NR,Red,1100,2991,2750
2020-01-29,147,20,NR,Red,700,2847,2400
2020-01-29,149,756,NR,Red,400,2955,2350
2020-01-29,150,237,NR,Other,1150,3050,2000
2020-01-29,154,573,NR,Red,500,2951,2350
2020-01-29,155,9,NR,Local,1000,2400,1800
2020-01-29,156,1,NR,Local,1000,3000,2000
2020-01-29,159,679,NR,Red,950,3050,2550
2020-01-29,161,2096,NR,Red,200,3200,1700
2020-01-29,162,1231,NR,Other,2600,3200,2900
2020-01-29,163,1706,NR,Red,700,3031,2700
2020-01-29,382,12,NR,Red,750,2750,2225
2020-01-29,426,2149,NR,Red,1000,2900,2500
2020-01-29,427,3191,NR,Local,1000,2500,2000
2020-01-29,471,22,NR,Red,800,2875,1850
2020-01-29,472,5,NR,Other,2000,3000,3000
2020-01-29,474,235,NR,Red,1300,3000,2800
2020-01-29,500,18,NR,White,2000,3000,2500
2020-01-29,504,5,NR,Other,600,3000,1800
2020-01-29,506,1850,NR,Red,751,2926,2300
2020-01-29,540,1529,NR,Red,300,3200,2600
2020-01-29,602,18,NR,Other,1000,2800,1985
2020-01-29,649,862,NR,Red,1500,2950,2200
2020-01-29,685,1915,NR,Pole,500,3091,2551
2020-01-29,720,25,NR,Red,2125,3025,2500
2020-01-29,838,1,NR,Local,1500,2000,1750
2020-01-29,897,24,NR,Red,800,2651,2250
2020-01-29,937,64,NR,Other,400,3300,2400
2020-01-30,-1,80,NR,Red,800,1580,1200
2020-01-30,-1,880,NR,Local,800,2800,1600
2020-01-30,1029,59,NR,Other,800,2600,1700
2020-01-30,1041,3,NR,Other,400,3350,2000
2020-01-30,139,1500,NR,Red,1500,2880,2550
2020-01-30,140,731,NR,Red,1500,2875,2400
2020-01-30,1412,93,NR,Other,700,2800,1750
2020-01-30,142,405,NR,Red,2000,3150,2600
2020-01-30,144,380,NR,Red,2000,2910,2650
2020-01-30,145,645,NR,Other,700,2700,2000
2020-01-30,146,2216,NR,Red,1300,3026,2700
2020-01-30,147,32,NR,Red,700,2800,2400
2020-01-30,150,185,NR,Pole,1100,3150,2100
2020-01-30,155,7,NR,Local,1000,2500,1500
2020-01-30,156,1,NR,Local,2000,3000,2500
2020-01-30,159,702,NR,Red,850,2875,2375
2020-01-30,161,3865,NR,Red,200,3500,1700
2020-01-30,162,894,NR,Other,2000,2700,2350
2020-01-30,163,704,NR,Red,600,2851,2550
2020-01-30,375,4553,NR,Red,500,3200,2600
2020-01-30,379,103,NR,Red,2000,3500,3125
2020-01-30,380,79,NR,Red,200,3100,2000
2020-01-30,424,562,NR,Other,1500,3200,2800
2020-01-30,427,2051,NR,Local,1000,2600,1600
2020-01-30,429,1080,NR,Red,1000,3511,2255
2020-01-30,430,52,NR,Other,1000,2700,1850
2020-01-30,471,36,NR,Red,725,2875,1850
2020-01-30,474,350,NR,Red,1000,2880,2625
2020-01-30,477,516,NR,Red,300,3000,2200
2020-01-30,500,18,NR,White,2000,3000,2500
2020-01-30,505,152,NR,Other,700,2800,2200
2020-01-30,506,950,NR,Red,751,2912,2350
2020-01-30,602,943,NR,Other,1050,3010,2250
2020-01-30,649,1049,NR,Red,1290,3505,2305
2020-01-30,685,1774,NR,Pole,500,3075,2531
2020-01-30,793,29,NR,Red,1000,3700,3000
2020-01-30,799,5,NR,Local,1175,2425,1600
2020-01-30,838,1,NR,Local,2200,3000,2600
2020-01-30,862,216,NR,Red,1000,2800,2500
2020-01-31,-1,408,NR,Local,800,2800,1800
2020-01-31,-1,8,NR,Other,451,3010,2100
2020-01-31,-1,80,NR,Red,800,1530,1200
2020-01-31,1068,108,NR,Red,200,2400,1300
2020-01-31,138,42,NR,Local,1500,2000,1750
2020-01-31,139,1260,NR,Red,1500,2731,2500
2020-01-31,140,674,NR,Red,1500,2910,2350
2020-01-31,142,405,NR,Red,2000,3413,2500
2020-01-31,144,412,NR,Red,1500,2875,2550
2020-01-31,145,421,NR,Other,500,2600,1800
2020-01-31,146,2674,NR,Red,1200,2932,2600
2020-01-31,147,850,NR,Red,700,2726,2500
2020-01-31,150,130,NR,Pole,1100,3200,2100
2020-01-31,154,590,NR,Red,404,2737,2200
2020-01-31,157,810,NR,Red,500,3000,2300
2020-01-31,160,1266,NR,Red,300,3100,2500
2020-01-31,161,4052,NR,Red,200,3100,1600
2020-01-31,162,911,NR,Other,2200,2800,2500
2020-01-31,163,1760,NR,Red,1000,2790,2400
2020-01-31,427,2660,NR,Local,1000,2800,2000
2020-01-31,471,32,NR,Red,800,2875,1800
2020-01-31,472,10,NR,Other,2000,4000,4000
2020-01-31,474,177,NR,Red,1000,2751,2551
2020-01-31,500,30,NR,White,2500,3200,3000
2020-01-31,504,4,NR,Other,301,2500,1650
2020-01-31,506,1650,NR,Red,751,2851,2300
2020-01-31,540,1268,NR,Red,300,3000,2200
2020-01-31,649,400,NR,Red,1100,2750,2300
2020-01-31,685,1922,NR,Pole,501,2925,2335
2020-01-31,720,4,NR,Red,1875,3000,2550
2020-01-31,838,1,NR,Local,700,1500,1100
2020-01-31,862,188,NR,Red,900,2751,2415
2020-01-31,897,131,NR,Red,500,3200,2100
2020-01-31,930,1347,NR,Other,1000,3310,2000
2020-01-31,937,107,NR,Other,400,3100,2000
2020-02-01,-1,550,NR,Local,800,3000,1900
2020-02-01,138,52,NR,Local,1400,2000,1700
2020-02-01,139,1200,NR,Red,1500,2652,2300
2020-02-01,1412,70,NR,Other,400,2600,1500
2020-02-01,142,255,NR,Red,1900,3375,2500
2020-02-01,145,466,NR,Other,500,2700,2000
2020-02-01,146,1196,NR,Red,1250,2847,2501
2020-02-01,147,20,NR,Red,700,2710,2300
2020-02-01,150,195,NR,Pole,950,3021,2000
2020-02-01,161,3726,NR,Red,200,3200,1600
2020-02-01,162,1026,NR,Other,2400,3200,2800
2020-02-01,163,816,NR,Red,750,2480,2150
2020-02-01,378,1800,NR,Other,2000,3000,2500
2020-02-01,380,94,NR,Red,500,3200,1800
2020-02-01,382,10,NR,Red,925,3325,2800
2020-02-01,426,1667,NR,Red,1000,2700,2000
2020-02-01,471,25,NR,Red,750,2625,1650
2020-02-01,472,15,NR,Other,2500,4000,4000
2020-02-01,477,399,NR,Red,500,2800,2000
2020-02-01,685,1123,NR,Pole,500,2703,2201
2020-02-01,838,2,NR,Local,1100,2600,1850
2020-02-01,897,79,NR,Red,500,3000,2000
2020-02-01,905,21,NR,Local,500,3000,1750
2020-02-02,-1,1,NR,Other,4000,4200,4100
2020-02-02,-1,40,NR,Red,750,1500,1150
2020-02-02,138,60,NR,Local,1500,2000,1750
2020-02-02,1412,93,NR,Other,500,2500,1500
2020-02-02,153,41,NR,Red,300,3000,2350
2020-02-02,156,1,NR,Local,1000,2500,1750
2020-02-02,157,349,NR,Red,100,2500,1900
2020-02-02,379,203,NR,Red,1500,3000,1875
2020-02-02,424,346,NR,Other,1500,2920,2000
2020-02-02,427,2967,NR,Local,1000,2700,2000
2020-02-02,428,316,NR,Red,500,2800,1700
2020-02-02,429,1273,NR,Red,700,2751,1726
2020-02-02,430,62,NR,Other,1000,2800,1900
2020-02-02,500,20,NR,White,1800,2500,2000
2020-02-02,505,193,NR,Other,700,2500,1900
2020-02-02,540,1412,NR,Red,300,3000,2500
2020-02-02,602,1244,NR,Other,1050,2700,1950
2020-02-02,838,1,NR,Local,2000,2700,2350
2020-02-02,930,1190,NR,Other,1110,3110,2110
2020-02-03,-1,17,NR,1st Sort,2000,2500,2500
2020-02-03,-1,19,NR,Other,300,3000,2200
2020-02-03,-1,397,NR,Local,800,3000,1900
2020-02-03,-1,48,NR,Red,750,1500,1150
2020-02-03,1029,80,NR,2nd Sort,400,2300,1500
2020-02-03,1068,98,NR,Red,200,2100,1000
2020-02-03,138,62,NR,Local,1400,2000,1600
2020-02-03,140,707,NR,Red,1000,2500,2150
2020-02-03,1412,77,NR,Other,300,2400,1350
2020-02-03,142,513,NR,Red,1500,2995,2250
2020-02-03,144,510,NR,Red,1000,2550,2200
2020-02-03,145,443,NR,Other,500,2700,2000
2020-02-03,146,2335,NR,Red,1100,2637,2250
2020-02-03,147,30,NR,Red,700,2525,2100
2020-02-03,149,845,NR,Red,100,2569,2050
2020-02-03,150,201,NR,Pole,900,2950,2000
2020-02-03,154,586,NR,Red,300,2370,1800
2020-02-03,156,1,NR,Local,2000,2500,2250
2020-02-03,159,664,NR,Red,850,2555,2050
2020-02-03,160,1406,NR,Red,300,2751,2150
2020-02-03,161,4628,NR,Red,200,3000,1600
2020-02-03,162,1531,NR,Other,2000,2700,2350
2020-02-03,163,1850,NR,Red,400,2401,1900
2020-02-03,375,5227,NR,Red,300,2500,2100
2020-02-03,379,115,NR,Red,1500,3000,1875
2020-02-03,423,71,NR,Other,500,2400,2000
2020-02-03,426,1841,NR,Red,1000,2800,2500
2020-02-03,427,2361,NR,Local,1000,2500,2000
2020-02-03,471,30,NR,Red,700,2500,2000
2020-02-03,472,10,NR,Other,2000,2500,2500
2020-02-03,474,384,NR,Red,1100,2451,2200
2020-02-03,477,512,NR,Red,300,2500,1850
2020-02-03,500,8,NR,White,1800,2500,2000
2020-02-03,505,193,NR,Other,700,2500,1900
2020-02-03,506,1750,NR,Red,751,2551,2000
2020-02-03,685,1633,NR,Pole,500,2601,2251
2020-02-03,897,157,NR,Red,500,2800,1800
2020-02-03,937,71,NR,Other,500,3300,2100
2020-02-04,-1,1,NR,Other,2000,2700,2400
2020-02-04,-1,16,NR,Red,730,1500,1150
2020-02-04,-1,380,NR,Local,800,2500,1600
2020-02-04,138,60,NR,Local,1400,2000,1700
2020-02-04,139,1625,NR,Red,1200,2025,1750
2020-02-04,140,761,NR,Red,500,2235,1650
2020-02-04,1412,71,NR,Other,400,2200,1300
2020-02-04,142,281,NR,Red,1000,2600,1950
2020-02-04,144,570,NR,Red,800,2080,1800
2020-02-04,145,353,NR,Other,700,2300,1700
2020-02-04,146,2865,NR,Red,900,2152,1800
2020-02-04,147,40,NR,Red,700,1951,1500
2020-02-04,149,839,NR,Red,100,2089,1550
2020-02-04,150,148,NR,Pole,900,2500,1800
2020-02-04,153,11,NR,Red,500,3000,2000
2020-02-04,154,544,NR,Red,300,1926,1450
2020-02-04,156,1,NR,Local,1500,2200,1850
2020-02-04,157,798,NR,Red,100,2100,1700
2020-02-04,159,615,NR,Red,750,2135,1825
2020-02-04,160,376,NR,Red,500,2145,1700
2020-02-04,161,3796,NR,Red,200,2700,1300
2020-02-04,162,1251,NR,Other,2000,2600,2300
2020-02-04,379,165,NR,Red,1500,2800,2475
2020-02-04,380,138,NR,Red,200,2500,1800
2020-02-04,427,2512,NR,Local,1000,2200,1800
2020-02-04,428,365,NR,Red,500,2300,1700
2020-02-04,429,1089,NR,Red,500,2511,1505
2020-02-04,471,18,NR,Red,700,2375,1540
2020-02-04,472,12,NR,Other,1500,2500,2500
2020-02-04,474,425,NR,Red,900,1954,1700
2020-02-04,500,17,NR,White,2000,3000,2500
2020-02-04,504,4,NR,Other,400,2776,1601
2020-02-04,506,1750,NR,Red,701,2150,1700
2020-02-04,602,955,NR,Other,1150,2510,1950
2020-02-04,655,221,NR,Hybrid,500,2251,1500
2020-02-04,675,223,NR,Red,300,2630,2150
2020-02-04,685,2149,NR,Pole,500,2321,1611
2020-02-04,838,1,NR,Local,2000,2600,2300
2020-02-04,862,400,NR,Red,700,1951,1651
2020-02-04,890,1,NR,Other,1500,1500,1500
2020-02-04,897,60,NR,Red,600,1900,1285
2020-02-04,905,16,NR,Local,400,2500,1450
2020-02-04,930,1433,NR,Other,510,2500,1510
2020-02-05,-1,370,NR,Local,800,2500,1500
2020-02-05,-1,6,NR,Other,210,2010,1100
2020-02-05,-1,80,NR,Red,730,1500,1150
2020-02-05,1296,1,NR,Local,1000,2800,1900
2020-02-05,138,55,NR,Local,1500,2000,1750
2020-02-05,139,1571,NR,Red,1200,2041,1650
2020-02-05,140,713,NR,Red,500,2005,1600
2020-02-05,1412,69,NR,Other,550,2150,1350
2020-02-05,142,519,NR,Red,1000,2200,1650
2020-02-05,145,381,NR,Other,700,2200,1800
2020-02-05,146,2748,NR,Red,1000,1999,1770
2020-02-05,147,20,NR,Red,500,1781,1400
2020-02-05,149,798,NR,Red,80,1900,1450
2020-02-05,150,226,NR,Pole,800,2500,1500
2020-02-05,154,504,NR,Red,300,1930,1410
2020-02-05,156,1,NR,Local,1000,2000,1500
2020-02-05,159,602,NR,Red,750,1870,1575
2020-02-05,160,1294,NR,Red,200,2225,1800
2020-02-05,161,2928,NR,Red,100,2700,1300
2020-02-05,162,1111,NR,Other,1800,2300,2050
2020-02-05,163,1935,NR,Red,400,1800,1550
2020-02-05,378,2000,NR,Other,1000,2000,1500
2020-02-05,379,188,NR,Red,1500,2700,2400
2020-02-05,382,13,NR,Red,800,3100,2575
2020-02-05,426,1765,NR,Red,1000,2200,1500
2020-02-05,427,497,NR,Local,1000,2000,1700
2020-02-05,471,25,NR,Red,600,2125,1350
2020-02-05,472,10,NR,Other,2000,3000,3000
2020-02-05,474,432,NR,Red,800,1900,1700
2020-02-05,506,1650,NR,Red,701,1936,1500
2020-02-05,540,1931,NR,Red,300,2200,1400
2020-02-05,602,14,NR,Other,950,2500,1950
2020-02-05,685,2159,NR,Pole,500,2186,1551
2020-02-05,720,32,NR,Red,700,2000,1500
2020-02-05,838,2,NR,Local,1400,2600,2000
2020-02-05,897,59,NR,Red,500,1600,1237
2020-02-05,937,50,NR,Other,250,2800,1700
2020-02-06,-1,30,NR,1st Sort,1200,1700,1200
2020-02-06,-1,321,NR,Local,700,2300,1500
2020-02-06,-1,56,NR,Red,710,1500,1150
2020-02-06,1029,68,NR,Other,300,1800,1100
2020-02-06,1041,3,NR,Other,100,2000,1500
2020-02-06,1068,88,NR,Red,200,1801,1000
2020-02-06,1296,1,NR,Local,1000,2700,1800
2020-02-06,139,1296,NR,Red,1200,2041,1700
2020-02-06,140,640,NR,Red,500,1980,1650
2020-02-06,1412,86,NR,Other,300,2200,1250
2020-02-06,142,441,NR,Red,1400,2351,1700
2020-02-06,145,388,NR,Other,500,1800,1500
2020-02-06,146,2280,NR,Red,1000,2068,1740
2020-02-06,147,74,NR,Red,700,1845,1400
2020-02-06,149,852,NR,Red,100,1864,1450
2020-02-06,150,175,NR,Pole,750,2500,1600
2020-02-06,156,2,NR,Local,1000,2200,1600
2020-02-06,159,638,NR,Red,700,1955,1625
2020-02-06,160,390,NR,Red,300,1990,1750
2020-02-06,161,3201,NR,Red,100,2700,1300
2020-02-06,162,1050,NR,Other,1500,2200,1850
2020-02-06,163,805,NR,Red,500,1828,1650
2020-02-06,375,6158,NR,Other,300,2100,1700
2020-02-06,379,119,NR,Red,1200,2600,2250
2020-02-06,380,67,NR,Red,200,2500,1500
2020-02-06,422,40,NR,Other,300,1751,1200
2020-02-06,427,2780,NR,Local,800,1800,1400
2020-02-06,429,1268,NR,Red,500,2211,1356
2020-02-06,430,61,NR,Other,500,2000,1250
2020-02-06,471,26,NR,Red,600,1875,1200
2020-02-06,472,10,NR,Other,2000,3000,3000
2020-02-06,474,347,NR,Red,1000,1929,1770
2020-02-06,477,573,NR,Red,300,1800,1300
2020-02-06,504,6,NR,Other,351,2020,1750
2020-02-06,505,238,NR,Other,400,1801,1250
2020-02-06,506,1750,NR,Red,701,1900,1500
2020-02-06,602,1059,NR,Other,1050,2110,1675
2020-02-06,675,338,NR,Red,100,1800,1500
2020-02-06,685,1624,NR,Pole,400,2126,1651
2020-02-06,793,37,NR,Red,800,2500,1800
2020-02-06,799,8,NR,Local,855,1200,1050
2020-02-06,838,2,NR,Local,1100,1600,1350
2020-02-06,862,308,NR,Red,1000,2000,1615
2020-02-06,897,240,NR,Red,500,2000,1300
2020-02-07,-1,355,NR,Local,800,2000,1400
2020-02-07,-1,7,NR,Other,300,2110,1400
2020-02-07,-1,80,NR,Red,710,1500,1120
2020-02-07,1296,1,NR,Local,1000,2500,1750
2020-02-07,138,62,NR,Local,1000,2200,1600
2020-02-07,139,1150,NR,Red,1200,1972,1650
2020-02-07,140,528,NR,Red,500,2020,1750
2020-02-07,145,359,NR,Other,500,1800,1400
2020-02-07,146,700,NR,Red,900,1902,1600
2020-02-07,147,650,NR,Red,600,1845,1600
2020-02-07,149,930,NR,Red,100,1888,1511
2020-02-07,150,135,NR,Pole,800,2300,1700
2020-02-07,154,405,NR,Red,300,2001,1500
2020-02-07,156,4,NR,Local,350,2200,1275
2020-02-07,157,860,NR,Other,100,1800,1475
2020-02-07,161,3559,NR,Red,100,2350,1200
2020-02-07,162,749,NR,Other,1200,1800,1500
2020-02-07,163,1498,NR,Red,600,1852,1670
2020-02-07,423,130,NR,Other,700,1900,1500
2020-02-07,427,2849,NR,Local,800,1900,1500
2020-02-07,471,40,NR,Red,750,1875,1250
2020-02-07,474,165,NR,Red,800,1858,1651
2020-02-07,506,1650,NR,Red,701,1870,1500
2020-02-07,540,1132,NR,Red,300,2700,1500
2020-02-07,685,1599,NR,Pole,300,2015,1601
2020-02-07,799,8,NR,Local,900,1200,1075
2020-02-07,838,3,NR,Local,1400,1600,1500
2020-02-08,-1,10,NR,1st Sort,1400,2000,1400
2020-02-08,-1,144,NR,Red,710,1500,1100
2020-02-08,-1,576,NR,Local,800,2200,1500
2020-02-08,1296,1,NR,Local,1000,2500,1700
2020-02-08,138,73,NR,Local,1400,1800,1600
2020-02-08,139,1000,NR,Red,1200,2103,1700
2020-02-08,1412,66,NR,Other,300,2200,1250
2020-02-08,142,249,NR,Red,1400,2318,1750
2020-02-08,145,486,NR,Other,500,1900,1500
2020-02-08,146,448,NR,Red,800,1941,1780
2020-02-08,147,30,NR,Red,700,1831,1500
2020-02-08,150,145,NR,Pole,750,2000,1400
2020-02-08,156,2,NR,Local,1500,2200,1850
2020-02-08,161,3578,NR,Red,100,2300,1200
2020-02-08,162,1138,NR,Other,1500,2200,1850
2020-02-08,163,611,NR,Red,600,1972,1700
2020-02-08,379,150,NR,Red,1200,2500,2175
2020-02-08,380,60,NR,Red,500,2000,1300
2020-02-08,382,8,NR,Red,200,1800,1700
2020-02-08,426,1673,NR,Red,500,2000,1500
2020-02-08,471,38,NR,Red,700,2000,1400
2020-02-08,472,15,NR,Other,2000,3000,3000
2020-02-08,477,361,NR,Red,300,2000,1500
2020-02-08,675,243,NR,Red,100,1750,1340
2020-02-08,685,879,NR,Pole,600,2055,1551
2020-02-08,838,1,NR,Local,1000,1600,1300
2020-02-08,890,1,NR,Other,1500,1500,1500
2020-02-08,897,66,NR,Red,500,2200,1400
2020-02-08,905,31,NR,Local,200,2100,1150
2020-02-08,937,136,NR,Other,300,2200,1700
2020-02-09,-1,1,NR,Other,2200,2400,2300
2020-02-09,-1,48,NR,Red,700,1480,1100
2020-02-09,1296,1,NR,Local,1000,2500,1700
2020-02-09,1412,78,NR,Other,200,1800,1000
2020-02-09,153,9,NR,Red,500,2000,1500
2020-02-09,157,451,NR,Other,100,2000,1500
2020-02-09,375,4391,NR,Other,200,2300,1900
2020-02-09,379,200,NR,Red,1200,3000,2550
2020-02-09,427,2822,NR,Local,800,2100,1800
2020-02-09,428,218,NR,Red,500,2300,1400
2020-02-09,429,1125,NR,Red,700,2511,1605
2020-02-09,430,66,NR,Other,1000,2000,1500
2020-02-09,472,20,NR,Other,1000,1800,1800
2020-02-09,500,25,NR,White,1500,3000,2000
2020-02-09,504,5,NR,Other,100,1800,1150
2020-02-09,540,1239,NR,Red,500,3000,2000
2020-02-09,602,807,NR,Other,1500,4700,3250
2020-02-09,720,58,NR,Red,800,2200,1500
2020-02-09,793,25,NR,Red,1000,2100,1500
2020-02-09,838,1,NR,Local,700,1900,1300
2020-02-09,862,94,NR,Red,1000,2000,1701
2020-02-09,890,1,NR,Other,1500,1500,1500
2020-02-10,-1,19,NR,1st Sort,1500,2500,1500
2020-02-10,-1,20,NR,Other,100,2100,1100
2020-02-10,-1,398,NR,Local,800,2400,1500
2020-02-10,-1,72,NR,Red,700,1480,1100
2020-02-10,1029,89,NR,2nd Sort,600,2000,1300
2020-02-10,1068,101,NR,Red,100,2100,800
2020-02-10,1249,450,NR,Red,20,54,20
2020-02-10,1296,10,NR,Local,1000,2000,1500
2020-02-10,138,21,NR,Local,1200,2000,1600
2020-02-10,140,628,NR,Red,1000,2400,2100
2020-02-10,1412,62,NR,Other,300,2000,1150
2020-02-10,142,348,NR,Red,1500,2570,2050
2020-02-10,144,340,NR,Red,1000,2300,2100
2020-02-10,145,339,NR,Other,700,2500,1600
2020-02-10,146,1081,NR,Red,1051,2350,2101
2020-02-10,147,875,NR,Red,800,2141,1850
2020-02-10,149,858,NR,Red,200,2155,1850
2020-02-10,150,146,NR,Pole,700,2300,1600
2020-02-10,154,395,NR,Red,300,2263,1890
2020-02-10,159,599,NR,Red,650,2310,1875
2020-02-10,160,1137,NR,Red,300,2711,2100
2020-02-10,161,3418,NR,Red,100,2500,1300
2020-02-10,162,975,NR,Other,1700,2400,2050
2020-02-10,163,1350,NR,Red,800,2261,2050
2020-02-10,375,3228,NR,Other,300,2600,2100
2020-02-10,379,100,NR,Red,2000,2500,2375
2020-02-10,423,71,NR,Other,800,2200,2000
2020-02-10,426,1264,NR,Red,500,2200,1500
2020-02-10,427,2002,NR,Local,1000,2100,1800
2020-02-10,471,13,NR,Red,500,2100,1300
2020-02-10,472,20,NR,Other,1000,2000,2000
2020-02-10,474,273,NR,Red,1051,2225,2100
2020-02-10,477,305,NR,Red,300,2300,1800
2020-02-10,504,2,NR,Other,200,1850,1025
2020-02-10,505,206,NR,Other,500,2225,1450
2020-02-10,506,1050,NR,Red,900,2122,1800
2020-02-10,602,8,NR,Other,1000,2000,1560
2020-02-10,675,58,NR,Red,100,2205,1800
2020-02-10,685,1323,NR,Pole,500,2335,1951
2020-02-10,838,1,NR,Local,800,1900,1350
2020-02-10,897,91,NR,Red,600,2350,1500
2020-02-10,937,92,NR,Other,300,2400,1700
2020-02-11,-1,1,NR,Other,1800,2200,2000
2020-02-11,-1,338,NR,Local,800,2400,1500
2020-02-11,-1,80,NR,Red,700,1460,1100
2020-02-11,1296,1,NR,Local,800,2000,1400
2020-02-11,138,63,NR,Local,1000,2000,1500
2020-02-11,139,1167,NR,Red,1500,2207,1850
2020-02-11,140,574,NR,Red,1000,2300,1900
2020-02-11,1412,59,NR,Other,600,2200,1400
2020-02-11,142,200,NR,Red,1500,2601,1950
2020-02-11,144,310,NR,Red,1500,2325,2100
2020-02-11,145,437,NR,Other,700,2300,1600
2020-02-11,146,2440,NR,Red,1000,2260,1850
2020-02-11,147,29,NR,Red,700,2155,1800
2020-02-11,149,720,NR,Red,150,2170,1850
2020-02-11,150,114,NR,Pole,700,2600,1650
2020-02-11,153,10,NR,Red,500,3500,2650
2020-02-11,154,452,NR,Red,401,2200,1760
2020-02-11,156,1,NR,Local,800,1400,1100
2020-02-11,157,690,NR,Other,100,2200,1700
2020-02-11,159,639,NR,Red,650,2225,1875
2020-02-11,160,350,NR,Red,500,2275,2000
2020-02-11,161,3006,NR,Red,200,2800,1400
2020-02-11,162,909,NR,Other,1700,2400,2050
2020-02-11,379,167,NR,Red,2000,2500,2375
2020-02-11,380,78,NR,Red,200,2500,1700
2020-02-11,427,2456,NR,Local,1000,2100,1700
2020-02-11,428,260,NR,Other,500,2300,1600
2020-02-11,429,1144,NR,Red,700,3000,1850
2020-02-11,471,6,NR,Red,600,2075,1625
2020-02-11,472,15,NR,Other,1500,2200,2200
2020-02-11,474,306,NR,Red,1000,2240,1951
2020-02-11,506,1650,NR,Red,751,2150,1800
2020-02-11,602,625,NR,Other,1000,2400,1850
2020-02-11,655,219,NR,Hybrid,500,2500,1600
2020-02-11,675,213,NR,Red,100,2200,1850
2020-02-11,685,1685,NR,Pole,400,2200,1851
2020-02-11,838,1,NR,Local,900,1800,1350
2020-02-11,862,182,NR,Red,1000,2300,1950
2020-02-11,897,24,NR,Red,941,1841,1500
2020-02-11,905,19,NR,Local,500,2500,1500
2020-02-11,930,1387,NR,Other,1300,3200,2300
2020-02-12,-1,400,NR,Local,800,2500,1600
2020-02-12,-1,64,NR,Red,700,1460,1100
2020-02-12,-1,7,NR,Other,200,1850,1200
2020-02-12,1249,17,NR,Red,700,2300,1000
2020-02-12,1296,1,NR,Local,800,2000,1400
2020-02-12,138,52,NR,Local,1000,2000,1500
2020-02-12,139,1260,NR,Red,1000,2153,1850
2020-02-12,140,528,NR,Red,500,2305,1900
2020-02-12,1412,59,NR,Other,400,2150,1275
2020-02-12,142,316,NR,Red,1600,2540,2050
2020-02-12,145,427,NR,Other,700,2500,1700
2020-02-12,146,2110,NR,Red,800,2200,1880
2020-02-12,147,20,NR,Red,700,2100,1750
2020-02-12,150,91,NR,Pole,750,2700,1600
2020-02-12,151,1,NR,Red,1300,2000,1650
2020-02-12,154,469,NR,Red,301,2031,1615
2020-02-12,156,1,NR,Local,800,1500,1150
2020-02-12,159,712,NR,Red,650,2275,1875
2020-02-12,160,1048,NR,Red,250,2400,1900
2020-02-12,161,2320,NR,Red,200,2600,1300
2020-02-12,162,727,NR,Other,1800,2500,2150
2020-02-12,163,1589,NR,Red,700,2026,1780
2020-02-12,378,1120,NR,Other,1800,2500,2000
2020-02-12,379,170,NR,Red,1900,2400,2275
2020-02-12,382,5,NR,Red,300,2700,1800
2020-02-12,426,1253,NR,Red,1000,2300,1800
2020-02-12,427,1973,NR,Local,1000,2250,2000
2020-02-12,471,38,NR,Red,875,2250,1550
2020-02-12,472,20,NR,Other,1500,2000,2000
2020-02-12,474,337,NR,Red,1000,2072,1900
2020-02-12,504,2,NR,Other,300,2120,1450
2020-02-12,506,1850,NR,Red,751,2150,1850
2020-02-12,540,1877,NR,Red,300,3100,2200
2020-02-12,602,5,NR,Other,950,2000,1450
2020-02-12,675,154,NR,Red,200,2150,1850
2020-02-12,685,1646,NR,Pole,300,2140,1751
2020-02-12,720,29,NR,Red,900,2300,1600
2020-02-12,838,1,NR,Local,1000,2100,1550
2020-02-12,883,1,NR,Local,2000,3000,2800
2020-02-13,-1,16,NR,Red,680,1480,1100
2020-02-13,1041,4,NR,Other,200,1900,1100
2020-02-13,1296,1,NR,Local,800,2000,1400
2020-02-13,138,49,NR,Local,1000,2000,1500
2020-02-13,139,1200,NR,Red,1000,2075,1800
2020-02-13,140,668,NR,Red,1000,2300,1950
2020-02-13,145,370,NR,Other,700,2400,1700
2020-02-13,146,2058,NR,Red,1000,2140,1860
2020-02-13,147,30,NR,Red,700,2080,1700
2020-02-13,156,1,NR,Local,500,1300,900
2020-02-13,160,347,NR,Red,300,2115,1900
2020-02-13,161,2802,NR,Red,200,2700,1400
2020-02-13,162,859,NR,Other,1800,2500,2150
2020-02-13,163,788,NR,Red,600,2075,1750
2020-02-13,380,21,NR,Red,100,2400,1700
2020-02-13,427,2330,NR,Local,1000,2300,1900
2020-02-13,429,1150,NR,Red,700,3000,1850
2020-02-13,430,45,NR,Other,1000,2100,1600
2020-02-13,471,196,NR,Red,750,2250,1500
2020-02-13,472,20,NR,Other,1800,2200,2200
2020-02-13,474,348,NR,Red,900,2029,1900
2020-02-13,477,368,NR,Red,300,2400,1800
2020-02-13,506,1650,NR,Red,800,2100,1750
2020-02-13,675,176,NR,Red,100,2100,1700
2020-02-13,685,1577,NR,Pole,200,2199,1775
2020-02-13,793,29,NR,Red,700,2300,1600
2020-02-13,799,7,NR,Local,1000,1850,1350
2020-02-13,838,1,NR,Local,1500,2000,1750
2020-02-13,862,267,NR,Red,1000,2100,1910
2020-02-14,1296,1,NR,Local,800,2000,1450
2020-02-14,146,950,NR,Red,1000,2115,1850
2020-02-14,147,800,NR,Red,650,1976,1800
2020-02-14,162,832,NR,Other,1800,2500,2150
2020-02-14,427,2039,NR,Local,800,2200,1900
2020-02-14,838,2,NR,Local,700,2100,1400
