,date,price
0,2006-01-01,10
1,2006-01-02,10
2,2006-01-03,10
3,2006-01-04,10
4,2006-01-05,10
5,2006-01-06,10
6,2006-01-07,10
7,2006-01-08,10
8,2006-01-09,10
9,2006-01-10,10
10,2006-01-11,10
11,2006-01-12,10
12,2006-01-13,10
13,2006-01-14,10
14,2006-01-15,10
15,2006-01-16,10
16,2006-01-17,10
17,2006-01-18,10
18,2006-01-19,10
19,2006-01-20,10
20,2006-01-21,9.22222222222222
21,2006-01-22,7.77777777777778
22,2006-01-23,7
23,2006-01-24,7
24,2006-01-25,7
25,2006-01-26,7
26,2006-01-27,7
27,2006-01-28,7
28,2006-01-29,7
29,2006-01-30,7
30,2006-01-31,7
31,2006-02-01,7
32,2006-02-02,7
33,2006-02-03,7
34,2006-02-04,7
35,2006-02-05,7
36,2006-02-06,7
37,2006-02-07,8
38,2006-02-08,8
39,2006-02-09,8
40,2006-02-10,8
41,2006-02-11,8
42,2006-02-12,8
43,2006-02-13,8
44,2006-02-14,8
45,2006-02-15,10
46,2006-02-16,10
47,2006-02-17,10
48,2006-02-18,10
49,2006-02-19,10
50,2006-02-20,10
51,2006-02-21,10
52,2006-02-22,10
53,2006-02-23,10
54,2006-02-24,10
55,2006-02-25,8.96296296296296
56,2006-02-26,7.03703703703704
57,2006-02-27,6
58,2006-02-28,6
59,2006-02-29,6
60,2006-02-30,6
61,2006-02-31,6
62,2006-03-01,6
63,2006-03-02,6
64,2006-03-03,6
65,2006-03-04,6
66,2006-03-05,6
67,2006-03-06,6
68,2006-03-07,6
69,2006-03-08,6
70,2006-03-09,6
71,2006-03-10,6
72,2006-03-11,6
73,2006-03-12,6
74,2006-03-13,6
75,2006-03-14,6
76,2006-03-15,5.5
77,2006-03-16,5
78,2006-03-17,5
79,2006-03-18,5
80,2006-03-19,5
81,2006-03-20,5
82,2006-03-21,5
83,2006-03-22,5
84,2006-03-23,5
85,2006-03-24,5
86,2006-03-25,5
87,2006-03-26,5
88,2006-03-27,5
89,2006-03-28,5
90,2006-03-29,5
91,2006-03-30,5
92,2006-03-31,5
93,2006-04-01,5
94,2006-04-02,5
95,2006-04-03,5
96,2006-04-04,6
97,2006-04-05,6
98,2006-04-06,6
99,2006-04-07,6
100,2006-04-08,6
101,2006-04-09,6
102,2006-04-10,6
103,2006-04-11,6
104,2006-04-12,6
105,2006-04-13,6
106,2006-04-14,6
107,2006-04-15,6
108,2006-04-16,6
109,2006-04-17,6
110,2006-04-18,5
111,2006-04-19,5
112,2006-04-20,5
113,2006-04-21,5
114,2006-04-22,5
115,2006-04-23,5
116,2006-04-24,5
117,2006-04-25,5
118,2006-04-26,5
119,2006-04-27,5
120,2006-04-28,5
121,2006-04-29,5
122,2006-04-30,5
123,2006-04-31,5
124,2006-05-01,5
125,2006-05-02,5
126,2006-05-03,5
127,2006-05-04,5
128,2006-05-05,5
129,2006-05-06,5
130,2006-05-07,5
131,2006-05-08,5
132,2006-05-09,5
133,2006-05-10,5
134,2006-05-11,5
135,2006-05-12,4
136,2006-05-13,4
137,2006-05-14,4
138,2006-05-15,4
139,2006-05-16,4
140,2006-05-17,4
141,2006-05-18,4
142,2006-05-19,4
143,2006-05-20,4.51851851851852
144,2006-05-21,5.48148148148148
145,2006-05-22,6
146,2006-05-23,6
147,2006-05-24,6
148,2006-05-25,6
149,2006-05-26,6
150,2006-05-27,6
151,2006-05-28,6
152,2006-05-29,6
153,2006-05-30,6
154,2006-05-31,6
155,2006-06-01,6
156,2006-06-02,6
157,2006-06-03,6
158,2006-06-04,6
159,2006-06-05,6
160,2006-06-06,6
161,2006-06-07,6
162,2006-06-08,6
163,2006-06-09,6
164,2006-06-10,6
165,2006-06-11,6
166,2006-06-12,6
167,2006-06-13,6
168,2006-06-14,6
169,2006-06-15,6
170,2006-06-16,6
171,2006-06-17,6
172,2006-06-18,6
173,2006-06-19,6
174,2006-06-20,6
175,2006-06-21,6
176,2006-06-22,6
177,2006-06-23,6
178,2006-06-24,6
179,2006-06-25,6
180,2006-06-26,6
181,2006-06-27,6
182,2006-06-28,6
183,2006-06-29,6
184,2006-06-30,6
185,2006-06-31,6
186,2006-07-01,6
187,2006-07-02,6
188,2006-07-03,6
189,2006-07-04,8
190,2006-07-05,8
191,2006-07-06,8
192,2006-07-07,8
193,2006-07-08,8
194,2006-07-09,8
195,2006-07-10,8
196,2006-07-11,8
197,2006-07-12,8
198,2006-07-13,8
199,2006-07-14,8
200,2006-07-15,8
201,2006-07-16,8
202,2006-07-17,8
203,2006-07-18,8
204,2006-07-19,8
205,2006-07-20,8
206,2006-07-21,8
207,2006-07-22,8
208,2006-07-23,8
209,2006-07-24,8
210,2006-07-25,8
211,2006-07-26,8
212,2006-07-27,8
213,2006-07-28,8
214,2006-07-29,8
215,2006-07-30,8
216,2006-07-31,8
217,2006-08-01,8
218,2006-08-02,8
219,2006-08-03,8
220,2006-08-04,8
221,2006-08-05,8
222,2006-08-06,8
223,2006-08-07,8
224,2006-08-08,8
225,2006-08-09,7
226,2006-08-10,7
227,2006-08-11,7
228,2006-08-12,7
229,2006-08-13,7
230,2006-08-14,7
231,2006-08-15,7.51851851851852
232,2006-08-16,8.48148148148148
233,2006-08-17,9
234,2006-08-18,9
235,2006-08-19,9
236,2006-08-20,9
237,2006-08-21,9
238,2006-08-22,9
239,2006-08-23,9
240,2006-08-24,9
241,2006-08-25,9
242,2006-08-26,9
243,2006-08-27,9
244,2006-08-28,9
245,2006-08-29,9
246,2006-08-30,9
247,2006-08-31,9
248,2006-09-01,9
249,2006-09-02,9
250,2006-09-03,9
251,2006-09-04,9
252,2006-09-05,8
253,2006-09-06,8
254,2006-09-07,8
255,2006-09-08,8
256,2006-09-09,8
257,2006-09-10,8
258,2006-09-11,8
259,2006-09-12,8
260,2006-09-13,8
261,2006-09-14,8
262,2006-09-15,8
263,2006-09-16,8
264,2006-09-17,8
265,2006-09-18,8
266,2006-09-19,10
267,2006-09-20,10
268,2006-09-21,10
269,2006-09-22,10
270,2006-09-23,10
271,2006-09-24,10
272,2006-09-25,10
273,2006-09-26,10
274,2006-09-27,10
275,2006-09-28,10
276,2006-09-29,10
277,2006-09-30,10
278,2006-09-31,10
279,2006-10-01,10
280,2006-10-02,10
281,2006-10-03,10
282,2006-10-04,10
283,2006-10-05,10
284,2006-10-06,10
285,2006-10-07,10
286,2006-10-08,10
287,2006-10-09,10
288,2006-10-10,8
289,2006-10-11,8
290,2006-10-12,8
291,2006-10-13,8
292,2006-10-14,8
293,2006-10-15,8
294,2006-10-16,8
295,2006-10-17,8
296,2006-10-18,8
297,2006-10-19,8
298,2006-10-20,8
299,2006-10-21,8
300,2006-10-22,8
301,2006-10-23,8
302,2006-10-24,8
303,2006-10-25,8
304,2006-10-26,8
305,2006-10-27,8
306,2006-10-28,8
307,2006-10-29,8
308,2006-10-30,8
309,2006-10-31,8
310,2006-11-01,8
311,2006-11-02,8
312,2006-11-03,8
313,2006-11-04,8
314,2006-11-05,8
315,2006-11-06,8
316,2006-11-07,8
317,2006-11-08,8
318,2006-11-09,8
319,2006-11-10,8
320,2006-11-11,8
321,2006-11-12,8
322,2006-11-13,8
323,2006-11-14,8
324,2006-11-15,10
325,2006-11-16,9
326,2006-11-17,9
327,2006-11-18,9
328,2006-11-19,9
329,2006-11-20,9
330,2006-11-21,9
331,2006-11-22,10
332,2006-11-23,10
333,2006-11-24,10
334,2006-11-25,10
335,2006-11-26,10
336,2006-11-27,10
337,2006-11-28,10
338,2006-11-29,10
339,2006-11-30,10
340,2006-11-31,10
341,2006-12-01,10
342,2006-12-02,10
343,2006-12-03,10
344,2006-12-04,10
345,2006-12-05,10
346,2006-12-06,10
347,2006-12-07,10
348,2006-12-08,10
349,2006-12-09,10
350,2006-12-10,10
351,2006-12-11,10
352,2006-12-12,10
353,2006-12-13,10
354,2006-12-14,10
355,2006-12-15,12
356,2006-12-16,12
357,2006-12-17,12
358,2006-12-18,12
359,2006-12-19,12
360,2006-12-20,12
361,2006-12-21,12
362,2006-12-22,12
363,2006-12-23,11.6875
364,2006-12-24,11
365,2006-12-25,10.3125
366,2006-12-26,10
367,2006-12-27,10
368,2006-12-28,10
369,2006-12-29,10
370,2006-12-30,10.3125
371,2006-12-31,11
372,2007-01-01,11.6875
373,2007-01-02,12
374,2007-01-03,12
375,2007-01-04,12
376,2007-01-05,12
377,2007-01-06,12
378,2007-01-07,12
379,2007-01-08,12
380,2007-01-09,12
381,2007-01-10,12
382,2007-01-11,12
383,2007-01-12,12
384,2007-01-13,12.2592592592593
385,2007-01-14,12.7407407407407
386,2007-01-15,13
387,2007-01-16,13
388,2007-01-17,13
389,2007-01-18,13
390,2007-01-19,15
391,2007-01-20,15
392,2007-01-21,15
393,2007-01-22,15
394,2007-01-23,15
395,2007-01-24,15
396,2007-01-25,15
397,2007-01-26,15
398,2007-01-27,15
399,2007-01-28,15
400,2007-01-29,15
401,2007-01-30,16
402,2007-01-31,17
403,2007-02-01,17
404,2007-02-02,17
405,2007-02-03,16.6653895274585
406,2007-02-04,15.8863346104725
407,2007-02-05,15
408,2007-02-06,14
409,2007-02-07,14
410,2007-02-08,14
411,2007-02-09,14
412,2007-02-10,14
413,2007-02-11,14
414,2007-02-12,14
415,2007-02-13,14
416,2007-02-14,14
417,2007-02-15,14
418,2007-02-16,14
419,2007-02-17,14
420,2007-02-18,14
421,2007-02-19,14
422,2007-02-20,17
423,2007-02-21,17
424,2007-02-22,17
425,2007-02-23,17
426,2007-02-24,17
427,2007-02-25,17
428,2007-02-26,17
429,2007-02-27,16
430,2007-02-28,16
431,2007-02-29,16
432,2007-02-30,16
433,2007-02-31,16
434,2007-03-01,16
435,2007-03-02,16
436,2007-03-03,16
437,2007-03-04,16
438,2007-03-05,16
439,2007-03-06,16
440,2007-03-07,16
441,2007-03-08,16
442,2007-03-09,13
443,2007-03-10,13
444,2007-03-11,13
445,2007-03-12,13
446,2007-03-13,14
447,2007-03-14,14
448,2007-03-15,13
449,2007-03-16,13
450,2007-03-17,13
451,2007-03-18,13
452,2007-03-19,13
453,2007-03-20,13
454,2007-03-21,10
455,2007-03-22,10
456,2007-03-23,10
457,2007-03-24,10
458,2007-03-25,10
459,2007-03-26,10
460,2007-03-27,10
461,2007-03-28,10
462,2007-03-29,10
463,2007-03-30,10
464,2007-03-31,10
465,2007-04-01,10
466,2007-04-02,10
467,2007-04-03,10
468,2007-04-04,10
469,2007-04-05,10
470,2007-04-06,10
471,2007-04-07,10
472,2007-04-08,10
473,2007-04-09,10
474,2007-04-10,10
475,2007-04-11,10
476,2007-04-12,10
477,2007-04-13,10
478,2007-04-14,10
479,2007-04-15,10
480,2007-04-16,10
481,2007-04-17,10
482,2007-04-18,10
483,2007-04-19,10
484,2007-04-20,10
485,2007-04-21,10
486,2007-04-22,10
487,2007-04-23,10
488,2007-04-24,10
489,2007-04-25,10
490,2007-04-26,9
491,2007-04-27,9
492,2007-04-28,9
493,2007-04-29,9
494,2007-04-30,9
495,2007-04-31,9
496,2007-05-01,11
497,2007-05-02,11
498,2007-05-03,11
499,2007-05-04,11
500,2007-05-05,11
501,2007-05-06,11
502,2007-05-07,11
503,2007-05-08,11
504,2007-05-09,11
505,2007-05-10,11
506,2007-05-11,10
507,2007-05-12,10
508,2007-05-13,10
509,2007-05-14,10
510,2007-05-15,10
511,2007-05-16,10
512,2007-05-17,10
513,2007-05-18,10
514,2007-05-19,10
515,2007-05-20,10
516,2007-05-21,10
517,2007-05-22,10
518,2007-05-23,10
519,2007-05-24,10
520,2007-05-25,10
521,2007-05-26,9.74074074074074
522,2007-05-27,9.25925925925926
523,2007-05-28,9
524,2007-05-29,9
525,2007-05-30,10
526,2007-05-31,10
527,2007-06-01,10
528,2007-06-02,10
529,2007-06-03,10
530,2007-06-04,10
531,2007-06-05,10
532,2007-06-06,10
533,2007-06-07,10
534,2007-06-08,10
535,2007-06-09,10
536,2007-06-10,10
537,2007-06-11,10
538,2007-06-12,10
539,2007-06-13,11
540,2007-06-14,11
541,2007-06-15,11
542,2007-06-16,11
543,2007-06-17,11
544,2007-06-18,11
545,2007-06-19,11
546,2007-06-20,11
547,2007-06-21,11
548,2007-06-22,12
549,2007-06-23,12
550,2007-06-24,12
551,2007-06-25,12
552,2007-06-26,12
553,2007-06-27,12
554,2007-06-28,12
555,2007-06-29,14
556,2007-06-30,14
557,2007-06-31,14
558,2007-07-01,14
559,2007-07-02,14
560,2007-07-03,14
561,2007-07-04,15
562,2007-07-05,15
563,2007-07-06,15
564,2007-07-07,15
565,2007-07-08,15
566,2007-07-09,15
567,2007-07-10,15
568,2007-07-11,15
569,2007-07-12,15
570,2007-07-13,15
571,2007-07-14,15
572,2007-07-15,15
573,2007-07-16,15
574,2007-07-17,15
575,2007-07-18,15
576,2007-07-19,15
577,2007-07-20,15
578,2007-07-21,15
579,2007-07-22,15
580,2007-07-23,15
581,2007-07-24,15
582,2007-07-25,14
583,2007-07-26,14
584,2007-07-27,14
585,2007-07-28,14
586,2007-07-29,14
587,2007-07-30,14
588,2007-07-31,14
589,2007-08-01,13
590,2007-08-02,13
591,2007-08-03,13
592,2007-08-04,13
593,2007-08-05,13
594,2007-08-06,13
595,2007-08-07,13
596,2007-08-08,13
597,2007-08-09,13
598,2007-08-10,13
599,2007-08-11,13
600,2007-08-12,13
601,2007-08-13,13
602,2007-08-14,15
603,2007-08-15,15
604,2007-08-16,15
605,2007-08-17,15
606,2007-08-18,15
607,2007-08-19,15
608,2007-08-20,15
609,2007-08-21,15
610,2007-08-22,16
611,2007-08-23,16
612,2007-08-24,16
613,2007-08-25,16
614,2007-08-26,16
615,2007-08-27,16
616,2007-08-28,16
617,2007-08-29,16
618,2007-08-30,16
619,2007-08-31,16
620,2007-09-01,16
621,2007-09-02,16
622,2007-09-03,16
623,2007-09-04,16
624,2007-09-05,16
625,2007-09-06,16
626,2007-09-07,16
627,2007-09-08,16
628,2007-09-09,16
629,2007-09-10,16
630,2007-09-11,16
631,2007-09-12,16
632,2007-09-13,17
633,2007-09-14,17
634,2007-09-15,17
635,2007-09-16,17
636,2007-09-17,17
637,2007-09-18,17
638,2007-09-19,18
639,2007-09-20,18
640,2007-09-21,18
641,2007-09-22,17.7407407407407
642,2007-09-23,17.2592592592593
643,2007-09-24,17
644,2007-09-25,17
645,2007-09-26,17
646,2007-09-27,17
647,2007-09-28,17
648,2007-09-29,17
649,2007-09-30,17
650,2007-09-31,17
651,2007-10-01,17
652,2007-10-02,17
653,2007-10-03,17
654,2007-10-04,17
655,2007-10-05,18
656,2007-10-06,17.4814814814815
657,2007-10-07,16.5185185185185
658,2007-10-08,16
659,2007-10-09,16
660,2007-10-10,16
661,2007-10-11,16
662,2007-10-12,16
663,2007-10-13,16
664,2007-10-14,16
665,2007-10-15,16
666,2007-10-16,16
667,2007-10-17,16
668,2007-10-18,16
669,2007-10-19,16
670,2007-10-20,16
671,2007-10-21,16
672,2007-10-22,16
673,2007-10-23,16
674,2007-10-24,16
675,2007-10-25,16
676,2007-10-26,16
677,2007-10-27,16
678,2007-10-28,16
679,2007-10-29,16
680,2007-10-30,16
681,2007-10-31,16
682,2007-11-01,16
683,2007-11-02,16
684,2007-11-03,16
685,2007-11-04,16
686,2007-11-05,16
687,2007-11-06,16
688,2007-11-07,16
689,2007-11-08,14
690,2007-11-09,14
691,2007-11-10,14
692,2007-11-11,14
693,2007-11-12,14
694,2007-11-13,14
695,2007-11-14,14
696,2007-11-15,14
697,2007-11-16,16
698,2007-11-17,16
699,2007-11-18,16
700,2007-11-19,16
701,2007-11-20,16
702,2007-11-21,15
703,2007-11-22,15
704,2007-11-23,15
705,2007-11-24,15
706,2007-11-25,15
707,2007-11-26,15
708,2007-11-27,15
709,2007-11-28,15
710,2007-11-29,14
711,2007-11-30,12
712,2007-11-31,12
713,2007-12-01,12
714,2007-12-02,12
715,2007-12-03,12
716,2007-12-04,12
717,2007-12-05,12
718,2007-12-06,12
719,2007-12-07,12
720,2007-12-08,11.7407407407407
721,2007-12-09,11.2592592592593
722,2007-12-10,11
723,2007-12-11,12
724,2007-12-12,12
725,2007-12-13,12
726,2007-12-14,12
727,2007-12-15,14
728,2007-12-16,14
729,2007-12-17,14
730,2007-12-18,15
731,2007-12-19,13
732,2007-12-20,13
733,2007-12-21,12.1666666666667
734,2007-12-22,11
735,2007-12-23,10.3333333333333
736,2007-12-24,10
737,2007-12-25,12
738,2007-12-26,14
739,2007-12-27,14
740,2007-12-28,8
741,2007-12-29,8
742,2007-12-30,9
743,2007-12-31,10
744,2008-01-01,10
745,2008-01-02,8
746,2008-01-03,10
747,2008-01-04,8
748,2008-01-05,6
749,2008-01-06,6.32692307692308
750,2008-01-07,7
751,2008-01-08,8
752,2008-01-09,14
753,2008-01-10,14
754,2008-01-11,12
755,2008-01-12,10
756,2008-01-13,8.65384615384615
757,2008-01-14,8
758,2008-01-15,10
759,2008-01-16,10
760,2008-01-17,10
761,2008-01-18,10
762,2008-01-19,10
763,2008-01-20,10
764,2008-01-21,10
765,2008-01-22,12
766,2008-01-23,10
767,2008-01-24,10
768,2008-01-25,10
769,2008-01-26,10
770,2008-01-27,10
771,2008-01-28,10
772,2008-01-29,8
773,2008-01-30,7
774,2008-01-31,8
775,2008-02-01,8
776,2008-02-02,8
777,2008-02-03,9
778,2008-02-04,10
779,2008-02-05,10
780,2008-02-06,12
781,2008-02-07,11
782,2008-02-08,10
783,2008-02-09,9.29757343550447
784,2008-02-10,8.70242656449553
785,2008-02-11,8
786,2008-02-12,7
787,2008-02-13,9
788,2008-02-14,10
789,2008-02-15,8
790,2008-02-16,10
791,2008-02-17,9
792,2008-02-18,8
793,2008-02-19,8
794,2008-02-20,8
795,2008-02-21,9
796,2008-02-22,10
797,2008-02-23,10
798,2008-02-24,10
799,2008-02-25,10
800,2008-02-26,8
801,2008-02-27,8
802,2008-02-28,8
803,2008-02-29,8
804,2008-02-30,8
805,2008-02-31,8
806,2008-03-01,8
807,2008-03-02,8
808,2008-03-03,8
809,2008-03-04,8
810,2008-03-05,8
811,2008-03-06,7
812,2008-03-07,7
813,2008-03-08,7.25925925925926
814,2008-03-09,7.74074074074074
815,2008-03-10,8
816,2008-03-11,7
817,2008-03-12,8
818,2008-03-13,8
819,2008-03-14,8
820,2008-03-15,8
821,2008-03-16,7.5
822,2008-03-17,7
823,2008-03-18,7
824,2008-03-19,6
825,2008-03-20,7
826,2008-03-21,7
827,2008-03-22,7
828,2008-03-23,7
829,2008-03-24,7
830,2008-03-25,7
831,2008-03-26,8
832,2008-03-27,8
833,2008-03-28,8
834,2008-03-29,8
835,2008-03-30,7.5
836,2008-03-31,7
837,2008-04-01,8
838,2008-04-02,7
839,2008-04-03,7
840,2008-04-04,7
841,2008-04-05,8
842,2008-04-06,7.5
843,2008-04-07,7
844,2008-04-08,8
845,2008-04-09,8
846,2008-04-10,8
847,2008-04-11,8
848,2008-04-12,8
849,2008-04-13,7.48148148148148
850,2008-04-14,6.51851851851852
851,2008-04-15,6
852,2008-04-16,6
853,2008-04-17,6
854,2008-04-18,7
855,2008-04-19,8
856,2008-04-20,8
857,2008-04-21,8
858,2008-04-22,6
859,2008-04-23,8
860,2008-04-24,7
861,2008-04-25,6
862,2008-04-26,9
863,2008-04-27,8.5
864,2008-04-28,8
865,2008-04-29,8
866,2008-04-30,9
867,2008-04-31,9
868,2008-05-01,8
869,2008-05-02,8
870,2008-05-03,7
871,2008-05-04,7
872,2008-05-05,7
873,2008-05-06,7
874,2008-05-07,7
875,2008-05-08,7
876,2008-05-09,7
877,2008-05-10,7
878,2008-05-11,7
879,2008-05-12,7
880,2008-05-13,7
881,2008-05-14,8
882,2008-05-15,7
883,2008-05-16,6
884,2008-05-17,7
885,2008-05-18,6.5
886,2008-05-19,6
887,2008-05-20,6
888,2008-05-21,6
889,2008-05-22,6
890,2008-05-23,6
891,2008-05-24,7
892,2008-05-25,7.67307692307692
893,2008-05-26,8
894,2008-05-27,8
895,2008-05-28,8
896,2008-05-29,8
897,2008-05-30,8
898,2008-05-31,8
899,2008-06-01,8
900,2008-06-02,8
901,2008-06-03,9
902,2008-06-04,9
903,2008-06-05,10
904,2008-06-06,10
905,2008-06-07,10
906,2008-06-08,9.5
907,2008-06-09,9
908,2008-06-10,10
909,2008-06-11,10
910,2008-06-12,10
911,2008-06-13,10
912,2008-06-14,10
913,2008-06-15,9.5
914,2008-06-16,9
915,2008-06-17,10
916,2008-06-18,10
917,2008-06-19,9
918,2008-06-20,10
919,2008-06-21,10
920,2008-06-22,10
921,2008-06-23,10
922,2008-06-24,10
923,2008-06-25,10
924,2008-06-26,10
925,2008-06-27,10
926,2008-06-28,10
927,2008-06-29,10
928,2008-06-30,10
929,2008-06-31,10
930,2008-07-01,10
931,2008-07-02,10
932,2008-07-03,7
933,2008-07-04,12
934,2008-07-05,12
935,2008-07-06,12
936,2008-07-07,12
937,2008-07-08,7
938,2008-07-09,12
939,2008-07-10,12
940,2008-07-11,14
941,2008-07-12,14
942,2008-07-13,14
943,2008-07-14,14
944,2008-07-15,15
945,2008-07-16,14
946,2008-07-17,15
947,2008-07-18,15
948,2008-07-19,16
949,2008-07-20,16
950,2008-07-21,16
951,2008-07-22,18
952,2008-07-23,15
953,2008-07-24,14
954,2008-07-25,15
955,2008-07-26,15
956,2008-07-27,15
957,2008-07-28,15
958,2008-07-29,13
959,2008-07-30,14
960,2008-07-31,13
961,2008-08-01,13
962,2008-08-02,13
963,2008-08-03,13
964,2008-08-04,13
965,2008-08-05,15
966,2008-08-06,15
967,2008-08-07,14
968,2008-08-08,14
969,2008-08-09,12
970,2008-08-10,12
971,2008-08-11,12
972,2008-08-12,12
973,2008-08-13,13
974,2008-08-14,12
975,2008-08-15,12
976,2008-08-16,12
977,2008-08-17,13
978,2008-08-18,14
979,2008-08-19,12
980,2008-08-20,13
981,2008-08-21,13
982,2008-08-22,13
983,2008-08-23,12
984,2008-08-24,12
985,2008-08-25,12
986,2008-08-26,12
987,2008-08-27,12
988,2008-08-28,12
989,2008-08-29,12
990,2008-08-30,12
991,2008-08-31,12
992,2008-09-01,12
993,2008-09-02,14
994,2008-09-03,12
995,2008-09-04,12
996,2008-09-05,12
997,2008-09-06,12
998,2008-09-07,12
999,2008-09-08,12
1000,2008-09-09,12
1001,2008-09-10,12
1002,2008-09-11,12
1003,2008-09-12,13
1004,2008-09-13,13
1005,2008-09-14,13
1006,2008-09-15,13
1007,2008-09-16,13
1008,2008-09-17,13
1009,2008-09-18,13
1010,2008-09-19,13
1011,2008-09-20,12
1012,2008-09-21,12
1013,2008-09-22,12
1014,2008-09-23,13
1015,2008-09-24,12
1016,2008-09-25,12
1017,2008-09-26,10
1018,2008-09-27,10.1380471380471
1019,2008-09-28,10.4983164983165
1020,2008-09-29,11
1021,2008-09-30,12
1022,2008-09-31,12
1023,2008-10-01,13
1024,2008-10-02,11.5
1025,2008-10-03,10
1026,2008-10-04,16
1027,2008-10-05,13
1028,2008-10-06,10
1029,2008-10-07,10
1030,2008-10-08,10
1031,2008-10-09,11
1032,2008-10-10,12
1033,2008-10-11,10
1034,2008-10-12,10
1035,2008-10-13,10
1036,2008-10-14,12
1037,2008-10-15,12
1038,2008-10-16,12
1039,2008-10-17,12
1040,2008-10-18,12
1041,2008-10-19,13
1042,2008-10-20,14
1043,2008-10-21,12
1044,2008-10-22,12
1045,2008-10-23,10
1046,2008-10-24,10
1047,2008-10-25,10
1048,2008-10-26,11
1049,2008-10-27,12
1050,2008-10-28,11
1051,2008-10-29,10
1052,2008-10-30,16
1053,2008-10-31,16
1054,2008-11-01,17.037037037037
1055,2008-11-02,18.962962962963
1056,2008-11-03,20
1057,2008-11-04,20
1058,2008-11-05,20
1059,2008-11-06,16
1060,2008-11-07,10
1061,2008-11-08,10
1062,2008-11-09,10
1063,2008-11-10,10
1064,2008-11-11,10
1065,2008-11-12,10
1066,2008-11-13,15
1067,2008-11-14,20
1068,2008-11-15,19.7239057239057
1069,2008-11-16,19.003367003367
1070,2008-11-17,18
1071,2008-11-18,16
1072,2008-11-19,18
1073,2008-11-20,18
1074,2008-11-21,20
1075,2008-11-22,20
1076,2008-11-23,19
1077,2008-11-24,18
1078,2008-11-25,20
1079,2008-11-26,16
1080,2008-11-27,15
1081,2008-11-28,16
1082,2008-11-29,15
1083,2008-11-30,16.0645161290323
1084,2008-11-31,16.0645161290323
1085,2008-12-01,18
1086,2008-12-02,20
1087,2008-12-03,18
1088,2008-12-04,20
1089,2008-12-05,18
1090,2008-12-06,18
1091,2008-12-07,17.5
1092,2008-12-08,17
1093,2008-12-09,17.2857142857143
1094,2008-12-10,18
1095,2008-12-11,20
1096,2008-12-12,18
1097,2008-12-13,16
1098,2008-12-14,16.6538461538462
1099,2008-12-15,18
1100,2008-12-16,20
1101,2008-12-17,19
1102,2008-12-18,20
1103,2008-12-19,18
1104,2008-12-20,20
1105,2008-12-21,19.25
1106,2008-12-22,18
1107,2008-12-23,17
1108,2008-12-24,18
1109,2008-12-25,18.9038461538462
1110,2008-12-26,20
1111,2008-12-27,22
1112,2008-12-28,23.416253101737
1113,2008-12-29,25
1114,2008-12-30,28
1115,2008-12-31,24
1116,2009-01-01,20
1117,2009-01-02,20
1118,2009-01-03,20.2473320778406
1119,2009-01-04,20.9391086001255
1120,2009-01-05,22
1121,2009-01-06,25
1122,2009-01-07,24
1123,2009-01-08,24.5
1124,2009-01-09,25
1125,2009-01-10,22
1126,2009-01-11,22
1127,2009-01-12,22
1128,2009-01-13,20
1129,2009-01-14,21
1130,2009-01-15,20
1131,2009-01-16,25
1132,2009-01-17,25
1133,2009-01-18,25
1134,2009-01-19,25
1135,2009-01-20,25
1136,2009-01-21,22
1137,2009-01-22,20
1138,2009-01-23,20
1139,2009-01-24,20
1140,2009-01-25,20
1141,2009-01-26,20
1142,2009-01-27,20
1143,2009-01-28,18
1144,2009-01-29,18
1145,2009-01-30,16
1146,2009-01-31,17
1147,2009-02-01,17.6730769230769
1148,2009-02-02,18
1149,2009-02-03,18
1150,2009-02-04,20
1151,2009-02-05,20
1152,2009-02-06,20
1153,2009-02-07,19.7239057239057
1154,2009-02-08,19.003367003367
1155,2009-02-09,18
1156,2009-02-10,16
1157,2009-02-11,16
1158,2009-02-12,18
1159,2009-02-13,14
1160,2009-02-14,18
1161,2009-02-15,19.4285714285714
1162,2009-02-16,20
1163,2009-02-17,18
1164,2009-02-18,16
1165,2009-02-19,18
1166,2009-02-20,18
1167,2009-02-21,18
1168,2009-02-22,17
1169,2009-02-23,16
1170,2009-02-24,16
1171,2009-02-25,18
1172,2009-02-26,16
1173,2009-02-27,13
1174,2009-02-28,15
1175,2009-02-29,15
1176,2009-02-30,15
1177,2009-02-31,15
1178,2009-03-01,15
1179,2009-03-02,15
1180,2009-03-03,16
1181,2009-03-04,15
1182,2009-03-05,15
1183,2009-03-06,12
1184,2009-03-07,14
1185,2009-03-08,12.5
1186,2009-03-09,11
1187,2009-03-10,11.2857142857143
1188,2009-03-11,12
1189,2009-03-12,14
1190,2009-03-13,15
1191,2009-03-14,16
1192,2009-03-15,15.7142857142857
1193,2009-03-16,15
1194,2009-03-17,13
1195,2009-03-18,12
1196,2009-03-19,13
1197,2009-03-20,12
1198,2009-03-21,13
1199,2009-03-22,12.5
1200,2009-03-23,12
1201,2009-03-24,12
1202,2009-03-25,12
1203,2009-03-26,10
1204,2009-03-27,11
1205,2009-03-28,10
1206,2009-03-29,10
1207,2009-03-30,10
1208,2009-03-31,10
1209,2009-04-01,10
1210,2009-04-02,12
1211,2009-04-03,11
1212,2009-04-04,10
1213,2009-04-05,10
1214,2009-04-06,10
1215,2009-04-07,10
1216,2009-04-08,10
1217,2009-04-09,9
1218,2009-04-10,9.33333333333333
1219,2009-04-11,10
1220,2009-04-12,11.1666666666667
1221,2009-04-13,12
1222,2009-04-14,12
1223,2009-04-15,12
1224,2009-04-16,12
1225,2009-04-17,12
1226,2009-04-18,10
1227,2009-04-19,10
1228,2009-04-20,10
1229,2009-04-21,11
1230,2009-04-22,12
1231,2009-04-23,10
1232,2009-04-24,10
1233,2009-04-25,10
1234,2009-04-26,11
1235,2009-04-27,12
1236,2009-04-28,12
1237,2009-04-29,10
1238,2009-04-30,10
1239,2009-04-31,10
1240,2009-05-01,10
1241,2009-05-02,10.1380471380471
1242,2009-05-03,10.4983164983165
1243,2009-05-04,11
1244,2009-05-05,12
1245,2009-05-06,10
1246,2009-05-07,10
1247,2009-05-08,12
1248,2009-05-09,12
1249,2009-05-10,11
1250,2009-05-11,10
1251,2009-05-12,10
1252,2009-05-13,12
1253,2009-05-14,12
1254,2009-05-15,10
1255,2009-05-16,10
1256,2009-05-17,10.5
1257,2009-05-18,11
1258,2009-05-19,11
1259,2009-05-20,10
1260,2009-05-21,16
1261,2009-05-22,12
1262,2009-05-23,12.7777777777778
1263,2009-05-24,14.2222222222222
1264,2009-05-25,15
1265,2009-05-26,12
1266,2009-05-27,12
1267,2009-05-28,12
1268,2009-05-29,10
1269,2009-05-30,10.7889750215332
1270,2009-05-31,12.4668389319552
1271,2009-06-01,14
1272,2009-06-02,15
1273,2009-06-03,15
1274,2009-06-04,15
1275,2009-06-05,14
1276,2009-06-06,14
1277,2009-06-07,12
1278,2009-06-08,10
1279,2009-06-09,14
1280,2009-06-10,15
1281,2009-06-11,15
1282,2009-06-12,15
1283,2009-06-13,15
1284,2009-06-14,15
1285,2009-06-15,15
1286,2009-06-16,15
1287,2009-06-17,14
1288,2009-06-18,15
1289,2009-06-19,15
1290,2009-06-20,15
1291,2009-06-21,15
1292,2009-06-22,15
1293,2009-06-23,14
1294,2009-06-24,13
1295,2009-06-25,14
1296,2009-06-26,11
1297,2009-06-27,13
1298,2009-06-28,14.3461538461538
1299,2009-06-29,15
1300,2009-06-30,15
1301,2009-06-31,15
1302,2009-07-01,15
1303,2009-07-02,15
1304,2009-07-03,15
1305,2009-07-04,15
1306,2009-07-05,15
1307,2009-07-06,15
1308,2009-07-07,15
1309,2009-07-08,15
1310,2009-07-09,15
1311,2009-07-10,12
1312,2009-07-11,14
1313,2009-07-12,13
1314,2009-07-13,12
1315,2009-07-14,12
1316,2009-07-15,12
1317,2009-07-16,12
1318,2009-07-17,12
1319,2009-07-18,12
1320,2009-07-19,12
1321,2009-07-20,12
1322,2009-07-21,12
1323,2009-07-22,12
1324,2009-07-23,12
1325,2009-07-24,12
1326,2009-07-25,12
1327,2009-07-26,12
1328,2009-07-27,12
1329,2009-07-28,13
1330,2009-07-29,14
1331,2009-07-30,14
1332,2009-07-31,12
1333,2009-08-01,12
1334,2009-08-02,12
1335,2009-08-03,12
1336,2009-08-04,12
1337,2009-08-05,12
1338,2009-08-06,12
1339,2009-08-07,12
1340,2009-08-08,13
1341,2009-08-09,12.5
1342,2009-08-10,12
1343,2009-08-11,13
1344,2009-08-12,15
1345,2009-08-13,11
1346,2009-08-14,11.15625
1347,2009-08-15,11.5
1348,2009-08-16,11.84375
1349,2009-08-17,12
1350,2009-08-18,12
1351,2009-08-19,12
1352,2009-08-20,12
1353,2009-08-21,12
1354,2009-08-22,13
1355,2009-08-23,13.6730769230769
1356,2009-08-24,14
1357,2009-08-25,14
1358,2009-08-26,12
1359,2009-08-27,12
1360,2009-08-28,12
1361,2009-08-29,12
1362,2009-08-30,12
1363,2009-08-31,12
1364,2009-09-01,14
1365,2009-09-02,10
1366,2009-09-03,10
1367,2009-09-04,10
1368,2009-09-05,12
1369,2009-09-06,12
1370,2009-09-07,12
1371,2009-09-08,12
1372,2009-09-09,13
1373,2009-09-10,10
1374,2009-09-11,11
1375,2009-09-12,12
1376,2009-09-13,12
1377,2009-09-14,12
1378,2009-09-15,12
1379,2009-09-16,12
1380,2009-09-17,12
1381,2009-09-18,12
1382,2009-09-19,12
1383,2009-09-20,11.4814814814815
1384,2009-09-21,10.5185185185185
1385,2009-09-22,10
1386,2009-09-23,12
1387,2009-09-24,12
1388,2009-09-25,12
1389,2009-09-26,12
1390,2009-09-27,12
1391,2009-09-28,12
1392,2009-09-29,12
1393,2009-09-30,14
1394,2009-09-31,14
1395,2009-10-01,11
1396,2009-10-02,11
1397,2009-10-03,11
1398,2009-10-04,11
1399,2009-10-05,11
1400,2009-10-06,11
1401,2009-10-07,11
1402,2009-10-08,11
1403,2009-10-09,11
1404,2009-10-10,12.8148148148148
1405,2009-10-11,16.1851851851852
1406,2009-10-12,18
1407,2009-10-13,18
1408,2009-10-14,18
1409,2009-10-15,16
1410,2009-10-16,16
1411,2009-10-17,18.3333333333333
1412,2009-10-18,22.6666666666667
1413,2009-10-19,25
1414,2009-10-20,25
1415,2009-10-21,25
1416,2009-10-22,25
1417,2009-10-23,22
1418,2009-10-24,22
1419,2009-10-25,22
1420,2009-10-26,22
1421,2009-10-27,23
1422,2009-10-28,22
1423,2009-10-29,22
1424,2009-10-30,25
1425,2009-10-31,25
1426,2009-11-01,24.8848848848849
1427,2009-11-02,24.5475475475475
1428,2009-11-03,24
1429,2009-11-04,22
1430,2009-11-05,22
1431,2009-11-06,22
1432,2009-11-07,24
1433,2009-11-08,24.7142857142857
1434,2009-11-09,25
1435,2009-11-10,22
1436,2009-11-11,25
1437,2009-11-12,25
1438,2009-11-13,26
1439,2009-11-14,25
1440,2009-11-15,25.2567567567568
1441,2009-11-16,26
1442,2009-11-17,30
1443,2009-11-18,30
1444,2009-11-19,30
1445,2009-11-20,26
1446,2009-11-21,26
1447,2009-11-22,28
1448,2009-11-23,30
1449,2009-11-24,28
1450,2009-11-25,30
1451,2009-11-26,28
1452,2009-11-27,28
1453,2009-11-28,28
1454,2009-11-29,28
1455,2009-11-30,28
1456,2009-11-31,28
1457,2009-12-01,28
1458,2009-12-02,30
1459,2009-12-03,25
1460,2009-12-04,30
1461,2009-12-05,30
1462,2009-12-06,29
1463,2009-12-07,28
1464,2009-12-08,28
1465,2009-12-09,28
1466,2009-12-10,30
1467,2009-12-11,30
1468,2009-12-12,30
1469,2009-12-13,30
1470,2009-12-14,30
1471,2009-12-15,32
1472,2009-12-16,30
1473,2009-12-17,28
1474,2009-12-18,28
1475,2009-12-19,30
1476,2009-12-20,30
1477,2009-12-21,30
1478,2009-12-22,30
1479,2009-12-23,28
1480,2009-12-24,28
1481,2009-12-25,28
1482,2009-12-26,28
1483,2009-12-27,28
1484,2009-12-28,28
1485,2009-12-29,28
1486,2009-12-30,28
1487,2009-12-31,25
1488,2010-01-01,25
1489,2010-01-02,22
1490,2010-01-03,23
1491,2010-01-04,24
1492,2010-01-05,24
1493,2010-01-06,25
1494,2010-01-07,25
1495,2010-01-08,25
1496,2010-01-09,25
1497,2010-01-10,25
1498,2010-01-11,25
1499,2010-01-12,25
1500,2010-01-13,18
1501,2010-01-14,25
1502,2010-01-15,24
1503,2010-01-16,24
1504,2010-01-17,24.5
1505,2010-01-18,25
1506,2010-01-19,25
1507,2010-01-20,26
1508,2010-01-21,26
1509,2010-01-22,24
1510,2010-01-23,25
1511,2010-01-24,25
1512,2010-01-25,25
1513,2010-01-26,25
1514,2010-01-27,25
1515,2010-01-28,22
1516,2010-01-29,24
1517,2010-01-30,25
1518,2010-01-31,24.5
1519,2010-02-01,24
1520,2010-02-02,24
1521,2010-02-03,22
1522,2010-02-04,24
1523,2010-02-05,20
1524,2010-02-06,24
1525,2010-02-07,23
1526,2010-02-08,22
1527,2010-02-09,22
1528,2010-02-10,24
1529,2010-02-11,22
1530,2010-02-12,24
1531,2010-02-13,22
1532,2010-02-14,21
1533,2010-02-15,20
1534,2010-02-16,18
1535,2010-02-17,18
1536,2010-02-18,15
1537,2010-02-19,16
1538,2010-02-20,16
1539,2010-02-21,16
1540,2010-02-22,16
1541,2010-02-23,15
1542,2010-02-24,15
1543,2010-02-25,15
1544,2010-02-26,15
1545,2010-02-27,15.15625
1546,2010-02-28,15.5
1547,2010-02-28,15.5
1548,2010-02-28,15.5
1549,2010-02-28,15.5
1550,2010-03-01,15.84375
1551,2010-03-02,16
1552,2010-03-03,15
1553,2010-03-04,15
1554,2010-03-05,15
1555,2010-03-06,18
1556,2010-03-07,16.5
1557,2010-03-08,15
1558,2010-03-09,15
1559,2010-03-10,16
1560,2010-03-11,16
1561,2010-03-12,16
1562,2010-03-13,16
1563,2010-03-14,15.6666666666667
1564,2010-03-15,15
1565,2010-03-16,13.8333333333333
1566,2010-03-17,13
1567,2010-03-18,14
1568,2010-03-19,14
1569,2010-03-20,14
1570,2010-03-21,13.5
1571,2010-03-22,13
1572,2010-03-23,14
1573,2010-03-24,14.6730769230769
1574,2010-03-25,15
1575,2010-03-26,14
1576,2010-03-27,14
1577,2010-03-28,13.5
1578,2010-03-29,13
1579,2010-03-30,13
1580,2010-03-31,15
1581,2010-04-01,14
1582,2010-04-02,12.75
1583,2010-04-03,12
1584,2010-04-04,12
1585,2010-04-05,12
1586,2010-04-06,12
1587,2010-04-07,12
1588,2010-04-08,12
1589,2010-04-09,12
1590,2010-04-10,12
1591,2010-04-11,12
1592,2010-04-12,12
1593,2010-04-13,12
1594,2010-04-14,12
1595,2010-04-15,12
1596,2010-04-16,12
1597,2010-04-17,12
1598,2010-04-18,12
1599,2010-04-19,12
1600,2010-04-20,12
1601,2010-04-21,14
1602,2010-04-22,12
1603,2010-04-23,12
1604,2010-04-24,12
1605,2010-04-25,12
1606,2010-04-26,12
1607,2010-04-27,12
1608,2010-04-28,12
1609,2010-04-29,12
1610,2010-04-30,12
1611,2010-04-31,12
1612,2010-05-01,12
1613,2010-05-02,12
1614,2010-05-03,12
1615,2010-05-04,12
1616,2010-05-05,12
1617,2010-05-06,12
1618,2010-05-07,12
1619,2010-05-08,13
1620,2010-05-09,12.5
1621,2010-05-10,12
1622,2010-05-11,12
1623,2010-05-12,12
1624,2010-05-13,12
1625,2010-05-14,13
1626,2010-05-15,14
1627,2010-05-16,13
1628,2010-05-17,12
1629,2010-05-18,13
1630,2010-05-19,15
1631,2010-05-20,15
1632,2010-05-21,15
1633,2010-05-22,15
1634,2010-05-23,15
1635,2010-05-24,15
1636,2010-05-25,15
1637,2010-05-26,15
1638,2010-05-27,15
1639,2010-05-28,15
1640,2010-05-29,15
1641,2010-05-30,15
1642,2010-05-31,15
1643,2010-06-01,15
1644,2010-06-02,15
1645,2010-06-03,15
1646,2010-06-04,15
1647,2010-06-05,13
1648,2010-06-06,12.2857142857143
1649,2010-06-07,12
1650,2010-06-08,14
1651,2010-06-09,14
1652,2010-06-10,14
1653,2010-06-11,13
1654,2010-06-12,12
1655,2010-06-13,12.6538461538462
1656,2010-06-14,14
1657,2010-06-15,16
1658,2010-06-16,18
1659,2010-06-17,18
1660,2010-06-18,18
1661,2010-06-19,15
1662,2010-06-20,15
1663,2010-06-21,15
1664,2010-06-22,14
1665,2010-06-23,14
1666,2010-06-24,15
1667,2010-06-25,14
1668,2010-06-26,16
1669,2010-06-27,16
1670,2010-06-28,16
1671,2010-06-29,15
1672,2010-06-30,16
1673,2010-06-31,16
1674,2010-07-01,15
1675,2010-07-02,15
1676,2010-07-03,16
1677,2010-07-04,13
1678,2010-07-05,10
1679,2010-07-06,15
1680,2010-07-07,15
1681,2010-07-08,15
1682,2010-07-09,15
1683,2010-07-10,15
1684,2010-07-11,15
1685,2010-07-12,15
1686,2010-07-13,16
1687,2010-07-14,16
1688,2010-07-15,15
1689,2010-07-16,15
1690,2010-07-17,15
1691,2010-07-18,15
1692,2010-07-19,15
1693,2010-07-20,15
1694,2010-07-21,15
1695,2010-07-22,15
1696,2010-07-23,15
1697,2010-07-24,14
1698,2010-07-25,14.5
1699,2010-07-26,15
1700,2010-07-27,15
1701,2010-07-28,16
1702,2010-07-29,18
1703,2010-07-30,18
1704,2010-07-31,16
1705,2010-08-01,15.2857142857143
1706,2010-08-02,15
1707,2010-08-03,15
1708,2010-08-04,15
1709,2010-08-05,15
1710,2010-08-06,14
1711,2010-08-07,16
1712,2010-08-08,15.5
1713,2010-08-09,15
1714,2010-08-10,16
1715,2010-08-11,15
1716,2010-08-12,16
1717,2010-08-13,18
1718,2010-08-14,18
1719,2010-08-15,18
1720,2010-08-16,18
1721,2010-08-17,18
1722,2010-08-18,16
1723,2010-08-19,15
1724,2010-08-20,15
1725,2010-08-21,14
1726,2010-08-22,14
1727,2010-08-23,14
1728,2010-08-24,13
1729,2010-08-25,14
1730,2010-08-26,15
1731,2010-08-27,15
1732,2010-08-28,15
1733,2010-08-29,15.5
1734,2010-08-30,16
1735,2010-08-31,16
1736,2010-09-01,17
1737,2010-09-02,16.6730769230769
1738,2010-09-03,16
1739,2010-09-04,15
1740,2010-09-05,15.3269230769231
1741,2010-09-06,16
1742,2010-09-07,17
1743,2010-09-08,18
1744,2010-09-09,18
1745,2010-09-10,13
1746,2010-09-11,14.2962962962963
1747,2010-09-12,16.7037037037037
1748,2010-09-13,18
1749,2010-09-14,18
1750,2010-09-15,20
1751,2010-09-16,20
1752,2010-09-17,20
1753,2010-09-18,22
1754,2010-09-19,23.3461538461538
1755,2010-09-20,24
1756,2010-09-21,13
1757,2010-09-22,22
1758,2010-09-23,22
1759,2010-09-24,22
1760,2010-09-25,22
1761,2010-09-26,22
1762,2010-09-27,22
1763,2010-09-28,22
1764,2010-09-29,24
1765,2010-09-30,25
1766,2010-09-31,25
1767,2010-10-01,25
1768,2010-10-02,24.2222222222222
1769,2010-10-03,22.7777777777778
1770,2010-10-04,22
1771,2010-10-05,22
1772,2010-10-06,22
1773,2010-10-07,18
1774,2010-10-08,22
1775,2010-10-09,20
1776,2010-10-10,20
1777,2010-10-11,20
1778,2010-10-12,20
1779,2010-10-13,18
1780,2010-10-14,20
1781,2010-10-15,20
1782,2010-10-16,20
1783,2010-10-17,21
1784,2010-10-18,22
1785,2010-10-19,22
1786,2010-10-20,24
1787,2010-10-21,24
1788,2010-10-22,24
1789,2010-10-23,22
1790,2010-10-24,23.5
1791,2010-10-25,25
1792,2010-10-26,22
1793,2010-10-27,22
1794,2010-10-28,24
1795,2010-10-29,18
1796,2010-10-30,25
1797,2010-10-31,21
1798,2010-11-01,17
1799,2010-11-02,25
1800,2010-11-03,26
1801,2010-11-04,28
1802,2010-11-05,28.6363636363636
1803,2010-11-06,28.9545454545455
1804,2010-11-07,29.2954545454545
1805,2010-11-08,30
1806,2010-11-09,33
1807,2010-11-10,35
1808,2010-11-11,40
1809,2010-11-12,42
1810,2010-11-13,45
1811,2010-11-14,45
1812,2010-11-15,45
1813,2010-11-16,45
1814,2010-11-17,40
1815,2010-11-18,40
1816,2010-11-19,35
1817,2010-11-20,35
1818,2010-11-21,35
1819,2010-11-22,35
1820,2010-11-23,40
1821,2010-11-24,30
1822,2010-11-25,24
1823,2010-11-26,28
1824,2010-11-27,30
1825,2010-11-28,29
1826,2010-11-29,28
1827,2010-11-30,36
1828,2010-11-31,36
1829,2010-12-01,35
1830,2010-12-02,35
1831,2010-12-03,35
1832,2010-12-04,40
1833,2010-12-05,36
1834,2010-12-06,32
1835,2010-12-07,36
1836,2010-12-08,35
1837,2010-12-09,36
1838,2010-12-10,35
1839,2010-12-11,35
1840,2010-12-12,40.5
1841,2010-12-13,46
1842,2010-12-14,45
1843,2010-12-15,46
1844,2010-12-16,48
1845,2010-12-17,53.0438596491228
1846,2010-12-18,60
1847,2010-12-19,69.1666666666667
1848,2010-12-20,75
1849,2010-12-21,65
1850,2010-12-22,50
1851,2010-12-23,50
1852,2010-12-24,50
1853,2010-12-25,52.0592592592593
1854,2010-12-26,56.3407407407407
1855,2010-12-27,60
1856,2010-12-28,62
1857,2010-12-29,65
1858,2010-12-30,65
1859,2010-12-31,70
1860,2011-01-01,65
1861,2011-01-02,65
1862,2011-01-03,65
1863,2011-01-04,60
1864,2011-01-05,60
1865,2011-01-06,65
1866,2011-01-07,58
1867,2011-01-08,55
1868,2011-01-09,53.6462621885157
1869,2011-01-10,52
1870,2011-01-11,45
1871,2011-01-12,45
1872,2011-01-13,46
1873,2011-01-14,50
1874,2011-01-15,52.4191033138402
1875,2011-01-16,54.2651072124756
1876,2011-01-17,55
1877,2011-01-18,50
1878,2011-01-19,50
1879,2011-01-20,40
1880,2011-01-21,45
1881,2011-01-22,38
1882,2011-01-23,35.8345070422535
1883,2011-01-24,35
1884,2011-01-25,35
1885,2011-01-26,30
1886,2011-01-27,25
1887,2011-01-28,25
1888,2011-01-29,30
1889,2011-01-30,30
1890,2011-01-31,30
1891,2011-02-01,28
1892,2011-02-02,25
1893,2011-02-03,25
1894,2011-02-04,25
1895,2011-02-05,22
1896,2011-02-06,22
1897,2011-02-07,22
1898,2011-02-08,25
1899,2011-02-09,22
1900,2011-02-10,20
1901,2011-02-11,18
1902,2011-02-12,18
1903,2011-02-13,18
1904,2011-02-14,18
1905,2011-02-15,18
1906,2011-02-16,18
1907,2011-02-17,18
1908,2011-02-18,18
1909,2011-02-19,18
1910,2011-02-20,18
1911,2011-02-21,18
1912,2011-02-22,16
1913,2011-02-23,16
1914,2011-02-24,15
1915,2011-02-25,15
1916,2011-02-26,15
1917,2011-02-27,15
1918,2011-02-28,15
1919,2011-02-29,16
1920,2011-02-30,17
1921,2011-02-31,18
1922,2011-03-01,15
1923,2011-03-02,15
1924,2011-03-03,15
1925,2011-03-04,12
1926,2011-03-05,12
1927,2011-03-06,12
1928,2011-03-07,12
1929,2011-03-08,13
1930,2011-03-09,13
1931,2011-03-10,14
1932,2011-03-11,13
1933,2011-03-12,13
1934,2011-03-13,12.5
1935,2011-03-14,12
1936,2011-03-15,12
1937,2011-03-16,12
1938,2011-03-17,10
1939,2011-03-18,12
1940,2011-03-19,12
1941,2011-03-20,12.5
1942,2011-03-21,13
1943,2011-03-22,12
1944,2011-03-23,13
1945,2011-03-24,12
1946,2011-03-25,12
1947,2011-03-26,11
1948,2011-03-27,11.5
1949,2011-03-28,12
1950,2011-03-29,12
1951,2011-03-30,12
1952,2011-03-31,12
1953,2011-04-01,12
1954,2011-04-02,11
1955,2011-04-03,10.3269230769231
1956,2011-04-04,10
1957,2011-04-05,10
1958,2011-04-06,11
1959,2011-04-07,13
1960,2011-04-08,13
1961,2011-04-09,11
1962,2011-04-10,10.2857142857143
1963,2011-04-11,10
1964,2011-04-12,10.5
1965,2011-04-13,11
1966,2011-04-14,10
1967,2011-04-15,9
1968,2011-04-16,9
1969,2011-04-17,9
1970,2011-04-18,9
1971,2011-04-19,8
1972,2011-04-20,9
1973,2011-04-21,9
1974,2011-04-22,9
1975,2011-04-23,9
1976,2011-04-24,9
1977,2011-04-25,9
1978,2011-04-26,8
1979,2011-04-27,9
1980,2011-04-28,9
1981,2011-04-29,9
1982,2011-04-30,9
1983,2011-04-31,9
1984,2011-05-01,8.5
1985,2011-05-02,8
1986,2011-05-03,9
1987,2011-05-04,9
1988,2011-05-05,10
1989,2011-05-06,10
1990,2011-05-07,10
1991,2011-05-08,10
1992,2011-05-09,10
1993,2011-05-10,9
1994,2011-05-11,9
1995,2011-05-12,10
1996,2011-05-13,9
1997,2011-05-14,9
1998,2011-05-15,9
1999,2011-05-16,9
2000,2011-05-17,9
2001,2011-05-18,9
2002,2011-05-19,9
2003,2011-05-20,10
2004,2011-05-21,10
2005,2011-05-22,9.5
2006,2011-05-23,9
2007,2011-05-24,9
2008,2011-05-25,9
2009,2011-05-26,9
2010,2011-05-27,10
2011,2011-05-28,10
2012,2011-05-29,10
2013,2011-05-30,10
2014,2011-05-31,9
2015,2011-06-01,9
2016,2011-06-02,10
2017,2011-06-03,10
2018,2011-06-04,10
2019,2011-06-05,10.5
2020,2011-06-06,11
2021,2011-06-07,11
2022,2011-06-08,11
2023,2011-06-09,12
2024,2011-06-10,11
2025,2011-06-11,11
2026,2011-06-12,10.5
2027,2011-06-13,10
2028,2011-06-14,11
2029,2011-06-15,11
2030,2011-06-16,10
2031,2011-06-17,11
2032,2011-06-18,11
2033,2011-06-19,11
2034,2011-06-20,11
2035,2011-06-21,11
2036,2011-06-22,11
2037,2011-06-23,11
2038,2011-06-24,12
2039,2011-06-25,12
2040,2011-06-26,12
2041,2011-06-27,12
2042,2011-06-28,12
2043,2011-06-29,13
2044,2011-06-30,13
2045,2011-06-31,14
2046,2011-07-01,13
2047,2011-07-02,14
2048,2011-07-03,13
2049,2011-07-04,12
2050,2011-07-05,13
2051,2011-07-06,13
2052,2011-07-07,13
2053,2011-07-08,13
2054,2011-07-09,13
2055,2011-07-10,13
2056,2011-07-11,13
2057,2011-07-12,15
2058,2011-07-13,14
2059,2011-07-14,17
2060,2011-07-15,17
2061,2011-07-16,17
2062,2011-07-17,16
2063,2011-07-18,15
2064,2011-07-19,16
2065,2011-07-20,16
2066,2011-07-21,15
2067,2011-07-22,14
2068,2011-07-23,14
2069,2011-07-24,14
2070,2011-07-25,14
2071,2011-07-26,15
2072,2011-07-27,15
2073,2011-07-28,16
2074,2011-07-29,15
2075,2011-07-30,16
2076,2011-07-31,16
2077,2011-08-01,16
2078,2011-08-02,16
2079,2011-08-03,16
2080,2011-08-04,16
2081,2011-08-05,17
2082,2011-08-06,17
2083,2011-08-07,17
2084,2011-08-08,17
2085,2011-08-09,18
2086,2011-08-10,18
2087,2011-08-11,18
2088,2011-08-12,18
2089,2011-08-13,18
2090,2011-08-14,18.2592592592593
2091,2011-08-15,18.7407407407407
2092,2011-08-16,19
2093,2011-08-17,19
2094,2011-08-18,20
2095,2011-08-19,22
2096,2011-08-20,20
2097,2011-08-21,20
2098,2011-08-22,20
2099,2011-08-23,20
2100,2011-08-24,22
2101,2011-08-25,20
2102,2011-08-26,20
2103,2011-08-27,20
2104,2011-08-28,20
2105,2011-08-29,20
2106,2011-08-30,22
2107,2011-08-31,18.5
2108,2011-09-01,15
2109,2011-09-02,20
2110,2011-09-03,18
2111,2011-09-04,18
2112,2011-09-05,18
2113,2011-09-06,19
2114,2011-09-07,17
2115,2011-09-08,18
2116,2011-09-09,18
2117,2011-09-10,19
2118,2011-09-11,18.5
2119,2011-09-12,18
2120,2011-09-13,18
2121,2011-09-14,19
2122,2011-09-15,18
2123,2011-09-16,15
2124,2011-09-17,15.1151151151151
2125,2011-09-18,15.4524524524525
2126,2011-09-19,16
2127,2011-09-20,18
2128,2011-09-21,18
2129,2011-09-22,19
2130,2011-09-23,15
2131,2011-09-24,15
2132,2011-09-25,15
2133,2011-09-26,15
2134,2011-09-27,16
2135,2011-09-28,15
2136,2011-09-29,16
2137,2011-09-30,15
2138,2011-09-31,15
2139,2011-10-01,16
2140,2011-10-02,16.6730769230769
2141,2011-10-03,17
2142,2011-10-04,17
2143,2011-10-05,17
2144,2011-10-06,16.6730769230769
2145,2011-10-07,16
2146,2011-10-08,15
2147,2011-10-09,15
2148,2011-10-10,15
2149,2011-10-11,17
2150,2011-10-12,17
2151,2011-10-13,16.9259259259259
2152,2011-10-14,16.7407407407407
2153,2011-10-15,16.5
2154,2011-10-16,16.2592592592593
2155,2011-10-17,16.0740740740741
2156,2011-10-18,16
2157,2011-10-19,16
2158,2011-10-20,15
2159,2011-10-21,15
2160,2011-10-22,13
2161,2011-10-23,13
2162,2011-10-24,13
2163,2011-10-25,15
2164,2011-10-26,16.3461538461538
2165,2011-10-27,17
2166,2011-10-28,15
2167,2011-10-29,16
2168,2011-10-30,16
2169,2011-10-31,16
2170,2011-11-01,16
2171,2011-11-02,16
2172,2011-11-03,16
2173,2011-11-04,17
2174,2011-11-05,17
2175,2011-11-06,17
2176,2011-11-07,17
2177,2011-11-08,17
2178,2011-11-09,18
2179,2011-11-10,17.25
2180,2011-11-11,16
2181,2011-11-12,15
2182,2011-11-13,15
2183,2011-11-14,15
2184,2011-11-15,15
2185,2011-11-16,14
2186,2011-11-17,12
2187,2011-11-18,13
2188,2011-11-19,14
2189,2011-11-20,15.25
2190,2011-11-21,16
2191,2011-11-22,16
2192,2011-11-23,16
2193,2011-11-24,15
2194,2011-11-25,14
2195,2011-11-26,14
2196,2011-11-27,14
2197,2011-11-28,14
2198,2011-11-29,16
2199,2011-11-30,16
2200,2011-11-31,16
2201,2011-12-01,15
2202,2011-12-02,14
2203,2011-12-03,14
2204,2011-12-04,14
2205,2011-12-05,14
2206,2011-12-06,14
2207,2011-12-07,14
2208,2011-12-08,15
2209,2011-12-09,15
2210,2011-12-10,15
2211,2011-12-11,14
2212,2011-12-12,13
2213,2011-12-13,13
2214,2011-12-14,13
2215,2011-12-15,12
2216,2011-12-16,11
2217,2011-12-17,11
2218,2011-12-18,12
2219,2011-12-19,13
2220,2011-12-20,13
2221,2011-12-21,13
2222,2011-12-22,11
2223,2011-12-23,11
2224,2011-12-24,11
2225,2011-12-25,11
2226,2011-12-26,11
2227,2011-12-27,12
2228,2011-12-28,12
2229,2011-12-29,12
2230,2011-12-30,12
2231,2011-12-31,12
2232,2012-01-01,12
2233,2012-01-02,12
2234,2012-01-03,12
2235,2012-01-04,12
2236,2012-01-05,12
2237,2012-01-06,10
2238,2012-01-07,12
2239,2012-01-08,12
2240,2012-01-09,12
2241,2012-01-10,14
2242,2012-01-11,12
2243,2012-01-12,15
2244,2012-01-13,12
2245,2012-01-14,12
2246,2012-01-15,12
2247,2012-01-16,12
2248,2012-01-17,12
2249,2012-01-18,12
2250,2012-01-19,12
2251,2012-01-20,12
2252,2012-01-21,14
2253,2012-01-22,13
2254,2012-01-23,12
2255,2012-01-24,14
2256,2012-01-25,14
2257,2012-01-26,12
2258,2012-01-27,10
2259,2012-01-28,12
2260,2012-01-29,11
2261,2012-01-30,10
2262,2012-01-31,10
2263,2012-02-01,12
2264,2012-02-02,12
2265,2012-02-03,12
2266,2012-02-04,12
2267,2012-02-05,12
2268,2012-02-06,12
2269,2012-02-07,12
2270,2012-02-08,12
2271,2012-02-09,12
2272,2012-02-10,12
2273,2012-02-11,12
2274,2012-02-12,12
2275,2012-02-13,12
2276,2012-02-14,12
2277,2012-02-15,10
2278,2012-02-16,10
2279,2012-02-17,10
2280,2012-02-18,12
2281,2012-02-19,12
2282,2012-02-20,12
2283,2012-02-21,12
2284,2012-02-22,12
2285,2012-02-23,12
2286,2012-02-24,12
2287,2012-02-25,11.4814814814815
2288,2012-02-26,10.5185185185185
2289,2012-02-27,10
2290,2012-02-28,10
2291,2012-02-29,12
2292,2012-02-30,12
2293,2012-02-31,12
2294,2012-03-01,12
2295,2012-03-02,12
2296,2012-03-03,12
2297,2012-03-04,13
2298,2012-03-05,14
2299,2012-03-06,12
2300,2012-03-07,12
2301,2012-03-08,11
2302,2012-03-09,10
2303,2012-03-10,10
2304,2012-03-11,11
2305,2012-03-12,12
2306,2012-03-13,12
2307,2012-03-14,12
2308,2012-03-15,12
2309,2012-03-16,12
2310,2012-03-17,12
2311,2012-03-18,12
2312,2012-03-19,12
2313,2012-03-20,12
2314,2012-03-21,12
2315,2012-03-22,12
2316,2012-03-23,12
2317,2012-03-24,12
2318,2012-03-25,12
2319,2012-03-26,12
2320,2012-03-27,14
2321,2012-03-28,14
2322,2012-03-29,14
2323,2012-03-30,15
2324,2012-03-31,15
2325,2012-04-01,14.25
2326,2012-04-02,13
2327,2012-04-03,12
2328,2012-04-04,14
2329,2012-04-05,13.4814814814815
2330,2012-04-06,12.5185185185185
2331,2012-04-07,12
2332,2012-04-08,12
2333,2012-04-09,12
2334,2012-04-10,14
2335,2012-04-11,14
2336,2012-04-12,12
2337,2012-04-13,12
2338,2012-04-14,12.5185185185185
2339,2012-04-15,13.4814814814815
2340,2012-04-16,14
2341,2012-04-17,12
2342,2012-04-18,12
2343,2012-04-19,12
2344,2012-04-20,12
2345,2012-04-21,12
2346,2012-04-22,12
2347,2012-04-23,12
2348,2012-04-24,12
2349,2012-04-25,12
2350,2012-04-26,12
2351,2012-04-27,14
2352,2012-04-28,12
2353,2012-04-29,12
2354,2012-04-30,12
2355,2012-04-31,13
2356,2012-05-01,12
2357,2012-05-02,12
2358,2012-05-03,12
2359,2012-05-04,12
2360,2012-05-05,12
2361,2012-05-06,12
2362,2012-05-07,12
2363,2012-05-08,12
2364,2012-05-09,12
2365,2012-05-10,12
2366,2012-05-11,12
2367,2012-05-12,12
2368,2012-05-13,12
2369,2012-05-14,12
2370,2012-05-15,12
2371,2012-05-16,10
2372,2012-05-17,10
2373,2012-05-18,10
2374,2012-05-19,10
2375,2012-05-20,10
2376,2012-05-21,10
2377,2012-05-22,10
2378,2012-05-23,11
2379,2012-05-24,11
2380,2012-05-25,11
2381,2012-05-26,11
2382,2012-05-27,11
2383,2012-05-28,11
2384,2012-05-29,11
2385,2012-05-30,11.2592592592593
2386,2012-05-31,11.7407407407407
2387,2012-06-01,12
2388,2012-06-02,10
2389,2012-06-03,10
2390,2012-06-04,10
2391,2012-06-05,12
2392,2012-06-06,13
2393,2012-06-07,13
2394,2012-06-08,12
2395,2012-06-09,12
2396,2012-06-10,12.5
2397,2012-06-11,13
2398,2012-06-12,12
2399,2012-06-13,12
2400,2012-06-14,12
2401,2012-06-15,12
2402,2012-06-16,13
2403,2012-06-17,14.25
2404,2012-06-18,15
2405,2012-06-19,15
2406,2012-06-20,13
2407,2012-06-21,12
2408,2012-06-22,14
2409,2012-06-23,12
2410,2012-06-24,12
2411,2012-06-25,12
2412,2012-06-26,12
2413,2012-06-27,12
2414,2012-06-28,14
2415,2012-06-29,14
2416,2012-06-30,14
2417,2012-06-31,14
2418,2012-07-01,14
2419,2012-07-02,14
2420,2012-07-03,14
2421,2012-07-04,15
2422,2012-07-05,14
2423,2012-07-06,14
2424,2012-07-07,14
2425,2012-07-08,14
2426,2012-07-09,14
2427,2012-07-10,14
2428,2012-07-11,12
2429,2012-07-12,14
2430,2012-07-13,12
2431,2012-07-14,14
2432,2012-07-15,13
2433,2012-07-16,12
2434,2012-07-17,12
2435,2012-07-18,14
2436,2012-07-19,14
2437,2012-07-20,14
2438,2012-07-21,12
2439,2012-07-22,12
2440,2012-07-23,12
2441,2012-07-24,12
2442,2012-07-25,13
2443,2012-07-26,13
2444,2012-07-27,13
2445,2012-07-28,13
2446,2012-07-29,13
2447,2012-07-30,13
2448,2012-07-31,13
2449,2012-08-01,14
2450,2012-08-02,14
2451,2012-08-03,14
2452,2012-08-04,14
2453,2012-08-05,13.6730769230769
2454,2012-08-06,13
2455,2012-08-07,12
2456,2012-08-08,12
2457,2012-08-09,12
2458,2012-08-10,13.5
2459,2012-08-11,15
2460,2012-08-12,15
2461,2012-08-13,15
2462,2012-08-14,15
2463,2012-08-15,15
2464,2012-08-16,15
2465,2012-08-17,15
2466,2012-08-18,15
2467,2012-08-19,15
2468,2012-08-20,15
2469,2012-08-21,15
2470,2012-08-22,15
2471,2012-08-23,16
2472,2012-08-24,16
2473,2012-08-25,15
2474,2012-08-26,15
2475,2012-08-27,15
2476,2012-08-28,15
2477,2012-08-29,14
2478,2012-08-30,14
2479,2012-08-31,12
2480,2012-09-01,14
2481,2012-09-02,14.7142857142857
2482,2012-09-03,15
2483,2012-09-04,15
2484,2012-09-05,14
2485,2012-09-06,13
2486,2012-09-07,14
2487,2012-09-08,14
2488,2012-09-09,13.5
2489,2012-09-10,13
2490,2012-09-11,14
2491,2012-09-12,14
2492,2012-09-13,14
2493,2012-09-14,13
2494,2012-09-15,12
2495,2012-09-16,12
2496,2012-09-17,12
2497,2012-09-18,12
2498,2012-09-19,12.5185185185185
2499,2012-09-20,13.4814814814815
2500,2012-09-21,14
2501,2012-09-22,13.7407407407407
2502,2012-09-23,13.2592592592593
2503,2012-09-24,13
2504,2012-09-25,14
2505,2012-09-26,14
2506,2012-09-27,13
2507,2012-09-28,13
2508,2012-09-29,15
2509,2012-09-30,13.5
2510,2012-09-31,13.5
2511,2012-10-01,12
2512,2012-10-02,13
2513,2012-10-03,14
2514,2012-10-04,13
2515,2012-10-05,13
2516,2012-10-06,13.5185185185185
2517,2012-10-07,14.4814814814815
2518,2012-10-08,15
2519,2012-10-09,15
2520,2012-10-10,15
2521,2012-10-11,15
2522,2012-10-12,15
2523,2012-10-13,14
2524,2012-10-14,14.5
2525,2012-10-15,15
2526,2012-10-16,13
2527,2012-10-17,14
2528,2012-10-18,14
2529,2012-10-19,15
2530,2012-10-20,18
2531,2012-10-21,18
2532,2012-10-22,18
2533,2012-10-23,18
2534,2012-10-24,18
2535,2012-10-25,18
2536,2012-10-26,15
2537,2012-10-27,15
2538,2012-10-28,15
2539,2012-10-29,15
2540,2012-10-30,18
2541,2012-10-31,20
2542,2012-11-01,20
2543,2012-11-02,20
2544,2012-11-03,20
2545,2012-11-04,21
2546,2012-11-05,22
2547,2012-11-06,22
2548,2012-11-07,22
2549,2012-11-08,20
2550,2012-11-09,20
2551,2012-11-10,20
2552,2012-11-11,19
2553,2012-11-12,18
2554,2012-11-13,18.6538461538462
2555,2012-11-14,20
2556,2012-11-15,22
2557,2012-11-16,22
2558,2012-11-17,22
2559,2012-11-18,22
2560,2012-11-19,22
2561,2012-11-20,22
2562,2012-11-21,22
2563,2012-11-22,17
2564,2012-11-23,20
2565,2012-11-24,22
2566,2012-11-25,21
2567,2012-11-26,20
2568,2012-11-27,22
2569,2012-11-28,23.9354838709677
2570,2012-11-29,25
2571,2012-11-30,25
2572,2012-11-31,25
2573,2012-12-01,25
2574,2012-12-02,25
2575,2012-12-03,25
2576,2012-12-04,25
2577,2012-12-05,22
2578,2012-12-06,25
2579,2012-12-07,25
2580,2012-12-08,25
2581,2012-12-09,25
2582,2012-12-10,25
2583,2012-12-11,22
2584,2012-12-12,24
2585,2012-12-13,22
2586,2012-12-14,22
2587,2012-12-15,22
2588,2012-12-16,22
2589,2012-12-17,22
2590,2012-12-18,21
2591,2012-12-19,22
2592,2012-12-20,22
2593,2012-12-21,22
2594,2012-12-22,22
2595,2012-12-23,22
2596,2012-12-24,22
2597,2012-12-25,22
2598,2012-12-26,22
2599,2012-12-27,22
2600,2012-12-28,22
2601,2012-12-29,20
2602,2012-12-30,20
2603,2012-12-31,20
2604,2013-01-01,22
2605,2013-01-02,22
2606,2013-01-03,20
2607,2013-01-04,20
2608,2013-01-05,20
2609,2013-01-06,20
2610,2013-01-07,20
2611,2013-01-08,20
2612,2013-01-09,20
2613,2013-01-10,20
2614,2013-01-11,20
2615,2013-01-12,22
2616,2013-01-13,21.4814814814815
2617,2013-01-14,20.5185185185185
2618,2013-01-15,20
2619,2013-01-16,22
2620,2013-01-17,22
2621,2013-01-18,22
2622,2013-01-19,22
2623,2013-01-20,22
2624,2013-01-21,22
2625,2013-01-22,20
2626,2013-01-23,22
2627,2013-01-24,22
2628,2013-01-25,22.46875
2629,2013-01-26,23.5
2630,2013-01-27,24.53125
2631,2013-01-28,25
2632,2013-01-29,25
2633,2013-01-30,26
2634,2013-01-31,28
2635,2013-02-01,35
2636,2013-02-02,28
2637,2013-02-03,26.5227272727273
2638,2013-02-04,26
2639,2013-02-05,28
2640,2013-02-06,28
2641,2013-02-07,30
2642,2013-02-08,28
2643,2013-02-09,28
2644,2013-02-10,25.8409090909091
2645,2013-02-11,23
2646,2013-02-12,22
2647,2013-02-13,23
2648,2013-02-14,22
2649,2013-02-15,20
2650,2013-02-16,20
2651,2013-02-17,21
2652,2013-02-18,22
2653,2013-02-19,22
2654,2013-02-20,24
2655,2013-02-21,25
2656,2013-02-22,22
2657,2013-02-23,24
2658,2013-02-24,23
2659,2013-02-25,22
2660,2013-02-26,22
2661,2013-02-27,22
2662,2013-02-28,24
2663,2013-02-29,24
2664,2013-02-30,24
2665,2013-02-31,24
2666,2013-03-01,20
2667,2013-03-02,20
2668,2013-03-03,18
2669,2013-03-04,16
2670,2013-03-05,16
2671,2013-03-06,17
2672,2013-03-07,18
2673,2013-03-08,18
2674,2013-03-09,18
2675,2013-03-10,18
2676,2013-03-11,18
2677,2013-03-12,17
2678,2013-03-13,18
2679,2013-03-14,17
2680,2013-03-15,17
2681,2013-03-16,18
2682,2013-03-17,18
2683,2013-03-18,18
2684,2013-03-19,18
2685,2013-03-20,18
2686,2013-03-21,18
2687,2013-03-22,18
2688,2013-03-23,18
2689,2013-03-24,18
2690,2013-03-25,18
2691,2013-03-26,18
2692,2013-03-27,19
2693,2013-03-28,20
2694,2013-03-29,20
2695,2013-03-30,20
2696,2013-03-31,20
2697,2013-04-01,20
2698,2013-04-02,18
2699,2013-04-03,18
2700,2013-04-04,18
2701,2013-04-05,17
2702,2013-04-06,16
2703,2013-04-07,16
2704,2013-04-08,16
2705,2013-04-09,16
2706,2013-04-10,16
2707,2013-04-11,15.5
2708,2013-04-12,15
2709,2013-04-13,15
2710,2013-04-14,15
2711,2013-04-15,15
2712,2013-04-16,15
2713,2013-04-17,15
2714,2013-04-18,15
2715,2013-04-19,15
2716,2013-04-20,15
2717,2013-04-21,15
2718,2013-04-22,15
2719,2013-04-23,15
2720,2013-04-24,15
2721,2013-04-25,15
2722,2013-04-26,15
2723,2013-04-27,15
2724,2013-04-28,15
2725,2013-04-29,15
2726,2013-04-30,17
2727,2013-04-31,17
2728,2013-05-01,17.7142857142857
2729,2013-05-02,18
2730,2013-05-03,17
2731,2013-05-04,16
2732,2013-05-05,16
2733,2013-05-06,16
2734,2013-05-07,16
2735,2013-05-08,16
2736,2013-05-09,16
2737,2013-05-10,16
2738,2013-05-11,16
2739,2013-05-12,16
2740,2013-05-13,16
2741,2013-05-14,16
2742,2013-05-15,15
2743,2013-05-16,16
2744,2013-05-17,15
2745,2013-05-18,15
2746,2013-05-19,16
2747,2013-05-20,17
2748,2013-05-21,16
2749,2013-05-22,16
2750,2013-05-23,170
2751,2013-05-24,17
2752,2013-05-25,17.1151151151151
2753,2013-05-26,17.4524524524525
2754,2013-05-27,18
2755,2013-05-28,20
2756,2013-05-29,20
2757,2013-05-30,20
2758,2013-05-31,20
2759,2013-06-01,20
2760,2013-06-02,21
2761,2013-06-03,22
2762,2013-06-04,22
2763,2013-06-05,22
2764,2013-06-06,22
2765,2013-06-07,22
2766,2013-06-08,22
2767,2013-06-09,22
2768,2013-06-10,22
2769,2013-06-11,22
2770,2013-06-12,20
2771,2013-06-13,22
2772,2013-06-14,22
2773,2013-06-15,22
2774,2013-06-16,22
2775,2013-06-17,22
2776,2013-06-18,25
2777,2013-06-19,24
2778,2013-06-20,18
2779,2013-06-21,25
2780,2013-06-22,22
2781,2013-06-23,22
2782,2013-06-24,22
2783,2013-06-25,23
2784,2013-06-26,24
2785,2013-06-27,23
2786,2013-06-28,23
2787,2013-06-29,24
2788,2013-06-30,24.6730769230769
2789,2013-06-31,24.6730769230769
2790,2013-07-01,25
2791,2013-07-02,23
2792,2013-07-03,25
2793,2013-07-04,25
2794,2013-07-05,27
2795,2013-07-06,26
2796,2013-07-07,26
2797,2013-07-08,26
2798,2013-07-09,28
2799,2013-07-10,30
2800,2013-07-11,28
2801,2013-07-12,30
2802,2013-07-13,28
2803,2013-07-14,28.6538461538462
2804,2013-07-15,30
2805,2013-07-16,32
2806,2013-07-17,32
2807,2013-07-18,32
2808,2013-07-19,32
2809,2013-07-20,32
2810,2013-07-21,32
2811,2013-07-22,32
2812,2013-07-23,30
2813,2013-07-24,30
2814,2013-07-25,30
2815,2013-07-26,30
2816,2013-07-27,30
2817,2013-07-28,30
2818,2013-07-29,30
2819,2013-07-30,33
2820,2013-07-31,33
2821,2013-08-01,32
2822,2013-08-02,32
2823,2013-08-03,30
2824,2013-08-04,31.8112244897959
2825,2013-08-05,35
2826,2013-08-06,38
2827,2013-08-07,39
2828,2013-08-08,40
2829,2013-08-09,43.3552631578947
2830,2013-08-10,46
2831,2013-08-11,46
2832,2013-08-12,46
2833,2013-08-13,48
2834,2013-08-14,48
2835,2013-08-15,46.5
2836,2013-08-16,45
2837,2013-08-17,50
2838,2013-08-18,50
2839,2013-08-19,50
2840,2013-08-20,40
2841,2013-08-21,45
2842,2013-08-22,48
2843,2013-08-23,45
2844,2013-08-24,45
2845,2013-08-25,46.5
2846,2013-08-26,48
2847,2013-08-27,42
2848,2013-08-28,43.5
2849,2013-08-29,45
2850,2013-08-30,40
2851,2013-08-31,45
2852,2013-09-01,47.1136363636364
2853,2013-09-02,48
2854,2013-09-03,48
2855,2013-09-04,48
2856,2013-09-05,46
2857,2013-09-06,48
2858,2013-09-07,48
2859,2013-09-08,48.5185185185185
2860,2013-09-09,49.4814814814815
2861,2013-09-10,50
2862,2013-09-11,48
2863,2013-09-12,48
2864,2013-09-13,50
2865,2013-09-14,50
2866,2013-09-15,52.5
2867,2013-09-16,55
2868,2013-09-17,50
2869,2013-09-18,52
2870,2013-09-19,55
2871,2013-09-20,55
2872,2013-09-21,40
2873,2013-09-22,40
2874,2013-09-23,40
2875,2013-09-24,40
2876,2013-09-25,32
2877,2013-09-26,35
2878,2013-09-27,35
2879,2013-09-28,40
2880,2013-09-29,40
2881,2013-09-30,40
2882,2013-09-31,40
2883,2013-10-01,35
2884,2013-10-02,31.6346153846154
2885,2013-10-03,30
2886,2013-10-04,34
2887,2013-10-05,38
2888,2013-10-06,38
2889,2013-10-07,38
2890,2013-10-08,38
2891,2013-10-09,38
2892,2013-10-10,40
2893,2013-10-11,40
2894,2013-10-12,40
2895,2013-10-13,44.1481481481482
2896,2013-10-14,51.8518518518519
2897,2013-10-15,56
2898,2013-10-16,54
2899,2013-10-17,52
2900,2013-10-18,58
2901,2013-10-19,50
2902,2013-10-20,50
2903,2013-10-21,50
2904,2013-10-22,50
2905,2013-10-23,55
2906,2013-10-24,58
2907,2013-10-25,58
2908,2013-10-26,55
2909,2013-10-27,51.8112244897959
2910,2013-10-28,50
2911,2013-10-29,58
2912,2013-10-30,55
2913,2013-10-31,50
2914,2013-11-01,43.75
2915,2013-11-02,40
2916,2013-11-03,40
2917,2013-11-04,40
2918,2013-11-05,40
2919,2013-11-06,60
2920,2013-11-07,55
2921,2013-11-08,55
2922,2013-11-09,55
2923,2013-11-10,52.5
2924,2013-11-11,50
2925,2013-11-12,450
2926,2013-11-13,40
2927,2013-11-14,40
2928,2013-11-15,45
2929,2013-11-16,50
2930,2013-11-17,45
2931,2013-11-18,40
2932,2013-11-19,40
2933,2013-11-20,40
2934,2013-11-21,42
2935,2013-11-22,45
2936,2013-11-23,40
2937,2013-11-24,36.6346153846154
2938,2013-11-25,35
2939,2013-11-26,35
2940,2013-11-27,28
2941,2013-11-28,30
2942,2013-11-29,30
2943,2013-11-30,30
2944,2013-11-31,30
2945,2013-12-01,30
2946,2013-12-02,30
2947,2013-12-03,28
2948,2013-12-04,32
2949,2013-12-05,35
2950,2013-12-06,30
2951,2013-12-07,30
2952,2013-12-08,32.5
2953,2013-12-09,35
2954,2013-12-10,28
2955,2013-12-11,30
2956,2013-12-12,24
2957,2013-12-13,25
2958,2013-12-14,25
2959,2013-12-15,22.5
2960,2013-12-16,20
2961,2013-12-17,22
2962,2013-12-18,20
2963,2013-12-19,20
2964,2013-12-20,20
2965,2013-12-21,25
2966,2013-12-22,23.9354838709677
2967,2013-12-23,22
2968,2013-12-24,20
2969,2013-12-25,20
2970,2013-12-26,20
2971,2013-12-27,20
2972,2013-12-28,18
2973,2013-12-29,21.5
2974,2013-12-30,25
2975,2013-12-31,20
2976,2014-01-01,24
2977,2014-01-02,23
2978,2014-01-03,22
2979,2014-01-04,20
2980,2014-01-05,20
2981,2014-01-06,20
2982,2014-01-07,18
2983,2014-01-08,18
2984,2014-01-09,18
2985,2014-01-10,20
2986,2014-01-11,20
2987,2014-01-12,19
2988,2014-01-13,18
2989,2014-01-14,18
2990,2014-01-15,18
2991,2014-01-16,18
2992,2014-01-17,17
2993,2014-01-18,18
2994,2014-01-19,18
2995,2014-01-20,18
2996,2014-01-21,17
2997,2014-01-22,18
2998,2014-01-23,18
2999,2014-01-24,16
3000,2014-01-25,17
3001,2014-01-26,16.5
3002,2014-01-27,16
3003,2014-01-28,17
3004,2014-01-29,16
3005,2014-01-30,16
3006,2014-01-31,18
3007,2014-02-01,15
3008,2014-02-02,15
3009,2014-02-03,15
3010,2014-02-04,15
3011,2014-02-05,16
3012,2014-02-06,14
3013,2014-02-07,13
3014,2014-02-08,15
3015,2014-02-09,15
3016,2014-02-10,15
3017,2014-02-11,14
3018,2014-02-12,15
3019,2014-02-13,15
3020,2014-02-14,14
3021,2014-02-15,14
3022,2014-02-16,13.5
3023,2014-02-17,13
3024,2014-02-18,13
3025,2014-02-19,13
3026,2014-02-20,14
3027,2014-02-21,13
3028,2014-02-22,13
3029,2014-02-23,14
3030,2014-02-24,15
3031,2014-02-25,14
3032,2014-02-26,14
3033,2014-02-27,14
3034,2014-02-28,12
3035,2014-02-29,12
3036,2014-02-30,12
3037,2014-02-31,12
3038,2014-03-01,14
3039,2014-03-02,14.7142857142857
3040,2014-03-03,15
3041,2014-03-04,14
3042,2014-03-05,12
3043,2014-03-06,14
3044,2014-03-07,12
3045,2014-03-08,14
3046,2014-03-09,14.7142857142857
3047,2014-03-10,15
3048,2014-03-11,14
3049,2014-03-12,13
3050,2014-03-13,13
3051,2014-03-14,13
3052,2014-03-15,14
3053,2014-03-16,13.8619528619529
3054,2014-03-17,13.5016835016835
3055,2014-03-18,13
3056,2014-03-19,12
3057,2014-03-20,12
3058,2014-03-21,12
3059,2014-03-22,12
3060,2014-03-23,13
3061,2014-03-24,14
3062,2014-03-25,13
3063,2014-03-26,13
3064,2014-03-27,13
3065,2014-03-28,13
3066,2014-03-29,14
3067,2014-03-30,14.8863346104725
3068,2014-03-31,15.6653895274585
3069,2014-04-01,16
3070,2014-04-02,16
3071,2014-04-03,13
3072,2014-04-04,14
3073,2014-04-05,13
3074,2014-04-06,12.3269230769231
3075,2014-04-07,12
3076,2014-04-08,12
3077,2014-04-09,12
3078,2014-04-10,12
3079,2014-04-11,14
3080,2014-04-12,12
3081,2014-04-13,12.5185185185185
3082,2014-04-14,13.4814814814815
3083,2014-04-15,14
3084,2014-04-16,14
3085,2014-04-17,14.2592592592593
3086,2014-04-18,14.7407407407407
3087,2014-04-19,15
3088,2014-04-20,14.6730769230769
3089,2014-04-21,14
3090,2014-04-22,13
3091,2014-04-23,14
3092,2014-04-24,13
3093,2014-04-25,14
3094,2014-04-26,14
3095,2014-04-27,15
3096,2014-04-28,16
3097,2014-04-29,15
3098,2014-04-30,13
3099,2014-04-31,13
3100,2014-05-01,13.5
3101,2014-05-02,14
3102,2014-05-03,14
3103,2014-05-04,14.5
3104,2014-05-05,15
3105,2014-05-06,15
3106,2014-05-07,14
3107,2014-05-08,14
3108,2014-05-09,14
3109,2014-05-10,15
3110,2014-05-11,15
3111,2014-05-12,15
3112,2014-05-13,13
3113,2014-05-14,13.5
3114,2014-05-15,14
3115,2014-05-16,14
3116,2014-05-17,18
3117,2014-05-18,17
3118,2014-05-19,16
3119,2014-05-20,16
3120,2014-05-21,16
3121,2014-05-22,20
3122,2014-05-23,16
3123,2014-05-24,20
3124,2014-05-25,20
3125,2014-05-26,20
3126,2014-05-27,18
3127,2014-05-28,20
3128,2014-05-29,20
3129,2014-05-30,25
3130,2014-05-31,16
3131,2014-06-01,16.6538461538462
3132,2014-06-02,18
3133,2014-06-03,20
3134,2014-06-04,25
3135,2014-06-05,26
3136,2014-06-06,26
3137,2014-06-07,26
3138,2014-06-08,148
3139,2014-06-09,270
3140,2014-06-10,26
3141,2014-06-11,25
3142,2014-06-12,26
3143,2014-06-13,27
3144,2014-06-14,26
3145,2014-06-15,28
3146,2014-06-16,30
3147,2014-06-17,30
3148,2014-06-18,28
3149,2014-06-19,28
3150,2014-06-20,26
3151,2014-06-21,28
3152,2014-06-22,28
3153,2014-06-23,28
3154,2014-06-24,30
3155,2014-06-25,35
3156,2014-06-26,32
3157,2014-06-27,35
3158,2014-06-28,34
3159,2014-06-29,34.5
3160,2014-06-30,35
3161,2014-06-31,35
3162,2014-07-01,35
3163,2014-07-02,37
3164,2014-07-03,35
3165,2014-07-04,35
3166,2014-07-05,35
3167,2014-07-06,35
3168,2014-07-07,35
3169,2014-07-08,35
3170,2014-07-09,35
3171,2014-07-10,37
3172,2014-07-11,35
3173,2014-07-12,35
3174,2014-07-13,35
3175,2014-07-14,35
3176,2014-07-15,35
3177,2014-07-16,35
3178,2014-07-17,35
3179,2014-07-18,35
3180,2014-07-19,35
3181,2014-07-20,32.5
3182,2014-07-21,30
3183,2014-07-22,35
3184,2014-07-23,35
3185,2014-07-24,35
3186,2014-07-25,34
3187,2014-07-26,30
3188,2014-07-27,31.8
3189,2014-07-28,34
3190,2014-07-29,34.7
3191,2014-07-30,35
3192,2014-07-31,35
3193,2014-08-01,34
3194,2014-08-02,35
3195,2014-08-03,35
3196,2014-08-04,35
3197,2014-08-05,35
3198,2014-08-06,35
3199,2014-08-07,32
3200,2014-08-08,32
3201,2014-08-09,35
3202,2014-08-10,31.5
3203,2014-08-11,28
3204,2014-08-12,30
3205,2014-08-13,30
3206,2014-08-14,28
3207,2014-08-15,28.6926229508197
3208,2014-08-16,30
3209,2014-08-17,31.842744383728
3210,2014-08-18,33.9769277474196
3211,2014-08-19,35
3212,2014-08-20,32
3213,2014-08-21,32
3214,2014-08-22,30
3215,2014-08-23,35
3216,2014-08-24,34.5
3217,2014-08-25,34
3218,2014-08-26,34
3219,2014-08-27,35
3220,2014-08-28,35
3221,2014-08-29,34.5
3222,2014-08-30,34
3223,2014-08-31,34.5
3224,2014-09-01,35
3225,2014-09-02,35
3226,2014-09-03,32
3227,2014-09-04,32
3228,2014-09-05,32
3229,2014-09-06,30
3230,2014-09-07,28.6538461538462
3231,2014-09-08,28
3232,2014-09-09,30
3233,2014-09-10,30
3234,2014-09-11,30
3235,2014-09-12,25
3236,2014-09-13,25
3237,2014-09-14,25
3238,2014-09-15,25
3239,2014-09-16,28
3240,2014-09-17,25
3241,2014-09-18,25
3242,2014-09-19,27
3243,2014-09-20,25
3244,2014-09-21,25
3245,2014-09-22,25
3246,2014-09-23,25
3247,2014-09-24,25
3248,2014-09-25,25
3249,2014-09-26,25
3250,2014-09-27,23
3251,2014-09-28,24
3252,2014-09-29,25
3253,2014-09-30,22
3254,2014-09-31,22
3255,2014-10-01,25
3256,2014-10-02,26.4170210880737
3257,2014-10-03,27.6360092149566
3258,2014-10-04,28.6303827751196
3259,2014-10-05,29.3735601630338
3260,2014-10-06,29.8389597731703
3261,2014-10-07,30
3262,2014-10-08,30
3263,2014-10-09,25
3264,2014-10-10,25
3265,2014-10-11,25
3266,2014-10-12,25
3267,2014-10-13,25
3268,2014-10-14,22
3269,2014-10-15,25
3270,2014-10-16,25
3271,2014-10-17,27
3272,2014-10-18,25
3273,2014-10-19,24.5289575289575
3274,2014-10-20,24
3275,2014-10-21,20
3276,2014-10-22,24
3277,2014-10-23,24
3278,2014-10-24,24
3279,2014-10-25,24
3280,2014-10-26,24
3281,2014-10-27,24
3282,2014-10-28,24
3283,2014-10-29,26
3284,2014-10-30,26
3285,2014-10-31,30
3286,2014-11-01,30
3287,2014-11-02,30
3288,2014-11-03,30
3289,2014-11-04,31
3290,2014-11-05,32
3291,2014-11-06,30.5
3292,2014-11-07,28
3293,2014-11-08,26
3294,2014-11-09,23.5
3295,2014-11-10,22
3296,2014-11-11,25
3297,2014-11-12,22
3298,2014-11-13,20
3299,2014-11-14,26
3300,2014-11-15,24
3301,2014-11-16,22.6538461538462
3302,2014-11-17,22
3303,2014-11-18,28
3304,2014-11-19,30
3305,2014-11-20,22
3306,2014-11-21,18
3307,2014-11-22,22
3308,2014-11-23,22.7432432432432
3309,2014-11-24,23
3310,2014-11-25,20
3311,2014-11-26,25
3312,2014-11-27,22
3313,2014-11-28,25
3314,2014-11-29,30
3315,2014-11-30,29.1654929577465
3316,2014-11-31,29.1654929577465
3317,2014-12-01,27
3318,2014-12-02,20
3319,2014-12-03,18
3320,2014-12-04,18
3321,2014-12-05,18
3322,2014-12-06,22
3323,2014-12-07,22
3324,2014-12-08,22
3325,2014-12-09,22
3326,2014-12-10,22
3327,2014-12-11,22
3328,2014-12-12,20
3329,2014-12-13,23
3330,2014-12-14,24.3970588235294
3331,2014-12-15,25
3332,2014-12-16,24
3333,2014-12-17,25
3334,2014-12-18,28
3335,2014-12-19,26
3336,2014-12-20,25
3337,2014-12-21,25
3338,2014-12-22,25
3339,2014-12-23,26
3340,2014-12-24,28
3341,2014-12-25,25
3342,2014-12-26,22
3343,2014-12-27,23
3344,2014-12-28,24.25
3345,2014-12-29,25
3346,2014-12-30,24
3347,2014-12-31,24
3348,2015-01-01,25
3349,2015-01-02,24
3350,2015-01-03,26
3351,2015-01-04,28.5
3352,2015-01-05,30
3353,2015-01-06,30
3354,2015-01-07,30
3355,2015-01-08,27
3356,2015-01-09,28
3357,2015-01-10,30
3358,2015-01-11,29.3461538461538
3359,2015-01-12,28
3360,2015-01-13,26
3361,2015-01-14,28
3362,2015-01-15,28
3363,2015-01-16,28
3364,2015-01-17,28
3365,2015-01-18,28
3366,2015-01-19,28
3367,2015-01-20,30
3368,2015-01-21,30
3369,2015-01-22,30
3370,2015-01-23,28
3371,2015-01-24,28
3372,2015-01-25,27.2222222222222
3373,2015-01-26,25.7777777777778
3374,2015-01-27,25
3375,2015-01-28,28
3376,2015-01-29,26
3377,2015-01-30,30
3378,2015-01-31,28
3379,2015-02-01,29
3380,2015-02-02,30
3381,2015-02-03,30
3382,2015-02-04,30
3383,2015-02-05,30
3384,2015-02-06,30
3385,2015-02-07,32
3386,2015-02-08,31.3461538461538
3387,2015-02-09,30
3388,2015-02-10,28
3389,2015-02-11,28
3390,2015-02-12,28
3391,2015-02-13,27
3392,2015-02-14,27
3393,2015-02-15,27
3394,2015-02-16,27
3395,2015-02-17,26
3396,2015-02-18,25
3397,2015-02-19,26
3398,2015-02-20,25
3399,2015-02-21,25
3400,2015-02-22,26.5
3401,2015-02-23,28
3402,2015-02-24,27
3403,2015-02-25,25
3404,2015-02-26,25
3405,2015-02-27,25
3406,2015-02-28,26
3407,2015-02-29,26
3408,2015-02-30,26
3409,2015-02-31,26
3410,2015-03-01,25.7327586206897
3411,2015-03-02,25
3412,2015-03-03,22
3413,2015-03-04,25
3414,2015-03-05,25
3415,2015-03-06,25
3416,2015-03-07,25
3417,2015-03-08,26
3418,2015-03-09,27
3419,2015-03-10,25
3420,2015-03-11,25
3421,2015-03-12,27
3422,2015-03-13,25
3423,2015-03-14,25
3424,2015-03-15,24.5
3425,2015-03-16,24
3426,2015-03-17,25
3427,2015-03-18,25
3428,2015-03-19,25
3429,2015-03-20,23
3430,2015-03-21,23.2592592592593
3431,2015-03-22,23.7407407407407
3432,2015-03-23,24
3433,2015-03-24,22
3434,2015-03-25,20
3435,2015-03-26,20
3436,2015-03-27,20
3437,2015-03-28,20.5555555555556
3438,2015-03-29,21.7777777777778
3439,2015-03-30,23
3440,2015-03-31,24
3441,2015-04-01,22
3442,2015-04-02,22.2592592592593
3443,2015-04-03,22.7407407407407
3444,2015-04-04,23
3445,2015-04-05,23
3446,2015-04-06,23
3447,2015-04-07,23
3448,2015-04-08,24
3449,2015-04-09,22
3450,2015-04-10,23
3451,2015-04-11,22
3452,2015-04-12,22.5
3453,2015-04-13,23
3454,2015-04-14,22.7142857142857
3455,2015-04-15,22
3456,2015-04-16,20
3457,2015-04-17,20
3458,2015-04-18,20.7777777777778
3459,2015-04-19,22.2222222222222
3460,2015-04-20,23
3461,2015-04-21,23
3462,2015-04-22,22
3463,2015-04-23,23
3464,2015-04-24,22
3465,2015-04-25,22
3466,2015-04-26,22.5
3467,2015-04-27,23
3468,2015-04-28,23
3469,2015-04-29,22
3470,2015-04-30,22
3471,2015-04-31,22
3472,2015-05-01,23
3473,2015-05-02,24
3474,2015-05-03,23.8619528619529
3475,2015-05-04,23.5016835016835
3476,2015-05-05,23
3477,2015-05-06,22
3478,2015-05-07,24
3479,2015-05-08,25
3480,2015-05-09,25
3481,2015-05-10,25
3482,2015-05-11,25
3483,2015-05-12,24
3484,2015-05-13,24
3485,2015-05-14,24
3486,2015-05-15,24
3487,2015-05-16,24
3488,2015-05-17,24
3489,2015-05-18,24
3490,2015-05-19,24
3491,2015-05-20,24
3492,2015-05-21,25
3493,2015-05-22,25
3494,2015-05-23,25
3495,2015-05-24,25
3496,2015-05-25,25
3497,2015-05-26,25
3498,2015-05-27,25
3499,2015-05-28,25
3500,2015-05-29,28
3501,2015-05-30,27
3502,2015-05-31,26.3269230769231
3503,2015-06-01,26
3504,2015-06-02,30
3505,2015-06-03,30
3506,2015-06-04,32
3507,2015-06-05,34
3508,2015-06-06,32
3509,2015-06-07,32
3510,2015-06-08,32
3511,2015-06-09,35
3512,2015-06-10,35
3513,2015-06-11,32
3514,2015-06-12,32
3515,2015-06-13,35
3516,2015-06-14,32.5
3517,2015-06-15,30
3518,2015-06-16,30
3519,2015-06-17,30
3520,2015-06-18,30
3521,2015-06-19,30
3522,2015-06-20,30
3523,2015-06-21,30
3524,2015-06-22,30
3525,2015-06-23,30
3526,2015-06-24,32
3527,2015-06-25,22
3528,2015-06-26,22
3529,2015-06-27,22
3530,2015-06-28,22
3531,2015-06-29,22
3532,2015-06-30,22
3533,2015-06-31,23
3534,2015-07-01,22
3535,2015-07-02,30
3536,2015-07-03,30
3537,2015-07-04,30
3538,2015-07-05,30
3539,2015-07-06,30
3540,2015-07-07,22
3541,2015-07-08,22
3542,2015-07-09,22
3543,2015-07-10,25.6
3544,2015-07-11,30
3545,2015-07-12,31.4
3546,2015-07-13,32
3547,2015-07-14,32
3548,2015-07-15,34
3549,2015-07-16,32
3550,2015-07-17,23
3551,2015-07-18,24.8172043010753
3552,2015-07-19,28.6344086021505
3553,2015-07-20,32
3554,2015-07-21,34
3555,2015-07-22,32
3556,2015-07-23,32
3557,2015-07-24,40
3558,2015-07-25,38
3559,2015-07-26,36.0645161290323
3560,2015-07-27,35
3561,2015-07-28,35
3562,2015-07-29,40
3563,2015-07-30,40
3564,2015-07-31,35
3565,2015-08-01,35
3566,2015-08-02,35.2857142857143
3567,2015-08-03,36
3568,2015-08-04,38
3569,2015-08-05,36
3570,2015-08-06,36
3571,2015-08-07,40
3572,2015-08-08,45
3573,2015-08-09,42.5
3574,2015-08-10,40
3575,2015-08-11,40
3576,2015-08-12,40
3577,2015-08-13,40
3578,2015-08-14,40
3579,2015-08-15,40
3580,2015-08-16,40
3581,2015-08-17,40
3582,2015-08-18,40
3583,2015-08-19,40
3584,2015-08-20,46
3585,2015-08-21,45
3586,2015-08-22,43.1703703703704
3587,2015-08-23,41.0296296296296
3588,2015-08-24,40
3589,2015-08-25,42
3590,2015-08-26,40
3591,2015-08-27,42
3592,2015-08-28,40
3593,2015-08-29,44
3594,2015-08-30,43
3595,2015-08-31,42
3596,2015-09-01,43
3597,2015-09-02,44
3598,2015-09-03,45
3599,2015-09-04,42
3600,2015-09-05,42.7777777777778
3601,2015-09-06,44.2222222222222
3602,2015-09-07,45
3603,2015-09-08,42
3604,2015-09-09,44
3605,2015-09-10,43
3606,2015-09-11,43
3607,2015-09-12,45
3608,2015-09-13,45
3609,2015-09-14,45
3610,2015-09-15,45
3611,2015-09-16,45
3612,2015-09-17,45
3613,2015-09-18,45
3614,2015-09-19,45
3615,2015-09-20,45
3616,2015-09-21,45
3617,2015-09-22,45
3618,2015-09-23,40
3619,2015-09-24,40
3620,2015-09-25,40.78125
3621,2015-09-26,42.5
3622,2015-09-27,44.21875
3623,2015-09-28,45
3624,2015-09-29,45
3625,2015-09-30,45
3626,2015-09-31,45
3627,2015-10-01,42
3628,2015-10-02,43.5
3629,2015-10-03,45
3630,2015-10-04,43.5
3631,2015-10-05,42
3632,2015-10-06,42
3633,2015-10-07,42
3634,2015-10-08,40
3635,2015-10-09,40
3636,2015-10-10,45
3637,2015-10-11,44.3097643097643
3638,2015-10-12,42.5084175084175
3639,2015-10-13,40
3640,2015-10-14,35
3641,2015-10-15,35
3642,2015-10-16,35
3643,2015-10-17,35
3644,2015-10-18,31.5
3645,2015-10-19,28
3646,2015-10-20,30
3647,2015-10-21,28
3648,2015-10-22,28.6851335504886
3649,2015-10-23,30.5354006514658
3650,2015-10-24,33.2431009771987
3651,2015-10-25,36.5005342019544
3652,2015-10-26,40
3653,2015-10-27,45
3654,2015-10-28,45
3655,2015-10-29,42
3656,2015-10-30,43
3657,2015-10-31,42
3658,2015-11-01,20
3659,2015-11-02,40
3660,2015-11-03,40
3661,2015-11-04,40
3662,2015-11-05,40
3663,2015-11-06,40
3664,2015-11-07,40
3665,2015-11-08,35
3666,2015-11-09,35
3667,2015-11-10,40
3668,2015-11-11,30
3669,2015-11-12,40
3670,2015-11-13,48
3671,2015-11-14,45
3672,2015-11-15,52
3673,2015-11-16,48
3674,2015-11-17,45
3675,2015-11-18,45
3676,2015-11-19,50
3677,2015-11-20,45
3678,2015-11-21,45
3679,2015-11-22,45
3680,2015-11-23,45
3681,2015-11-24,40
3682,2015-11-25,48
3683,2015-11-26,40
3684,2015-11-27,45
3685,2015-11-28,42
3686,2015-11-29,41.0529411764706
3687,2015-11-30,40
3688,2015-11-31,40
3689,2015-12-01,35
3690,2015-12-02,35
3691,2015-12-03,35
3692,2015-12-04,35
3693,2015-12-05,32
3694,2015-12-06,33.5
3695,2015-12-07,35
3696,2015-12-08,35
3697,2015-12-09,30
3698,2015-12-10,28
3699,2015-12-11,30
3700,2015-12-12,30
3701,2015-12-13,30
3702,2015-12-14,30
3703,2015-12-15,30
3704,2015-12-16,18
3705,2015-12-17,30
3706,2015-12-18,30
3707,2015-12-19,30
3708,2015-12-20,29
3709,2015-12-21,28
3710,2015-12-22,30
3711,2015-12-23,30
3712,2015-12-24,30
3713,2015-12-25,30
3714,2015-12-26,30
3715,2015-12-27,26
3716,2015-12-28,22
3717,2015-12-29,30
3718,2015-12-30,30
3719,2015-12-31,22
3720,2016-01-01,28
3721,2016-01-02,30
3722,2016-01-03,30
3723,2016-01-04,30
3724,2016-01-05,24
3725,2016-01-06,28
3726,2016-01-07,30
3727,2016-01-08,22
3728,2016-01-09,28
3729,2016-01-10,29.4655172413793
3730,2016-01-11,30
3731,2016-01-12,28
3732,2016-01-13,42
3733,2016-01-14,25
3734,2016-01-15,25
3735,2016-01-16,25
3736,2016-01-17,22.5
3737,2016-01-18,20
3738,2016-01-19,20
3739,2016-01-20,20
3740,2016-01-21,30
3741,2016-01-22,26
3742,2016-01-23,27
3743,2016-01-24,23.5
3744,2016-01-25,20
3745,2016-01-26,22.5
3746,2016-01-27,25
3747,2016-01-28,24
3748,2016-01-29,22
3749,2016-01-30,20
3750,2016-01-31,20
3751,2016-02-01,20
3752,2016-02-02,20
3753,2016-02-03,20
3754,2016-02-04,25
3755,2016-02-05,25
3756,2016-02-06,25
3757,2016-02-07,22.5
3758,2016-02-08,20
3759,2016-02-09,25
3760,2016-02-10,25
3761,2016-02-11,25
3762,2016-02-12,20
3763,2016-02-13,20
3764,2016-02-14,20
3765,2016-02-15,20
3766,2016-02-16,22
3767,2016-02-17,22
3768,2016-02-18,20
3769,2016-02-19,20
3770,2016-02-20,18
3771,2016-02-21,19
3772,2016-02-22,20
3773,2016-02-23,20
3774,2016-02-24,20
3775,2016-02-25,20
3776,2016-02-26,20
3777,2016-02-27,20
3778,2016-02-28,20
3779,2016-02-29,20
3780,2016-02-30,20
3781,2016-02-31,20
3782,2016-03-01,18
3783,2016-03-02,18
3784,2016-03-03,18
3785,2016-03-04,20
3786,2016-03-05,20
3787,2016-03-06,19
3788,2016-03-07,18
3789,2016-03-08,20
3790,2016-03-09,18
3791,2016-03-10,15
3792,2016-03-11,18
3793,2016-03-12,16
3794,2016-03-13,15.2857142857143
3795,2016-03-14,15
3796,2016-03-15,15
3797,2016-03-16,15
3798,2016-03-17,15
3799,2016-03-18,14
3800,2016-03-19,15
3801,2016-03-20,13.5
3802,2016-03-21,12
3803,2016-03-22,12
3804,2016-03-23,15
3805,2016-03-24,16.5050505050505
3806,2016-03-25,17.5858585858586
3807,2016-03-26,18
3808,2016-03-27,17.25
3809,2016-03-28,16
3810,2016-03-29,15
3811,2016-03-30,15
3812,2016-03-31,20
3813,2016-04-01,18
3814,2016-04-02,15
3815,2016-04-03,15.2857142857143
3816,2016-04-04,16
3817,2016-04-05,18
3818,2016-04-06,15
3819,2016-04-07,16
3820,2016-04-08,15.5
3821,2016-04-09,15
3822,2016-04-10,15
3823,2016-04-11,15
3824,2016-04-12,15
3825,2016-04-13,15
3826,2016-04-14,15
3827,2016-04-15,15
3828,2016-04-16,15
3829,2016-04-17,15
3830,2016-04-18,15
3831,2016-04-19,15
3832,2016-04-20,15
3833,2016-04-21,15
3834,2016-04-22,15
3835,2016-04-23,14
3836,2016-04-24,12.75
3837,2016-04-25,12
3838,2016-04-26,14
3839,2016-04-27,14
3840,2016-04-28,16
3841,2016-04-29,15
3842,2016-04-30,15
3843,2016-04-30,15
3844,2016-05-01,15
3845,2016-05-02,15
3846,2016-05-03,15
3847,2016-05-04,14
3848,2016-05-05,15
3849,2016-05-06,15
3850,2016-05-07,15
3851,2016-05-08,15
3852,2016-05-09,15
3853,2016-05-10,15
3854,2016-05-11,15
3855,2016-05-12,15
3856,2016-05-13,15
3857,2016-05-14,15
3858,2016-05-15,15
3859,2016-05-16,15
3860,2016-05-17,14
3861,2016-05-18,15
3862,2016-05-19,14
3863,2016-05-20,14
3864,2016-05-21,14
3865,2016-05-22,14
3866,2016-05-23,14
3867,2016-05-24,14
3868,2016-05-25,15
3869,2016-05-26,15
3870,2016-05-27,15
3871,2016-05-28,15
3872,2016-05-29,15
3873,2016-05-30,15
3874,2016-05-31,15
3875,2016-06-01,16
3876,2016-06-02,15
3877,2016-06-03,15
3878,2016-06-04,14
3879,2016-06-05,14
3880,2016-06-06,14
3881,2016-06-07,14
3882,2016-06-08,140
3883,2016-06-09,15
3884,2016-06-10,15
3885,2016-06-11,15
3886,2016-06-12,15
3887,2016-06-13,15
3888,2016-06-14,15
3889,2016-06-15,15
3890,2016-06-16,18
3891,2016-06-17,18
3892,2016-06-18,16
3893,2016-06-19,15.2857142857143
3894,2016-06-20,15
3895,2016-06-21,15
3896,2016-06-22,15
3897,2016-06-23,14
3898,2016-06-24,16
3899,2016-06-25,15
3900,2016-06-26,15
3901,2016-06-27,15
3902,2016-06-28,16
3903,2016-06-29,16
3904,2016-06-30,16
3905,2016-06-31,16
3906,2016-07-01,16
3907,2016-07-02,16
3908,2016-07-03,16
3909,2016-07-04,16
3910,2016-07-05,16
3911,2016-07-06,16
3912,2016-07-07,16
3913,2016-07-08,16
3914,2016-07-09,16
3915,2016-07-10,18
3916,2016-07-11,20
3917,2016-07-12,20
3918,2016-07-13,18
3919,2016-07-14,18
3920,2016-07-15,18
3921,2016-07-16,18
3922,2016-07-17,24
3923,2016-07-18,30
3924,2016-07-19,18
3925,2016-07-20,18
3926,2016-07-21,18
3927,2016-07-22,18
3928,2016-07-23,18
3929,2016-07-24,15
3930,2016-07-25,12
3931,2016-07-26,12
3932,2016-07-27,12
3933,2016-07-28,14
3934,2016-07-29,15
3935,2016-07-30,15
3936,2016-07-31,15
3937,2016-08-01,15
3938,2016-08-02,15
3939,2016-08-03,15
3940,2016-08-04,15
3941,2016-08-05,14
3942,2016-08-06,15
3943,2016-08-07,15
3944,2016-08-08,15
3945,2016-08-09,15
3946,2016-08-10,15
3947,2016-08-11,15
3948,2016-08-12,15
3949,2016-08-13,15
3950,2016-08-14,15
3951,2016-08-15,15
3952,2016-08-16,15
3953,2016-08-17,15
3954,2016-08-18,14
3955,2016-08-19,15
3956,2016-08-20,15
3957,2016-08-21,15
3958,2016-08-22,15
3959,2016-08-23,15
3960,2016-08-24,15
3961,2016-08-25,15
3962,2016-08-26,15
3963,2016-08-27,15
3964,2016-08-28,15
3965,2016-08-29,15
3966,2016-08-30,14.896
3967,2016-08-31,14.648
3968,2016-09-01,14.352
3969,2016-09-02,14.104
3970,2016-09-03,14
3971,2016-09-04,15.037037037037
3972,2016-09-05,16.962962962963
3973,2016-09-06,18
3974,2016-09-07,15
3975,2016-09-08,17
3976,2016-09-09,16.5
3977,2016-09-10,16
3978,2016-09-11,17
3979,2016-09-12,18
3980,2016-09-13,16.5
3981,2016-09-14,15
3982,2016-09-15,15
3983,2016-09-16,18
3984,2016-09-17,15
3985,2016-09-18,16.5
3986,2016-09-19,18
3987,2016-09-20,16
3988,2016-09-21,17
3989,2016-09-22,16
3990,2016-09-23,18
3991,2016-09-24,17.87109375
3992,2016-09-25,17.53125
3993,2016-09-26,17.05078125
3994,2016-09-27,16.5
3995,2016-09-28,15.94921875
3996,2016-09-29,15.46875
3997,2016-09-30,15.12890625
3998,2016-09-31,15.12890625
3999,2016-10-01,15
4000,2016-10-02,15
4001,2016-10-03,15
4002,2016-10-04,15
4003,2016-10-05,15
4004,2016-10-06,15
4005,2016-10-07,15
4006,2016-10-08,15
4007,2016-10-09,15.312
4008,2016-10-10,16.056
4009,2016-10-11,16.944
4010,2016-10-12,17.688
4011,2016-10-13,18
4012,2016-10-14,18
4013,2016-10-15,18
4014,2016-10-16,18
4015,2016-10-17,18
4016,2016-10-18,18
4017,2016-10-19,18
4018,2016-10-20,16
4019,2016-10-21,16
4020,2016-10-22,16
4021,2016-10-23,16
4022,2016-10-24,16
4023,2016-10-25,15
4024,2016-10-26,18
4025,2016-10-27,17
4026,2016-10-28,16
4027,2016-10-29,18
4028,2016-10-30,18
4029,2016-10-31,18
4030,2016-11-01,18
4031,2016-11-02,18
4032,2016-11-03,20
4033,2016-11-04,18
4034,2016-11-05,18
4035,2016-11-06,18
4036,2016-11-07,18
4037,2016-11-08,20
4038,2016-11-09,20
4039,2016-11-10,20
4040,2016-11-11,20
4041,2016-11-12,20
4042,2016-11-13,20.5185185185185
4043,2016-11-14,21.4814814814815
4044,2016-11-15,22
4045,2016-11-16,22
4046,2016-11-17,22
4047,2016-11-18,24
4048,2016-11-19,23
4049,2016-11-20,21.2065217391304
4050,2016-11-21,20
4051,2016-11-22,22
4052,2016-11-23,22
4053,2016-11-24,22
4054,2016-11-25,20
4055,2016-11-26,20
4056,2016-11-27,20
4057,2016-11-28,20
4058,2016-11-29,20
4059,2016-11-30,20
4060,2016-11-31,20
4061,2016-12-01,19
4062,2016-12-02,20
4063,2016-12-03,20
4064,2016-12-04,20
4065,2016-12-05,20
4066,2016-12-06,16
4067,2016-12-07,15
4068,2016-12-08,15
4069,2016-12-09,15
4070,2016-12-10,16
4071,2016-12-11,15.84375
4072,2016-12-12,15.5
4073,2016-12-13,15.15625
4074,2016-12-14,15
4075,2016-12-15,20
4076,2016-12-16,20
4077,2016-12-17,19.2110249784668
4078,2016-12-18,17.5331610680448
4079,2016-12-19,16
4080,2016-12-20,15
4081,2016-12-21,15
4082,2016-12-22,15
4083,2016-12-23,15
4084,2016-12-24,15
4085,2016-12-25,14.5
4086,2016-12-26,14
4087,2016-12-27,15
4088,2016-12-28,15
4089,2016-12-29,15
4090,2016-12-30,14.5
4091,2016-12-31,14
4092,2017-01-01,15
4093,2017-01-02,16
4094,2017-01-03,15
4095,2017-01-04,15
4096,2017-01-05,15
4097,2017-01-06,15
4098,2017-01-07,15
4099,2017-01-08,15
4100,2017-01-09,15
4101,2017-01-10,15
4102,2017-01-11,14
4103,2017-01-12,14
4104,2017-01-13,15
4105,2017-01-14,14.4814814814815
4106,2017-01-15,13.5185185185185
4107,2017-01-16,13
4108,2017-01-17,15
4109,2017-01-18,14
4110,2017-01-19,14
4111,2017-01-20,14
4112,2017-01-21,14
4113,2017-01-22,14.5
4114,2017-01-23,15
4115,2017-01-24,13
4116,2017-01-25,13
4117,2017-01-26,13
4118,2017-01-27,13
4119,2017-01-28,13
4120,2017-01-29,13
4121,2017-01-30,13
4122,2017-01-31,13
4123,2017-02-01,13
4124,2017-02-02,13
4125,2017-02-03,15
4126,2017-02-04,13
4127,2017-02-05,13
4128,2017-02-06,13
4129,2017-02-07,13
4130,2017-02-08,13
4131,2017-02-09,13
4132,2017-02-10,13
4133,2017-02-11,13
4134,2017-02-12,13.5
4135,2017-02-13,14
4136,2017-02-14,13
4137,2017-02-15,13
4138,2017-02-16,13
4139,2017-02-17,13
4140,2017-02-18,14
4141,2017-02-19,14
4142,2017-02-20,14
4143,2017-02-21,14
4144,2017-02-22,14
4145,2017-02-23,14
4146,2017-02-24,14
4147,2017-02-25,14
4148,2017-02-26,14
4149,2017-02-27,14
4150,2017-02-28,14
4151,2017-02-29,14
4152,2017-02-30,14
4153,2017-02-31,14
4154,2017-03-01,13
4155,2017-03-02,13
4156,2017-03-03,13
4157,2017-03-04,13
4158,2017-03-05,12.5
4159,2017-03-06,12
4160,2017-03-07,12
4161,2017-03-08,12
4162,2017-03-09,12
4163,2017-03-10,13
4164,2017-03-11,12
4165,2017-03-12,12
4166,2017-03-13,12
4167,2017-03-14,12
4168,2017-03-15,12
4169,2017-03-16,12
4170,2017-03-17,13
4171,2017-03-18,13
4172,2017-03-19,13
4173,2017-03-20,13
4174,2017-03-21,13
4175,2017-03-22,12
4176,2017-03-23,12
4177,2017-03-24,12
4178,2017-03-25,12
4179,2017-03-26,12
4180,2017-03-27,12
4181,2017-03-28,12
4182,2017-03-29,12
4183,2017-03-30,12
4184,2017-03-31,12
4185,2017-04-01,13
4186,2017-04-02,13
4187,2017-04-03,13
4188,2017-04-04,13.5
4189,2017-04-05,14
4190,2017-04-06,12
4191,2017-04-07,12
4192,2017-04-08,12
4193,2017-04-09,12.5
4194,2017-04-10,13
4195,2017-04-11,12
4196,2017-04-12,12
4197,2017-04-13,12
4198,2017-04-14,12
4199,2017-04-15,12
4200,2017-04-16,12
4201,2017-04-17,12
4202,2017-04-18,12
4203,2017-04-19,12
4204,2017-04-20,12
4205,2017-04-21,12
4206,2017-04-22,12
4207,2017-04-23,12
4208,2017-04-24,12
4209,2017-04-25,12
4210,2017-04-26,12
4211,2017-04-27,12
4212,2017-04-28,12
4213,2017-04-29,10
4214,2017-04-30,10
4215,2017-04-31,10
4216,2017-05-01,10
4217,2017-05-02,10
4218,2017-05-03,10
4219,2017-05-04,9
4220,2017-05-05,10
4221,2017-05-06,10
4222,2017-05-07,10
4223,2017-05-08,10
4224,2017-05-09,9
4225,2017-05-10,9.5
4226,2017-05-11,10
4227,2017-05-12,9.84375
4228,2017-05-13,9.5
4229,2017-05-14,9.15625
4230,2017-05-15,9
4231,2017-05-16,9
4232,2017-05-17,10
4233,2017-05-18,10
4234,2017-05-19,11
4235,2017-05-20,12
4236,2017-05-21,13.25
4237,2017-05-22,14
4238,2017-05-23,14
4239,2017-05-24,9
4240,2017-05-25,10
4241,2017-05-26,11
4242,2017-05-27,10.7407407407407
4243,2017-05-28,10.2592592592593
4244,2017-05-29,10
4245,2017-05-30,12
4246,2017-05-31,12
4247,2017-06-01,13
4248,2017-06-02,13
4249,2017-06-03,13
4250,2017-06-04,13
4251,2017-06-05,13
4252,2017-06-06,13
4253,2017-06-07,13
4254,2017-06-08,12
4255,2017-06-09,13
4256,2017-06-10,13
4257,2017-06-11,13
4258,2017-06-12,13
4259,2017-06-13,12
4260,2017-06-14,12
4261,2017-06-15,13
4262,2017-06-16,13
4263,2017-06-17,13
4264,2017-06-18,13
4265,2017-06-19,13
4266,2017-06-20,13
4267,2017-06-21,14
4268,2017-06-22,14
4269,2017-06-23,13
4270,2017-06-24,13
4271,2017-06-25,12.7407407407407
4272,2017-06-26,12.2592592592593
4273,2017-06-27,12
4274,2017-06-28,12
4275,2017-06-29,12
4276,2017-06-30,12
4277,2017-06-31,12
4278,2017-07-01,12
4279,2017-07-02,12
4280,2017-07-03,12
4281,2017-07-04,12
4282,2017-07-05,12
4283,2017-07-06,12
4284,2017-07-07,12
4285,2017-07-08,12
4286,2017-07-09,12
4287,2017-07-10,12
4288,2017-07-11,12
4289,2017-07-12,12
4290,2017-07-13,12
4291,2017-07-14,12
4292,2017-07-15,12
4293,2017-07-16,12
4294,2017-07-17,12
4295,2017-07-18,12
4296,2017-07-19,12
4297,2017-07-20,12
4298,2017-07-21,12
4299,2017-07-22,12
4300,2017-07-23,12.3269230769231
4301,2017-07-24,13
4302,2017-07-25,14
4303,2017-07-26,16
4304,2017-07-27,15
4305,2017-07-28,16
4306,2017-07-29,20
4307,2017-07-30,20
4308,2017-07-31,20
4309,2017-08-01,20
4310,2017-08-02,22
4311,2017-08-03,26
4312,2017-08-04,26
4313,2017-08-05,26
4314,2017-08-06,28
4315,2017-08-07,30
4316,2017-08-08,30
4317,2017-08-09,35
4318,2017-08-10,35
4319,2017-08-11,35
4320,2017-08-12,35
4321,2017-08-13,35
4322,2017-08-14,35
4323,2017-08-15,33.9354838709677
4324,2017-08-16,32
4325,2017-08-17,30
4326,2017-08-18,30
4327,2017-08-19,30
4328,2017-08-20,30
4329,2017-08-21,30
4330,2017-08-22,35
4331,2017-08-23,38
4332,2017-08-24,35
4333,2017-08-25,35
4334,2017-08-26,35
4335,2017-08-27,33.9354838709677
4336,2017-08-28,32
4337,2017-08-29,30
4338,2017-08-30,30
4339,2017-08-31,30
4340,2017-09-01,30
4341,2017-09-02,30
4342,2017-09-03,30
4343,2017-09-04,30
4344,2017-09-05,30
4345,2017-09-06,30
4346,2017-09-07,30
4347,2017-09-08,30
4348,2017-09-09,30
4349,2017-09-10,29
4350,2017-09-11,28
4351,2017-09-12,30
4352,2017-09-13,22
4353,2017-09-14,26
4354,2017-09-15,25
4355,2017-09-16,25
4356,2017-09-17,25
4357,2017-09-18,25
4358,2017-09-19,25
4359,2017-09-20,25
4360,2017-09-21,20
4361,2017-09-22,20
4362,2017-09-23,20
4363,2017-09-24,20
4364,2017-09-25,20
4365,2017-09-26,20
4366,2017-09-27,20
4367,2017-09-28,25
4368,2017-09-29,25
4369,2017-09-30,25
4370,2017-09-31,25
4371,2017-10-01,25
4372,2017-10-02,25
4373,2017-10-03,25
4374,2017-10-04,25
4375,2017-10-05,25
4376,2017-10-06,25
4377,2017-10-07,30
4378,2017-10-08,31.0529411764706
4379,2017-10-09,32
4380,2017-10-10,35
4381,2017-10-11,35
4382,2017-10-12,35
4383,2017-10-13,32
4384,2017-10-14,32
4385,2017-10-15,32
4386,2017-10-16,32
4387,2017-10-17,28
4388,2017-10-18,30
4389,2017-10-19,32.32
4390,2017-10-20,34.96
4391,2017-10-21,37.44
4392,2017-10-22,39.28
4393,2017-10-23,40
4394,2017-10-24,40
4395,2017-10-25,35
4396,2017-10-26,35
4397,2017-10-27,35
4398,2017-10-28,35
4399,2017-10-29,35
4400,2017-10-30,35
4401,2017-10-31,36.2962962962963
4402,2017-11-01,38.7037037037037
4403,2017-11-02,40
4404,2017-11-03,40
4405,2017-11-04,40
4406,2017-11-05,40
4407,2017-11-06,40
4408,2017-11-07,40
4409,2017-11-08,45
4410,2017-11-09,50
4411,2017-11-10,40
4412,2017-11-11,40
4413,2017-11-12,40
4414,2017-11-13,40
4415,2017-11-14,40
4416,2017-11-15,50
4417,2017-11-16,50
4418,2017-11-17,40
4419,2017-11-18,53
4420,2017-11-19,49
4421,2017-11-20,45
4422,2017-11-21,45
4423,2017-11-22,45
4424,2017-11-23,50
4425,2017-11-24,50
4426,2017-11-25,50
4427,2017-11-26,50
4428,2017-11-27,50
4429,2017-11-28,50
4430,2017-11-29,50
4431,2017-11-30,50
4432,2017-11-31,50
4433,2017-12-01,50
4434,2017-12-02,50
4435,2017-12-03,50
4436,2017-12-04,50
4437,2017-12-05,50
4438,2017-12-06,50
4439,2017-12-07,50
4440,2017-12-08,50
4441,2017-12-09,50
4442,2017-12-10,50
4443,2017-12-11,50
4444,2017-12-12,50
4445,2017-12-13,50
4446,2017-12-14,50
4447,2017-12-15,50
4448,2017-12-16,50
4449,2017-12-17,50
4450,2017-12-18,50
4451,2017-12-19,50
4452,2017-12-20,50
4453,2017-12-21,50
4454,2017-12-22,50
4455,2017-12-23,50
4456,2017-12-24,50
4457,2017-12-25,50
4458,2017-12-26,50
4459,2017-12-27,50
4460,2017-12-28,50
4461,2017-12-29,50
4462,2017-12-30,50
4463,2017-12-31,50
4464,2018-01-01,50
4465,2018-01-02,50
4466,2018-01-03,50
4467,2018-01-04,50
4468,2018-01-05,50
4469,2018-01-06,50
4470,2018-01-07,50
4471,2018-01-08,50
4472,2018-01-09,50
4473,2018-01-10,50
4474,2018-01-11,50
4475,2018-01-12,50
4476,2018-01-13,50
4477,2018-01-14,50
4478,2018-01-15,50
4479,2018-01-16,50
4480,2018-01-17,50
4481,2018-01-18,50
4482,2018-01-19,50
4483,2018-01-20,50
4484,2018-01-21,50
4485,2018-01-22,50
4486,2018-01-23,50
4487,2018-01-24,50
4488,2018-01-25,50
4489,2018-01-26,50
4490,2018-01-27,50
4491,2018-01-28,50
4492,2018-01-29,50
4493,2018-01-30,50
4494,2018-01-31,50
4495,2018-02-01,50
4496,2018-02-02,50
4497,2018-02-03,50
4498,2018-02-04,50
4499,2018-02-05,50
4500,2018-02-06,50
4501,2018-02-07,50
4502,2018-02-08,50
4503,2018-02-09,50
4504,2018-02-10,50
4505,2018-02-11,50
4506,2018-02-12,50
4507,2018-02-13,50
4508,2018-02-14,50
4509,2018-02-15,50
4510,2018-02-16,50
4511,2018-02-17,50
4512,2018-02-18,50
4513,2018-02-19,50
4514,2018-02-20,50
4515,2018-02-21,50
4516,2018-02-22,50
4517,2018-02-23,50
4518,2018-02-24,50
4519,2018-02-25,50
4520,2018-02-26,50
4521,2018-02-27,50
4522,2018-02-28,50
4523,2018-02-29,50
4524,2018-02-30,50
4525,2018-02-31,50
4526,2018-03-01,50
4527,2018-03-02,50
4528,2018-03-03,50
4529,2018-03-04,50
4530,2018-03-05,50
4531,2018-03-06,50
4532,2018-03-07,50
4533,2018-03-08,50
4534,2018-03-09,50
4535,2018-03-10,50
4536,2018-03-11,50
4537,2018-03-12,50
4538,2018-03-13,50
4539,2018-03-14,50
4540,2018-03-15,50
4541,2018-03-16,50
4542,2018-03-17,50
4543,2018-03-18,50
4544,2018-03-19,50
4545,2018-03-20,50
4546,2018-03-21,50
4547,2018-03-22,50
4548,2018-03-23,50
4549,2018-03-24,50
4550,2018-03-25,50
4551,2018-03-26,50
4552,2018-03-27,50
4553,2018-03-28,50
4554,2018-03-29,50
4555,2018-03-30,50
4556,2018-03-31,50
4557,2018-04-01,50
4558,2018-04-02,50
4559,2018-04-03,50
4560,2018-04-04,50
4561,2018-04-05,50
4562,2018-04-06,50
4563,2018-04-07,50
4564,2018-04-08,50
4565,2018-04-09,50
4566,2018-04-10,50
4567,2018-04-11,50
4568,2018-04-12,50
4569,2018-04-13,50
4570,2018-04-14,50
4571,2018-04-15,50
4572,2018-04-16,50
4573,2018-04-17,50
4574,2018-04-18,50
4575,2018-04-19,50
4576,2018-04-20,50
4577,2018-04-21,50
4578,2018-04-22,50
4579,2018-04-23,50
4580,2018-04-24,50
4581,2018-04-25,50
4582,2018-04-26,50
4583,2018-04-27,50
4584,2018-04-28,50
4585,2018-04-29,50
4586,2018-04-30,50
4587,2018-04-31,50
4588,2018-05-01,50
4589,2018-05-02,50
4590,2018-05-03,50
4591,2018-05-04,50
4592,2018-05-05,50
4593,2018-05-06,50
4594,2018-05-07,50
4595,2018-05-08,50
4596,2018-05-09,50
4597,2018-05-10,50
4598,2018-05-11,50
4599,2018-05-12,50
4600,2018-05-13,50
4601,2018-05-14,50
4602,2018-05-15,50
4603,2018-05-16,50
4604,2018-05-17,50
4605,2018-05-18,50
4606,2018-05-19,50
4607,2018-05-20,50
4608,2018-05-21,50
4609,2018-05-22,50
4610,2018-05-23,50
4611,2018-05-24,50
4612,2018-05-25,50
4613,2018-05-26,50
4614,2018-05-27,50
4615,2018-05-28,50
4616,2018-05-29,50
4617,2018-05-30,50
4618,2018-05-31,50
4619,2018-06-01,50
4620,2018-06-02,50
4621,2018-06-03,50
4622,2018-06-04,50
4623,2018-06-05,50
4624,2018-06-06,50
4625,2018-06-07,50
4626,2018-06-08,50
4627,2018-06-09,50
4628,2018-06-10,50
4629,2018-06-11,50
4630,2018-06-12,50
4631,2018-06-13,50
4632,2018-06-14,50
4633,2018-06-15,50
4634,2018-06-16,50
4635,2018-06-17,50
4636,2018-06-18,50
4637,2018-06-19,50
4638,2018-06-20,50
4639,2018-06-21,50
4640,2018-06-22,50
4641,2018-06-23,50
4642,2018-06-24,50
4643,2018-06-25,50
4644,2018-06-26,50
4645,2018-06-27,50
4646,2018-06-28,50
4647,2018-06-29,50
4648,2018-06-30,50
4649,2018-06-31,50
4650,2018-07-01,50
4651,2018-07-02,50
4652,2018-07-03,50
4653,2018-07-04,50
4654,2018-07-05,50
4655,2018-07-06,50
4656,2018-07-07,50
4657,2018-07-08,50
4658,2018-07-09,50
4659,2018-07-10,50
4660,2018-07-11,50
4661,2018-07-12,50
4662,2018-07-13,50
4663,2018-07-14,50
4664,2018-07-15,50
4665,2018-07-16,50
4666,2018-07-17,50
4667,2018-07-18,50
4668,2018-07-19,50
4669,2018-07-20,50
4670,2018-07-21,50
4671,2018-07-22,50
4672,2018-07-23,50
4673,2018-07-24,50
4674,2018-07-25,50
4675,2018-07-26,50
4676,2018-07-27,50
4677,2018-07-28,50
4678,2018-07-29,50
4679,2018-07-30,50
4680,2018-07-31,50
4681,2018-08-01,50
4682,2018-08-02,50
4683,2018-08-03,50
4684,2018-08-04,50
4685,2018-08-05,50
4686,2018-08-06,50
4687,2018-08-07,50
4688,2018-08-08,50
4689,2018-08-09,50
4690,2018-08-10,50
4691,2018-08-11,50
4692,2018-08-12,50
4693,2018-08-13,50
4694,2018-08-14,50
4695,2018-08-15,50
4696,2018-08-16,50
4697,2018-08-17,50
4698,2018-08-18,50
4699,2018-08-19,50
4700,2018-08-20,50
4701,2018-08-21,50
4702,2018-08-22,50
4703,2018-08-23,50
4704,2018-08-24,50
4705,2018-08-25,50
4706,2018-08-26,50
4707,2018-08-27,50
4708,2018-08-28,50
4709,2018-08-29,50
4710,2018-08-30,50
4711,2018-08-31,50
4712,2018-09-01,50
4713,2018-09-02,50
4714,2018-09-03,50
4715,2018-09-04,50
4716,2018-09-05,50
4717,2018-09-06,50
4718,2018-09-07,50
4719,2018-09-08,50
4720,2018-09-09,50
4721,2018-09-10,50
4722,2018-09-11,50
4723,2018-09-12,50
4724,2018-09-13,50
4725,2018-09-14,50
4726,2018-09-15,50
4727,2018-09-16,50
4728,2018-09-17,50
4729,2018-09-18,50
4730,2018-09-19,50
4731,2018-09-20,50
4732,2018-09-21,50
4733,2018-09-22,50
4734,2018-09-23,50
4735,2018-09-24,50
4736,2018-09-25,50
4737,2018-09-26,50
4738,2018-09-27,50
4739,2018-09-28,50
4740,2018-09-29,50
4741,2018-09-30,50
4742,2018-09-31,50
4743,2018-10-01,50
4744,2018-10-02,50
4745,2018-10-03,50
4746,2018-10-04,50
4747,2018-10-05,50
4748,2018-10-06,50
4749,2018-10-07,50
4750,2018-10-08,50
4751,2018-10-09,50
4752,2018-10-10,50
4753,2018-10-11,50
4754,2018-10-12,50
4755,2018-10-13,50
4756,2018-10-14,50
4757,2018-10-15,50
4758,2018-10-16,50
4759,2018-10-17,50
4760,2018-10-18,50
4761,2018-10-19,50
4762,2018-10-20,50
4763,2018-10-21,50
4764,2018-10-22,50
4765,2018-10-23,50
4766,2018-10-24,50
4767,2018-10-25,50
4768,2018-10-26,50
4769,2018-10-27,50
4770,2018-10-28,50
4771,2018-10-29,50
4772,2018-10-30,50
4773,2018-10-31,50
4774,2018-11-01,50
4775,2018-11-02,50
4776,2018-11-03,50
4777,2018-11-04,50
4778,2018-11-05,50
4779,2018-11-06,50
4780,2018-11-07,50
4781,2018-11-08,50
4782,2018-11-09,50
4783,2018-11-10,50
4784,2018-11-11,50
4785,2018-11-12,50
4786,2018-11-13,50
4787,2018-11-14,50
4788,2018-11-15,50
4789,2018-11-16,50
4790,2018-11-17,50
4791,2018-11-18,50
4792,2018-11-19,50
4793,2018-11-20,50
4794,2018-11-21,50
4795,2018-11-22,50
4796,2018-11-23,50
4797,2018-11-24,50
4798,2018-11-25,50
4799,2018-11-26,50
4800,2018-11-27,50
4801,2018-11-28,50
4802,2018-11-29,50
4803,2018-11-30,50
4804,2018-11-30,50
4805,2018-12-01,50
4806,2018-12-02,50
4807,2018-12-03,50
4808,2018-12-04,50
4809,2018-12-05,50
4810,2018-12-06,50
4811,2018-12-07,50
4812,2018-12-08,50
4813,2018-12-09,50
4814,2018-12-10,50
4815,2018-12-11,50
4816,2018-12-12,50
4817,2018-12-13,50
4818,2018-12-14,50
4819,2018-12-15,50
4820,2018-12-16,50
4821,2018-12-17,50
4822,2018-12-18,50
4823,2018-12-19,50
4824,2018-12-20,50
4825,2018-12-21,50
4826,2018-12-22,50
4827,2018-12-23,50
4828,2018-12-24,50
4829,2018-12-25,50
4830,2018-12-26,50
4831,2018-12-27,50
4832,2018-12-28,50
4833,2018-12-29,50
4834,2018-12-30,50
4835,2018-12-31,50
4836,2019-01-01,13
4837,2019-01-02,13
4838,2019-01-03,13
4839,2019-01-04,13
4840,2019-01-05,13
4841,2019-01-06,13
4842,2019-01-07,13
4843,2019-01-08,12.2222222222222
4844,2019-01-09,10.7777777777778
4845,2019-01-10,10
4846,2019-01-11,10
4847,2019-01-12,10
4848,2019-01-13,10
4849,2019-01-14,10
4850,2019-01-15,10
4851,2019-01-16,10
4852,2019-01-17,10
4853,2019-01-18,12
4854,2019-01-19,12
4855,2019-01-20,12
4856,2019-01-21,12
4857,2019-01-22,12
4858,2019-01-23,12
4859,2019-01-24,10
4860,2019-01-25,9.17613636363637
4861,2019-01-26,8.54545454545455
4862,2019-01-27,8.14204545454546
4863,2019-01-28,8
4864,2019-01-29,9
4865,2019-01-30,8
4866,2019-01-31,8
4867,2019-02-01,8
4868,2019-02-02,8
4869,2019-02-03,8.65384615384616
4870,2019-02-04,10
4871,2019-02-05,12
4872,2019-02-06,10
4873,2019-02-07,10
4874,2019-02-08,10
4875,2019-02-09,10
4876,2019-02-10,10
4877,2019-02-11,10
4878,2019-02-12,10
4879,2019-02-13,10
4880,2019-02-14,10
4881,2019-02-15,10
4882,2019-02-16,10
4883,2019-02-17,10
4884,2019-02-18,10
4885,2019-02-19,12
4886,2019-02-20,12
4887,2019-02-21,12
4888,2019-02-22,12
4889,2019-02-23,12
4890,2019-02-24,11
4891,2019-02-25,10
4892,2019-02-26,10
4893,2019-02-27,10
4894,2019-02-28,10
4895,2019-03-01,10
4896,2019-03-02,10
4897,2019-03-03,10.5185185185185
4898,2019-03-04,11.4814814814815
4899,2019-03-05,12
4900,2019-03-06,10
4901,2019-03-07,12
4902,2019-03-08,12
4903,2019-03-09,12
4904,2019-03-10,12
4905,2019-03-11,12
4906,2019-03-12,12
4907,2019-03-13,12
4908,2019-03-14,12
4909,2019-03-15,12
4910,2019-03-16,12
4911,2019-03-17,12
4912,2019-03-18,12
4913,2019-03-19,12
4914,2019-03-20,12
4915,2019-03-21,12
4916,2019-03-22,12
4917,2019-03-23,12
4918,2019-03-24,12.3269230769231
4919,2019-03-25,13
4920,2019-03-26,14
4921,2019-03-27,13
4922,2019-03-28,13
4923,2019-03-29,12
4924,2019-03-30,13
4925,2019-03-31,13
4926,2019-04-01,13
4927,2019-04-02,14
4928,2019-04-03,14
4929,2019-04-04,14
4930,2019-04-05,14
4931,2019-04-06,14.1380471380471
4932,2019-04-07,14.4983164983165
4933,2019-04-08,15
4934,2019-04-09,16
4935,2019-04-10,15
4936,2019-04-11,14
4937,2019-04-12,14
4938,2019-04-13,14
4939,2019-04-14,13
4940,2019-04-15,12
4941,2019-04-16,12
4942,2019-04-17,12
4943,2019-04-18,12
4944,2019-04-19,12
4945,2019-04-20,12
4946,2019-04-21,12.3269230769231
4947,2019-04-22,13
4948,2019-04-23,14
4949,2019-04-24,14.6730769230769
4950,2019-04-25,15
4951,2019-04-26,15
4952,2019-04-27,15
4953,2019-04-28,15
4954,2019-04-29,15
4955,2019-04-30,15
4956,2019-05-01,14
4957,2019-05-02,13
4958,2019-05-03,14
4959,2019-05-04,15
4960,2019-05-05,15
4961,2019-05-06,15
4962,2019-05-07,15
4963,2019-05-08,13
4964,2019-05-09,13
4965,2019-05-10,13
4966,2019-05-11,14
4967,2019-05-12,14.6730769230769
4968,2019-05-13,15
4969,2019-05-14,15
4970,2019-05-15,15
4971,2019-05-16,15
4972,2019-05-17,15
4973,2019-05-18,15
4974,2019-05-19,15
4975,2019-05-20,15
4976,2019-05-21,15
4977,2019-05-22,15
4978,2019-05-23,15
4979,2019-05-24,15
4980,2019-05-25,15
4981,2019-05-26,17.5
4982,2019-05-27,20
4983,2019-05-28,20
4984,2019-05-29,20
4985,2019-05-30,20
4986,2019-05-31,18
4987,2019-06-01,18
4988,2019-06-02,18
4989,2019-06-03,18
4990,2019-06-04,18
4991,2019-06-05,18
4992,2019-06-06,18
4993,2019-06-07,18
4994,2019-06-08,18
4995,2019-06-09,18
4996,2019-06-10,18
4997,2019-06-11,18
4998,2019-06-12,18
4999,2019-06-13,18
5000,2019-06-14,18
5001,2019-06-15,18
5002,2019-06-16,18
5003,2019-06-17,18
5004,2019-06-18,18
5005,2019-06-19,18
5006,2019-06-20,18
5007,2019-06-21,18
5008,2019-06-22,18
5009,2019-06-23,18
5010,2019-06-24,18
5011,2019-06-25,18
5012,2019-06-26,18
5013,2019-06-27,18
5014,2019-06-28,18
5015,2019-06-29,18
5016,2019-06-30,18
